# CodeQL Models-as-Data for java, imported by `codegraph models import-codeql`.
# Source: https://github.com/github/codeql @ 0580587ec936ae33ddf096795e6f65d0164463ee
# Copyright (c) GitHub, Inc. — MIT License, see NOTICE.
# role	namespace	type	subtypes	name	arity	input	output	kind	flags
source	android.content	Context	1	getExternalCacheDir	0	-	ret	android-external-storage-dir	-
source	android.content	Context	1	getExternalCacheDirs	0	-	ret	android-external-storage-dir	-
source	android.content	Context	1	getExternalFilesDir	1	-	ret	android-external-storage-dir	-
source	android.content	Context	1	getExternalFilesDirs	1	-	ret	android-external-storage-dir	-
source	android.os	Environment	0	getExternalStorageDirectory	0	-	ret	android-external-storage-dir	-
source	android.os	Environment	0	getExternalStoragePublicDirectory	1	-	ret	android-external-storage-dir	-
source	android.util	AttributeSet	0	getAttributeBooleanValue	-	-	ret	remote	-
source	android.util	AttributeSet	0	getAttributeCount	-	-	ret	remote	-
source	android.util	AttributeSet	0	getAttributeFloatValue	-	-	ret	remote	-
source	android.util	AttributeSet	0	getAttributeIntValue	-	-	ret	remote	-
source	android.util	AttributeSet	0	getAttributeListValue	-	-	ret	remote	-
source	android.util	AttributeSet	0	getAttributeName	-	-	ret	remote	-
source	android.util	AttributeSet	0	getAttributeNameResource	-	-	ret	remote	-
source	android.util	AttributeSet	0	getAttributeNamespace	-	-	ret	remote	-
source	android.util	AttributeSet	0	getAttributeResourceValue	-	-	ret	remote	-
source	android.util	AttributeSet	0	getAttributeUnsignedIntValue	-	-	ret	remote	-
source	android.util	AttributeSet	0	getAttributeValue	-	-	ret	remote	-
source	android.util	AttributeSet	0	getClassAttribute	-	-	ret	remote	-
source	android.util	AttributeSet	0	getIdAttribute	-	-	ret	remote	-
source	android.util	AttributeSet	0	getIdAttributeResourceValue	-	-	ret	remote	-
source	android.util	AttributeSet	0	getPositionDescription	-	-	ret	remote	-
source	android.util	AttributeSet	0	getStyleAttribute	-	-	ret	remote	-
source	android.webkit	WebView	1	getOriginalUrl	0	-	ret	remote	-
source	android.webkit	WebView	1	getUrl	0	-	ret	remote	-
source	android.widget	EditText	1	getText	-	-	ret	remote	-
source	com.rabbitmq.client	Command	1	getContentBody	0	-	ret	remote	-
source	com.rabbitmq.client	Command	1	getContentHeader	0	-	ret	remote	-
source	com.rabbitmq.client	QueueingConsumer	1	nextDelivery	-	-	ret	remote	-
source	com.rabbitmq.client	RpcClient	1	doCall	-	-	ret	remote	-
source	com.rabbitmq.client	RpcClient	1	mapCall	-	-	ret	remote	-
source	com.rabbitmq.client	RpcClient	1	primitiveCall	-	-	ret	remote	-
source	com.rabbitmq.client	RpcClient	1	responseCall	-	-	ret	remote	-
source	com.rabbitmq.client	RpcClient	1	stringCall	1	-	ret	remote	-
source	com.rabbitmq.client.impl	Frame	1	getInputStream	0	-	ret	remote	-
source	com.rabbitmq.client.impl	Frame	1	getPayload	0	-	ret	remote	-
source	com.rabbitmq.client.impl	FrameHandler	1	readFrame	0	-	ret	remote	-
source	hudson	FilePath	0	newInputStreamDenyingSymlinkAsNeeded	-	-	ret	file	-
source	hudson	FilePath	0	openInputStream	-	-	ret	file	-
source	hudson	FilePath	0	read	-	-	ret	file	-
source	hudson	FilePath	0	readFromOffset	-	-	ret	file	-
source	hudson	FilePath	0	readToString	-	-	ret	file	-
source	io.micronaut.http	HttpRequest	1	getBody	-	-	ret	remote	-
source	io.micronaut.http	HttpRequest	1	getContentLength	-	-	ret	remote	-
source	io.micronaut.http	HttpRequest	1	getContentType	-	-	ret	remote	-
source	io.micronaut.http	HttpRequest	1	getCookies	-	-	ret	remote	-
source	io.micronaut.http	HttpRequest	1	getHeaders	-	-	ret	remote	-
source	io.micronaut.http	HttpRequest	1	getMethodName	-	-	ret	remote	-
source	io.micronaut.http	HttpRequest	1	getParameters	-	-	ret	remote	-
source	io.micronaut.http	HttpRequest	1	getPath	-	-	ret	remote	-
source	io.micronaut.http	HttpRequest	1	getUri	-	-	ret	remote	-
source	io.micronaut.http.multipart	CompletedFileUpload	1	getBytes	-	-	ret	remote	-
source	io.micronaut.http.multipart	CompletedFileUpload	1	getContentType	-	-	ret	remote	-
source	io.micronaut.http.multipart	CompletedFileUpload	1	getFilename	-	-	ret	remote	-
source	io.micronaut.http.multipart	CompletedFileUpload	1	getInputStream	-	-	ret	remote	-
source	io.micronaut.http.multipart	CompletedFileUpload	1	getSize	-	-	ret	remote	-
source	jakarta.faces.context	ExternalContext	1	getRequestCookieMap	0	-	ret	remote	-
source	jakarta.faces.context	ExternalContext	1	getRequestHeaderMap	0	-	ret	remote	-
source	jakarta.faces.context	ExternalContext	1	getRequestHeaderValuesMap	0	-	ret	remote	-
source	jakarta.faces.context	ExternalContext	1	getRequestParameterMap	0	-	ret	remote	-
source	jakarta.faces.context	ExternalContext	1	getRequestParameterNames	0	-	ret	remote	-
source	jakarta.faces.context	ExternalContext	1	getRequestParameterValuesMap	0	-	ret	remote	-
source	jakarta.faces.context	ExternalContext	1	getRequestPathInfo	0	-	ret	remote	-
source	jakarta.servlet	ServletRequest	0	getInputStream	0	-	ret	remote	-
source	jakarta.servlet	ServletRequest	0	getParameter	1	-	ret	remote	-
source	jakarta.servlet	ServletRequest	0	getParameterMap	0	-	ret	remote	-
source	jakarta.servlet	ServletRequest	0	getParameterNames	0	-	ret	remote	-
source	jakarta.servlet	ServletRequest	0	getParameterValues	1	-	ret	remote	-
source	jakarta.servlet	ServletRequest	0	getReader	0	-	ret	remote	-
source	jakarta.servlet.http	HttpServletRequest	0	getHeader	1	-	ret	remote	-
source	jakarta.servlet.http	HttpServletRequest	0	getHeaderNames	0	-	ret	remote	-
source	jakarta.servlet.http	HttpServletRequest	0	getHeaders	1	-	ret	remote	-
source	jakarta.servlet.http	HttpServletRequest	0	getParameter	1	-	ret	remote	-
source	jakarta.servlet.http	HttpServletRequest	0	getParameterMap	0	-	ret	remote	-
source	jakarta.servlet.http	HttpServletRequest	0	getParameterNames	0	-	ret	remote	-
source	jakarta.servlet.http	HttpServletRequest	0	getParameterValues	1	-	ret	remote	-
source	jakarta.servlet.http	HttpServletRequest	0	getPathInfo	0	-	ret	remote	-
source	jakarta.servlet.http	HttpServletRequest	0	getQueryString	0	-	ret	remote	-
source	jakarta.servlet.http	HttpServletRequest	0	getRemoteUser	0	-	ret	remote	-
source	jakarta.servlet.http	HttpServletRequest	0	getRequestURI	0	-	ret	remote	-
source	jakarta.servlet.http	HttpServletRequest	0	getRequestURL	0	-	ret	remote	-
source	jakarta.servlet.http	HttpServletRequest	1	getServletPath	0	-	ret	remote	-
source	jakarta.servlet.http	Part	1	getContentType	0	-	ret	remote	-
source	jakarta.servlet.http	Part	1	getHeader	1	-	ret	remote	-
source	jakarta.servlet.http	Part	1	getHeaderNames	0	-	ret	remote	-
source	jakarta.servlet.http	Part	1	getHeaders	1	-	ret	remote	-
source	jakarta.servlet.http	Part	1	getInputStream	0	-	ret	remote	-
source	jakarta.servlet.http	Part	1	getName	0	-	ret	remote	-
source	jakarta.servlet.http	Part	1	getSubmittedFileName	0	-	ret	remote	-
source	jakarta.ws.rs.container	ContainerRequestContext	1	getAcceptableLanguages	-	-	ret	remote	-
source	jakarta.ws.rs.container	ContainerRequestContext	1	getAcceptableMediaTypes	-	-	ret	remote	-
source	jakarta.ws.rs.container	ContainerRequestContext	1	getCookies	-	-	ret	remote	-
source	jakarta.ws.rs.container	ContainerRequestContext	1	getEntityStream	-	-	ret	remote	-
source	jakarta.ws.rs.container	ContainerRequestContext	1	getHeaderString	-	-	ret	remote	-
source	jakarta.ws.rs.container	ContainerRequestContext	1	getHeaders	-	-	ret	remote	-
source	jakarta.ws.rs.container	ContainerRequestContext	1	getLanguage	-	-	ret	remote	-
source	jakarta.ws.rs.container	ContainerRequestContext	1	getMediaType	-	-	ret	remote	-
source	jakarta.ws.rs.container	ContainerRequestContext	1	getUriInfo	-	-	ret	remote	-
source	java.io	FileInputStream	1	FileInputStream	-	-	recv	file	-
source	java.lang	System	0	getProperties	-	-	ret	environment	-
source	java.lang	System	0	getProperty	-	-	ret	environment	-
source	java.lang	System	0	getenv	-	-	ret	environment	-
source	java.net	Socket	0	getInputStream	0	-	ret	remote	-
source	java.net	URLConnection	0	getInputStream	0	-	ret	remote	-
source	java.sql	ResultSet	1	getString	-	-	ret	database	-
source	java.util	Properties	1	get	-	-	ret	environment	-
source	java.util	Properties	1	getProperty	-	-	ret	environment	-
source	javax.faces.context	ExternalContext	1	getRequestCookieMap	0	-	ret	remote	-
source	javax.faces.context	ExternalContext	1	getRequestHeaderMap	0	-	ret	remote	-
source	javax.faces.context	ExternalContext	1	getRequestHeaderValuesMap	0	-	ret	remote	-
source	javax.faces.context	ExternalContext	1	getRequestParameterMap	0	-	ret	remote	-
source	javax.faces.context	ExternalContext	1	getRequestParameterNames	0	-	ret	remote	-
source	javax.faces.context	ExternalContext	1	getRequestParameterValuesMap	0	-	ret	remote	-
source	javax.faces.context	ExternalContext	1	getRequestPathInfo	0	-	ret	remote	-
source	javax.jms	JMSConsumer	1	receive	-	-	ret	remote	-
source	javax.jms	JMSConsumer	1	receiveBody	-	-	ret	remote	-
source	javax.jms	JMSConsumer	1	receiveBodyNoWait	0	-	ret	remote	-
source	javax.jms	JMSConsumer	1	receiveNoWait	0	-	ret	remote	-
source	javax.jms	MessageConsumer	1	receive	-	-	ret	remote	-
source	javax.jms	MessageConsumer	1	receiveNoWait	0	-	ret	remote	-
source	javax.jms	QueueRequestor	1	request	1	-	ret	remote	-
source	javax.jms	TopicRequestor	1	request	1	-	ret	remote	-
source	javax.servlet	ServletRequest	0	getInputStream	0	-	ret	remote	-
source	javax.servlet	ServletRequest	0	getParameter	1	-	ret	remote	-
source	javax.servlet	ServletRequest	0	getParameterMap	0	-	ret	remote	-
source	javax.servlet	ServletRequest	0	getParameterNames	0	-	ret	remote	-
source	javax.servlet	ServletRequest	0	getParameterValues	1	-	ret	remote	-
source	javax.servlet	ServletRequest	0	getReader	0	-	ret	remote	-
source	javax.servlet.http	Cookie	0	getComment	0	-	ret	remote	-
source	javax.servlet.http	Cookie	0	getName	0	-	ret	remote	-
source	javax.servlet.http	Cookie	0	getValue	0	-	ret	remote	-
source	javax.servlet.http	HttpServletRequest	0	getHeader	1	-	ret	remote	-
source	javax.servlet.http	HttpServletRequest	0	getHeaderNames	0	-	ret	remote	-
source	javax.servlet.http	HttpServletRequest	0	getHeaders	1	-	ret	remote	-
source	javax.servlet.http	HttpServletRequest	0	getParameter	1	-	ret	remote	-
source	javax.servlet.http	HttpServletRequest	0	getParameterMap	0	-	ret	remote	-
source	javax.servlet.http	HttpServletRequest	0	getParameterNames	0	-	ret	remote	-
source	javax.servlet.http	HttpServletRequest	0	getParameterValues	1	-	ret	remote	-
source	javax.servlet.http	HttpServletRequest	0	getPathInfo	0	-	ret	remote	-
source	javax.servlet.http	HttpServletRequest	0	getQueryString	0	-	ret	remote	-
source	javax.servlet.http	HttpServletRequest	0	getRemoteUser	0	-	ret	remote	-
source	javax.servlet.http	HttpServletRequest	0	getRequestURI	0	-	ret	remote	-
source	javax.servlet.http	HttpServletRequest	0	getRequestURL	0	-	ret	remote	-
source	javax.servlet.http	HttpServletRequest	0	getServletPath	0	-	ret	remote	-
source	javax.servlet.http	Part	0	getContentType	0	-	ret	remote	-
source	javax.servlet.http	Part	0	getHeader	1	-	ret	remote	-
source	javax.servlet.http	Part	0	getHeaderNames	0	-	ret	remote	-
source	javax.servlet.http	Part	0	getHeaders	1	-	ret	remote	-
source	javax.servlet.http	Part	0	getInputStream	0	-	ret	remote	-
source	javax.servlet.http	Part	0	getName	0	-	ret	remote	-
source	javax.servlet.http	Part	0	getSubmittedFileName	0	-	ret	remote	-
source	javax.ws.rs.container	ContainerRequestContext	1	getAcceptableLanguages	-	-	ret	remote	-
source	javax.ws.rs.container	ContainerRequestContext	1	getAcceptableMediaTypes	-	-	ret	remote	-
source	javax.ws.rs.container	ContainerRequestContext	1	getCookies	-	-	ret	remote	-
source	javax.ws.rs.container	ContainerRequestContext	1	getEntityStream	-	-	ret	remote	-
source	javax.ws.rs.container	ContainerRequestContext	1	getHeaderString	-	-	ret	remote	-
source	javax.ws.rs.container	ContainerRequestContext	1	getHeaders	-	-	ret	remote	-
source	javax.ws.rs.container	ContainerRequestContext	1	getLanguage	-	-	ret	remote	-
source	javax.ws.rs.container	ContainerRequestContext	1	getMediaType	-	-	ret	remote	-
source	javax.ws.rs.container	ContainerRequestContext	1	getUriInfo	-	-	ret	remote	-
source	org.apache.avro	Protocol	1	parse	1	-	ret	file	g
source	org.apache.avro	Schema	1	parse	1	-	ret	file	g
source	org.apache.avro	SchemaParser	1	parse	1	-	ret	file	g
source	org.apache.avro	SchemaParser	1	parse	2	-	ret	file	g
source	org.apache.avro	SchemaParser	1	parse	2	-	ret	remote	g
source	org.apache.avro	SchemaParser	1	parseSingle	1	-	ret	file	g
source	org.apache.avro.file	DataFileReader12	1	getMeta	1	-	ret	file	g
source	org.apache.avro.file	DataFileReader12	1	getMetaString	1	-	ret	file	g
source	org.apache.avro.file	DataFileReader12	1	next	0	-	ret	file	g
source	org.apache.avro.file	DataFileReader12	1	next	1	-	ret	file	g
source	org.apache.avro.file	DataFileStream	1	getMeta	1	-	ret	file	g
source	org.apache.avro.file	DataFileStream	1	getMetaString	1	-	ret	file	g
source	org.apache.avro.file	DataFileStream	1	next	0	-	ret	file	g
source	org.apache.avro.file	DataFileStream	1	next	1	-	ret	file	g
source	org.apache.avro.file	DataFileStream	1	nextBlock	0	-	ret	file	g
source	org.apache.avro.file	FileReader	1	next	1	-	ret	file	g
source	org.apache.avro.util	RandomData	1	main	1	-	arg0	commandargs	g
source	org.apache.commons.fileupload	FileItem	1	get	0	-	ret	remote	-
source	org.apache.commons.fileupload	FileItem	1	getContentType	0	-	ret	remote	-
source	org.apache.commons.fileupload	FileItem	1	getFieldName	0	-	ret	remote	-
source	org.apache.commons.fileupload	FileItem	1	getInputStream	0	-	ret	remote	-
source	org.apache.commons.fileupload	FileItem	1	getName	0	-	ret	remote	-
source	org.apache.commons.fileupload	FileItem	1	getString	0	-	ret	remote	-
source	org.apache.commons.fileupload	FileItem	1	getString	1	-	ret	remote	-
source	org.apache.commons.fileupload	FileItemStream	1	getContentType	0	-	ret	remote	-
source	org.apache.commons.fileupload	FileItemStream	1	getFieldName	0	-	ret	remote	-
source	org.apache.commons.fileupload	FileItemStream	1	getName	0	-	ret	remote	-
source	org.apache.commons.fileupload	FileItemStream	1	openStream	0	-	ret	remote	-
source	org.apache.commons.net.ftp	FTPClient	1	listDirectories	0	-	ret	remote	-
source	org.apache.commons.net.ftp	FTPClient	1	listDirectories	1	-	ret	remote	-
source	org.apache.commons.net.ftp	FTPClient	1	listFiles	0	-	ret	remote	-
source	org.apache.commons.net.ftp	FTPClient	1	listFiles	1	-	ret	remote	-
source	org.apache.commons.net.ftp	FTPClient	1	listFiles	2	-	ret	remote	-
source	org.apache.commons.net.ftp	FTPClient	1	listNames	0	-	ret	remote	-
source	org.apache.commons.net.ftp	FTPClient	1	listNames	1	-	ret	remote	-
source	org.apache.commons.net.ftp	FTPClient	1	mlistDir	0	-	ret	remote	-
source	org.apache.commons.net.ftp	FTPClient	1	mlistDir	1	-	ret	remote	-
source	org.apache.commons.net.ftp	FTPClient	1	mlistDir	2	-	ret	remote	-
source	org.apache.commons.net.ftp	FTPClient	1	retrieveFile	2	-	arg1	remote	-
source	org.apache.commons.net.ftp	FTPClient	1	retrieveFileStream	1	-	ret	remote	-
source	org.apache.http	HttpEntity	0	getContent	0	-	ret	remote	-
source	org.apache.http	HttpMessage	0	getParams	0	-	ret	remote	-
source	org.apache.poi.extractor	ExtractorFactory	1	createExtractor	1	-	ret	file	g
source	org.apache.poi.extractor	ExtractorFactory	1	createExtractor	2	-	ret	file	g
source	org.apache.poi.extractor	MainExtractorFactory	1	create	2	-	ret	file	g
source	org.apache.poi.hssf.extractor	OldExcelExtractor	1	OldExcelExtractor	1	-	recv	file	g
source	org.apache.poi.poifs.filesystem	POIFSFileSystem	1	POIFSFileSystem	1	-	recv	file	g
source	org.apache.poi.poifs.filesystem	POIFSFileSystem	1	POIFSFileSystem	2	-	recv	file	g
source	org.apache.poi.poifs.macros	VBAMacroReader	1	VBAMacroReader	1	-	recv	file	g
source	org.apache.poi.poifs.nio	FileBackedDataSource	1	FileBackedDataSource	1	-	recv	file	g
source	org.apache.poi.poifs.nio	FileBackedDataSource	1	FileBackedDataSource	2	-	recv	file	g
source	org.apache.poi.sl.usermodel	SlideShowFactory	1	create	1	-	ret	file	g
source	org.apache.poi.sl.usermodel	SlideShowFactory	1	create	2	-	ret	file	g
source	org.apache.poi.sl.usermodel	SlideShowFactory	1	create	3	-	ret	file	g
source	org.apache.poi.ss.usermodel	WorkbookFactory	1	create	1	-	ret	file	g
source	org.apache.poi.ss.usermodel	WorkbookFactory	1	create	2	-	ret	file	g
source	org.apache.poi.ss.usermodel	WorkbookFactory	1	create	3	-	ret	file	g
source	org.apache.poi.util	DefaultTempFileCreationStrategy	1	getJavaIoTmpDir	0	-	ret	environment	g
source	org.apache.poi.util	HexRead	1	readData	1	-	ret	file	g
source	org.apache.poi.util	HexRead	1	readData	2	-	ret	file	g
source	org.apache.shiro.authc	AuthenticationToken	1	getCredentials	0	-	ret	remote	-
source	org.kohsuke.stapler	StaplerRequest	1	bindJSON	-	-	ret	remote	-
source	org.kohsuke.stapler	StaplerRequest	1	bindJSON	-	-	arg0	remote	-
source	org.kohsuke.stapler	StaplerRequest	1	bindJSONToList	-	-	ret	remote	-
source	org.kohsuke.stapler	StaplerRequest	1	bindParameters	-	-	ret	remote	-
source	org.kohsuke.stapler	StaplerRequest	1	bindParameters	-	-	arg0	remote	-
source	org.kohsuke.stapler	StaplerRequest	1	bindParametersToList	-	-	ret	remote	-
source	org.kohsuke.stapler	StaplerRequest	1	getFileItem	-	-	ret	remote	-
source	org.kohsuke.stapler	StaplerRequest	1	getOriginalRequestURI	-	-	ret	remote	-
source	org.kohsuke.stapler	StaplerRequest	1	getParameter	-	-	ret	remote	-
source	org.kohsuke.stapler	StaplerRequest	1	getParameterMap	-	-	ret	remote	-
source	org.kohsuke.stapler	StaplerRequest	1	getParameterNames	-	-	ret	remote	-
source	org.kohsuke.stapler	StaplerRequest	1	getParameterValues	-	-	ret	remote	-
source	org.kohsuke.stapler	StaplerRequest	1	getReferer	-	-	ret	remote	-
source	org.kohsuke.stapler	StaplerRequest	1	getRequestURIWithQueryString	-	-	ret	remote	-
source	org.kohsuke.stapler	StaplerRequest	1	getRequestURLWithQueryString	-	-	ret	remote	-
source	org.kohsuke.stapler	StaplerRequest	1	getRestOfPath	-	-	ret	remote	-
source	org.kohsuke.stapler	StaplerRequest	1	getSubmittedForm	-	-	ret	remote	-
source	org.springframework.security.web.savedrequest	SavedRequest	1	getCookies	-	-	ret	remote	-
source	org.springframework.security.web.savedrequest	SavedRequest	1	getHeaderNames	-	-	ret	remote	-
source	org.springframework.security.web.savedrequest	SavedRequest	1	getHeaderValues	-	-	ret	remote	-
source	org.springframework.security.web.savedrequest	SavedRequest	1	getParameterMap	-	-	ret	remote	-
source	org.springframework.security.web.savedrequest	SavedRequest	1	getParameterValues	-	-	ret	remote	-
source	org.springframework.security.web.savedrequest	SavedRequest	1	getRedirectUrl	-	-	ret	remote	-
source	org.springframework.web.client	RestTemplate	0	exchange	-	-	ret	remote	-
source	org.springframework.web.client	RestTemplate	0	getForEntity	-	-	ret	remote	-
source	org.springframework.web.client	RestTemplate	0	postForEntity	-	-	ret	remote	-
source	org.springframework.web.context.request	WebRequest	0	getDescription	-	-	ret	remote	-
source	org.springframework.web.context.request	WebRequest	0	getHeader	-	-	ret	remote	-
source	org.springframework.web.context.request	WebRequest	0	getHeaderNames	-	-	ret	remote	-
source	org.springframework.web.context.request	WebRequest	0	getHeaderValues	-	-	ret	remote	-
source	org.springframework.web.context.request	WebRequest	0	getParameter	-	-	ret	remote	-
source	org.springframework.web.context.request	WebRequest	0	getParameterMap	-	-	ret	remote	-
source	org.springframework.web.context.request	WebRequest	0	getParameterNames	-	-	ret	remote	-
source	org.springframework.web.context.request	WebRequest	0	getParameterValues	-	-	ret	remote	-
source	org.springframework.web.multipart	MultipartFile	1	getBytes	0	-	ret	remote	-
source	org.springframework.web.multipart	MultipartFile	1	getContentType	0	-	ret	remote	-
source	org.springframework.web.multipart	MultipartFile	1	getInputStream	0	-	ret	remote	-
source	org.springframework.web.multipart	MultipartFile	1	getName	0	-	ret	remote	-
source	org.springframework.web.multipart	MultipartFile	1	getOriginalFilename	0	-	ret	remote	-
source	org.springframework.web.multipart	MultipartFile	1	getResource	0	-	ret	remote	-
source	org.springframework.web.multipart	MultipartRequest	1	getFile	1	-	ret	remote	-
source	org.springframework.web.multipart	MultipartRequest	1	getFileMap	0	-	ret	remote	-
source	org.springframework.web.multipart	MultipartRequest	1	getFileNames	0	-	ret	remote	-
source	org.springframework.web.multipart	MultipartRequest	1	getFiles	1	-	ret	remote	-
source	org.springframework.web.multipart	MultipartRequest	1	getMultiFileMap	0	-	ret	remote	-
source	org.springframework.web.multipart	MultipartRequest	1	getMultipartContentType	1	-	ret	remote	-
source	org.springframework.web.util	UrlPathHelper	0	getLookupPathForRequest	-	-	ret	remote	-
source	org.springframework.web.util	UrlPathHelper	0	getOriginatingQueryString	-	-	ret	remote	-
source	org.springframework.web.util	UrlPathHelper	0	getOriginatingRequestUri	-	-	ret	remote	-
source	org.springframework.web.util	UrlPathHelper	0	getPathWithinApplication	-	-	ret	remote	-
source	org.springframework.web.util	UrlPathHelper	0	getPathWithinServletMapping	-	-	ret	remote	-
source	org.springframework.web.util	UrlPathHelper	0	getRequestUri	-	-	ret	remote	-
source	org.springframework.web.util	UrlPathHelper	0	getResolvedLookupPath	-	-	ret	remote	-
source	org.springframework.web.util	UrlPathHelper	0	getServletPath	-	-	ret	remote	-
source	org.springframework.web.util	UrlPathHelper	0	resolveAndCacheLookupPath	-	-	ret	remote	-
source	org.xmlpull.v1	XmlPullParser	0	getName	0	-	ret	remote	-
source	org.xmlpull.v1	XmlPullParser	0	getNamespace	0	-	ret	remote	-
source	org.xmlpull.v1	XmlPullParser	0	getText	0	-	ret	remote	-
source	play.mvc	Request	1	body	-	-	ret	remote	-
source	play.mvc	RequestHeader	1	cookie	-	-	ret	remote	-
source	play.mvc	RequestHeader	1	cookies	-	-	ret	remote	-
source	play.mvc	RequestHeader	1	getHeader	-	-	ret	remote	-
source	play.mvc	RequestHeader	1	getHeaders	-	-	ret	remote	-
source	play.mvc	RequestHeader	1	getQueryString	-	-	ret	remote	-
source	play.mvc	RequestHeader	1	header	-	-	ret	remote	-
source	play.mvc	RequestHeader	1	headers	-	-	ret	remote	-
source	play.mvc	RequestHeader	1	host	-	-	ret	remote	-
source	play.mvc	RequestHeader	1	path	-	-	ret	remote	-
source	play.mvc	RequestHeader	1	queryString	-	-	ret	remote	-
source	play.mvc	RequestHeader	1	remoteAddress	-	-	ret	remote	-
source	play.mvc	RequestHeader	1	uri	-	-	ret	remote	-
source	ratpack.core.handling	Context	1	parse	1	-	ret	remote	-
source	ratpack.core.handling	Context	1	parse	2	-	ret	remote	-
source	ratpack.core.http	Request	1	getBody	-	-	ret	remote	-
source	ratpack.core.http	Request	1	getContentLength	-	-	ret	remote	-
source	ratpack.core.http	Request	1	getCookies	-	-	ret	remote	-
source	ratpack.core.http	Request	1	getHeaders	-	-	ret	remote	-
source	ratpack.core.http	Request	1	getPath	-	-	ret	remote	-
source	ratpack.core.http	Request	1	getQuery	-	-	ret	remote	-
source	ratpack.core.http	Request	1	getQueryParams	-	-	ret	remote	-
source	ratpack.core.http	Request	1	getRawUri	-	-	ret	remote	-
source	ratpack.core.http	Request	1	getUri	-	-	ret	remote	-
source	ratpack.core.http	Request	1	oneCookie	-	-	ret	remote	-
source	ratpack.handling	Context	1	parse	1	-	ret	remote	-
source	ratpack.handling	Context	1	parse	2	-	ret	remote	-
source	ratpack.http	Request	1	getBody	-	-	ret	remote	-
source	ratpack.http	Request	1	getContentLength	-	-	ret	remote	-
source	ratpack.http	Request	1	getCookies	-	-	ret	remote	-
source	ratpack.http	Request	1	getHeaders	-	-	ret	remote	-
source	ratpack.http	Request	1	getPath	-	-	ret	remote	-
source	ratpack.http	Request	1	getQuery	-	-	ret	remote	-
source	ratpack.http	Request	1	getQueryParams	-	-	ret	remote	-
source	ratpack.http	Request	1	getRawUri	-	-	ret	remote	-
source	ratpack.http	Request	1	getUri	-	-	ret	remote	-
source	ratpack.http	Request	1	oneCookie	-	-	ret	remote	-
sink	android.app	Action	1	Action	3	arg1	-	notification	-
sink	android.app	Activity	1	bindService	-	arg0	-	intent-redirection	-
sink	android.app	Activity	1	bindServiceAsUser	-	arg0	-	intent-redirection	-
sink	android.app	Activity	1	setResult	2	arg1	-	pending-intents	-
sink	android.app	Activity	1	startActivityAsCaller	-	arg0	-	intent-redirection	-
sink	android.app	Activity	1	startActivityForResult	2	arg0	-	intent-redirection	-
sink	android.app	Activity	1	startActivityForResult	3	arg0	-	intent-redirection	-
sink	android.app	Activity	1	startActivityForResult	4	arg1	-	intent-redirection	-
sink	android.app	Activity	1	startActivityForResultAsUser	-	arg0	-	intent-redirection	-
sink	android.app	AlarmManager	1	set	3	arg2	-	pending-intents	-
sink	android.app	AlarmManager	1	setAlarmClock	-	arg1	-	pending-intents	-
sink	android.app	AlarmManager	1	setAndAllowWhileIdle	-	arg2	-	pending-intents	-
sink	android.app	AlarmManager	1	setExact	3	arg2	-	pending-intents	-
sink	android.app	AlarmManager	1	setExactAndAllowWhileIdle	-	arg2	-	pending-intents	-
sink	android.app	AlarmManager	1	setInexactRepeating	-	arg3	-	pending-intents	-
sink	android.app	AlarmManager	1	setRepeating	-	arg3	-	pending-intents	-
sink	android.app	AlarmManager	1	setWindow	4	arg3	-	pending-intents	-
sink	android.app	BigPictureStyle	1	setBigContentTitle	1	arg0	-	notification	-
sink	android.app	BigPictureStyle	1	setContentDescription	1	arg0	-	notification	-
sink	android.app	BigPictureStyle	1	setSummaryText	1	arg0	-	notification	-
sink	android.app	BigTextStyle	1	bigText	1	arg0	-	notification	-
sink	android.app	BigTextStyle	1	setBigContentTitle	1	arg0	-	notification	-
sink	android.app	BigTextStyle	1	setSummaryText	1	arg0	-	notification	-
sink	android.app	Builder	1	Builder	3	arg1	-	notification	-
sink	android.app	Builder	1	addAction	3	arg1	-	notification	-
sink	android.app	Builder	1	addExtras	1	arg0	-	notification	-
sink	android.app	Builder	1	setCategory	1	arg0	-	notification	-
sink	android.app	Builder	1	setChannelId	1	arg0	-	notification	-
sink	android.app	Builder	1	setContent	1	arg0	-	notification	-
sink	android.app	Builder	1	setContentInfo	1	arg0	-	notification	-
sink	android.app	Builder	1	setContentText	1	arg0	-	notification	-
sink	android.app	Builder	1	setContentTitle	1	arg0	-	notification	-
sink	android.app	Builder	1	setCustomBigContentView	1	arg0	-	notification	-
sink	android.app	Builder	1	setCustomContentView	1	arg0	-	notification	-
sink	android.app	Builder	1	setCustomHeadsUpContentView	1	arg0	-	notification	-
sink	android.app	Builder	1	setExtras	1	arg0	-	notification	-
sink	android.app	Builder	1	setGroup	1	arg0	-	notification	-
sink	android.app	Builder	1	setRemoteInputHistory	1	arg0	-	notification	-
sink	android.app	Builder	1	setSettingsText	1	arg0	-	notification	-
sink	android.app	Builder	1	setSortKey	1	arg0	-	notification	-
sink	android.app	Builder	1	setSubText	1	arg0	-	notification	-
sink	android.app	Builder	1	setTicker	1	arg0	-	notification	-
sink	android.app	Builder	1	setTicker	2	arg0	-	notification	-
sink	android.app	Builder	1	setTicker	2	arg1	-	notification	-
sink	android.app	CallStyle	1	setVerificationText	1	arg0	-	notification	-
sink	android.app	FragmentTransaction	1	add	2	arg0	-	fragment-injection	-
sink	android.app	FragmentTransaction	1	add	2	arg1	-	fragment-injection	-
sink	android.app	FragmentTransaction	1	add	3	arg0	-	fragment-injection	-
sink	android.app	FragmentTransaction	1	add	3	arg1	-	fragment-injection	-
sink	android.app	FragmentTransaction	1	add	4	arg1	-	fragment-injection	-
sink	android.app	FragmentTransaction	1	attach	1	arg0	-	fragment-injection	-
sink	android.app	FragmentTransaction	1	replace	2	arg1	-	fragment-injection	-
sink	android.app	FragmentTransaction	1	replace	3	arg1	-	fragment-injection	-
sink	android.app	FragmentTransaction	1	replace	4	arg1	-	fragment-injection	-
sink	android.app	InboxStyle	1	addLine	1	arg0	-	notification	-
sink	android.app	InboxStyle	1	setBigContentTitle	1	arg0	-	notification	-
sink	android.app	InboxStyle	1	setSummaryText	1	arg0	-	notification	-
sink	android.app	MediaStyle	1	setRemotePlaybackInfo	3	arg0	-	notification	-
sink	android.app	Message	1	Message	3	arg0	-	notification	-
sink	android.app	Message	1	Message	3	arg2	-	notification	-
sink	android.app	MessagingStyle	1	MessagingStyle	1	arg0	-	notification	-
sink	android.app	MessagingStyle	1	addMessage	3	arg0	-	notification	-
sink	android.app	MessagingStyle	1	addMessage	3	arg2	-	notification	-
sink	android.app	MessagingStyle	1	setConversationTitle	1	arg0	-	notification	-
sink	android.app	NotificationManager	1	notify	2	arg1	-	pending-intents	-
sink	android.app	NotificationManager	1	notify	3	arg2	-	pending-intents	-
sink	android.app	NotificationManager	1	notifyAsPackage	4	arg3	-	pending-intents	-
sink	android.app	NotificationManager	1	notifyAsUser	4	arg2	-	pending-intents	-
sink	android.app	PendingIntent	0	send	3	arg2	-	pending-intents	-
sink	android.app	PendingIntent	0	send	5	arg2	-	pending-intents	-
sink	android.app	PendingIntent	0	send	6	arg2	-	pending-intents	-
sink	android.app	PendingIntent	0	send	7	arg2	-	pending-intents	-
sink	android.content	ContentProvider	1	delete	3	arg1	-	sql-injection	-
sink	android.content	ContentProvider	1	query	5	arg2	-	sql-injection	-
sink	android.content	ContentProvider	1	query	6	arg2	-	sql-injection	-
sink	android.content	ContentProvider	1	update	4	arg2	-	sql-injection	-
sink	android.content	ContentResolver	1	delete	3	arg1	-	sql-injection	-
sink	android.content	ContentResolver	1	query	5	arg2	-	sql-injection	-
sink	android.content	ContentResolver	1	query	6	arg2	-	sql-injection	-
sink	android.content	ContentResolver	1	update	4	arg2	-	sql-injection	-
sink	android.content	Context	1	sendBroadcast	-	arg0	-	intent-redirection	-
sink	android.content	Context	1	sendBroadcastAsUser	-	arg0	-	intent-redirection	-
sink	android.content	Context	1	sendBroadcastWithMultiplePermissions	-	arg0	-	intent-redirection	-
sink	android.content	Context	1	sendStickyBroadcast	-	arg0	-	intent-redirection	-
sink	android.content	Context	1	sendStickyBroadcastAsUser	-	arg0	-	intent-redirection	-
sink	android.content	Context	1	sendStickyOrderedBroadcast	-	arg0	-	intent-redirection	-
sink	android.content	Context	1	sendStickyOrderedBroadcastAsUser	-	arg0	-	intent-redirection	-
sink	android.content	Context	1	startActivities	-	arg0	-	intent-redirection	-
sink	android.content	Context	1	startActivity	-	arg0	-	intent-redirection	-
sink	android.content	Context	1	startActivityAsUser	-	arg0	-	intent-redirection	-
sink	android.content	Context	1	startActivityFromChild	-	arg1	-	intent-redirection	-
sink	android.content	Context	1	startActivityFromFragment	-	arg1	-	intent-redirection	-
sink	android.content	Context	1	startActivityIfNeeded	-	arg0	-	intent-redirection	-
sink	android.content	Context	1	startForegroundService	-	arg0	-	intent-redirection	-
sink	android.content	Context	1	startService	-	arg0	-	intent-redirection	-
sink	android.content	Context	1	startServiceAsUser	-	arg0	-	intent-redirection	-
sink	android.database	DatabaseUtils	0	blobFileDescriptorForQuery	3	arg1	-	sql-injection	-
sink	android.database	DatabaseUtils	0	createDbFromSqlStatements	4	arg3	-	sql-injection	-
sink	android.database	DatabaseUtils	0	longForQuery	3	arg1	-	sql-injection	-
sink	android.database	DatabaseUtils	0	queryNumEntries	2	arg1	-	sql-injection	-
sink	android.database	DatabaseUtils	0	queryNumEntries	3	arg1	-	sql-injection	-
sink	android.database	DatabaseUtils	0	queryNumEntries	3	arg2	-	sql-injection	-
sink	android.database	DatabaseUtils	0	queryNumEntries	4	arg1	-	sql-injection	-
sink	android.database	DatabaseUtils	0	queryNumEntries	4	arg2	-	sql-injection	-
sink	android.database	DatabaseUtils	0	stringForQuery	3	arg1	-	sql-injection	-
sink	android.database.sqlite	SQLiteDatabase	0	compileStatement	1	arg0	-	sql-injection	-
sink	android.database.sqlite	SQLiteDatabase	0	delete	3	arg0	-	sql-injection	-
sink	android.database.sqlite	SQLiteDatabase	0	delete	3	arg1	-	sql-injection	-
sink	android.database.sqlite	SQLiteDatabase	0	execPerConnectionSQL	2	arg0	-	sql-injection	-
sink	android.database.sqlite	SQLiteDatabase	0	execSQL	1	arg0	-	sql-injection	-
sink	android.database.sqlite	SQLiteDatabase	0	execSQL	2	arg0	-	sql-injection	-
sink	android.database.sqlite	SQLiteDatabase	0	query	7	arg0	-	sql-injection	-
sink	android.database.sqlite	SQLiteDatabase	0	query	7	arg1	-	sql-injection	-
sink	android.database.sqlite	SQLiteDatabase	0	query	7	arg2	-	sql-injection	-
sink	android.database.sqlite	SQLiteDatabase	0	query	7	arg4	-	sql-injection	-
sink	android.database.sqlite	SQLiteDatabase	0	query	7	arg5	-	sql-injection	-
sink	android.database.sqlite	SQLiteDatabase	0	query	7	arg6	-	sql-injection	-
sink	android.database.sqlite	SQLiteDatabase	0	query	8	arg0	-	sql-injection	-
sink	android.database.sqlite	SQLiteDatabase	0	query	8	arg1	-	sql-injection	-
sink	android.database.sqlite	SQLiteDatabase	0	query	8	arg2	-	sql-injection	-
sink	android.database.sqlite	SQLiteDatabase	0	query	8	arg4	-	sql-injection	-
sink	android.database.sqlite	SQLiteDatabase	0	query	8	arg5	-	sql-injection	-
sink	android.database.sqlite	SQLiteDatabase	0	query	8	arg6	-	sql-injection	-
sink	android.database.sqlite	SQLiteDatabase	0	query	8	arg7	-	sql-injection	-
sink	android.database.sqlite	SQLiteDatabase	0	query	9	arg1	-	sql-injection	-
sink	android.database.sqlite	SQLiteDatabase	0	query	9	arg2	-	sql-injection	-
sink	android.database.sqlite	SQLiteDatabase	0	query	9	arg3	-	sql-injection	-
sink	android.database.sqlite	SQLiteDatabase	0	query	9	arg5	-	sql-injection	-
sink	android.database.sqlite	SQLiteDatabase	0	query	9	arg6	-	sql-injection	-
sink	android.database.sqlite	SQLiteDatabase	0	query	9	arg7	-	sql-injection	-
sink	android.database.sqlite	SQLiteDatabase	0	query	9	arg8	-	sql-injection	-
sink	android.database.sqlite	SQLiteDatabase	0	query	10	arg1	-	sql-injection	-
sink	android.database.sqlite	SQLiteDatabase	0	query	10	arg2	-	sql-injection	-
sink	android.database.sqlite	SQLiteDatabase	0	query	10	arg3	-	sql-injection	-
sink	android.database.sqlite	SQLiteDatabase	0	query	10	arg5	-	sql-injection	-
sink	android.database.sqlite	SQLiteDatabase	0	query	10	arg6	-	sql-injection	-
sink	android.database.sqlite	SQLiteDatabase	0	query	10	arg7	-	sql-injection	-
sink	android.database.sqlite	SQLiteDatabase	0	query	10	arg8	-	sql-injection	-
sink	android.database.sqlite	SQLiteDatabase	0	queryWithFactory	10	arg2	-	sql-injection	-
sink	android.database.sqlite	SQLiteDatabase	0	queryWithFactory	10	arg3	-	sql-injection	-
sink	android.database.sqlite	SQLiteDatabase	0	queryWithFactory	10	arg4	-	sql-injection	-
sink	android.database.sqlite	SQLiteDatabase	0	queryWithFactory	10	arg6	-	sql-injection	-
sink	android.database.sqlite	SQLiteDatabase	0	queryWithFactory	10	arg7	-	sql-injection	-
sink	android.database.sqlite	SQLiteDatabase	0	queryWithFactory	10	arg8	-	sql-injection	-
sink	android.database.sqlite	SQLiteDatabase	0	queryWithFactory	10	arg9	-	sql-injection	-
sink	android.database.sqlite	SQLiteDatabase	0	queryWithFactory	11	arg2	-	sql-injection	-
sink	android.database.sqlite	SQLiteDatabase	0	queryWithFactory	11	arg3	-	sql-injection	-
sink	android.database.sqlite	SQLiteDatabase	0	queryWithFactory	11	arg4	-	sql-injection	-
sink	android.database.sqlite	SQLiteDatabase	0	queryWithFactory	11	arg6	-	sql-injection	-
sink	android.database.sqlite	SQLiteDatabase	0	queryWithFactory	11	arg7	-	sql-injection	-
sink	android.database.sqlite	SQLiteDatabase	0	queryWithFactory	11	arg8	-	sql-injection	-
sink	android.database.sqlite	SQLiteDatabase	0	queryWithFactory	11	arg9	-	sql-injection	-
sink	android.database.sqlite	SQLiteDatabase	0	rawQuery	2	arg0	-	sql-injection	-
sink	android.database.sqlite	SQLiteDatabase	0	rawQuery	3	arg0	-	sql-injection	-
sink	android.database.sqlite	SQLiteDatabase	0	rawQueryWithFactory	4	arg1	-	sql-injection	-
sink	android.database.sqlite	SQLiteDatabase	0	rawQueryWithFactory	5	arg1	-	sql-injection	-
sink	android.database.sqlite	SQLiteDatabase	0	update	4	arg0	-	sql-injection	-
sink	android.database.sqlite	SQLiteDatabase	0	update	4	arg2	-	sql-injection	-
sink	android.database.sqlite	SQLiteDatabase	0	updateWithOnConflict	5	arg0	-	sql-injection	-
sink	android.database.sqlite	SQLiteDatabase	0	updateWithOnConflict	5	arg2	-	sql-injection	-
sink	android.database.sqlite	SQLiteQueryBuilder	1	delete	3	recv	-	sql-injection	-
sink	android.database.sqlite	SQLiteQueryBuilder	1	delete	3	arg1	-	sql-injection	-
sink	android.database.sqlite	SQLiteQueryBuilder	1	insert	2	recv	-	sql-injection	-
sink	android.database.sqlite	SQLiteQueryBuilder	1	query	7	recv	-	sql-injection	-
sink	android.database.sqlite	SQLiteQueryBuilder	1	query	7	arg1	-	sql-injection	-
sink	android.database.sqlite	SQLiteQueryBuilder	1	query	7	arg2	-	sql-injection	-
sink	android.database.sqlite	SQLiteQueryBuilder	1	query	7	arg4	-	sql-injection	-
sink	android.database.sqlite	SQLiteQueryBuilder	1	query	7	arg5	-	sql-injection	-
sink	android.database.sqlite	SQLiteQueryBuilder	1	query	7	arg6	-	sql-injection	-
sink	android.database.sqlite	SQLiteQueryBuilder	1	query	8	recv	-	sql-injection	-
sink	android.database.sqlite	SQLiteQueryBuilder	1	query	8	arg1	-	sql-injection	-
sink	android.database.sqlite	SQLiteQueryBuilder	1	query	8	arg2	-	sql-injection	-
sink	android.database.sqlite	SQLiteQueryBuilder	1	query	8	arg4	-	sql-injection	-
sink	android.database.sqlite	SQLiteQueryBuilder	1	query	8	arg5	-	sql-injection	-
sink	android.database.sqlite	SQLiteQueryBuilder	1	query	8	arg6	-	sql-injection	-
sink	android.database.sqlite	SQLiteQueryBuilder	1	query	8	arg7	-	sql-injection	-
sink	android.database.sqlite	SQLiteQueryBuilder	1	query	9	recv	-	sql-injection	-
sink	android.database.sqlite	SQLiteQueryBuilder	1	query	9	arg1	-	sql-injection	-
sink	android.database.sqlite	SQLiteQueryBuilder	1	query	9	arg2	-	sql-injection	-
sink	android.database.sqlite	SQLiteQueryBuilder	1	query	9	arg4	-	sql-injection	-
sink	android.database.sqlite	SQLiteQueryBuilder	1	query	9	arg5	-	sql-injection	-
sink	android.database.sqlite	SQLiteQueryBuilder	1	query	9	arg6	-	sql-injection	-
sink	android.database.sqlite	SQLiteQueryBuilder	1	query	9	arg7	-	sql-injection	-
sink	android.database.sqlite	SQLiteQueryBuilder	1	update	4	recv	-	sql-injection	-
sink	android.database.sqlite	SQLiteQueryBuilder	1	update	4	arg2	-	sql-injection	-
sink	android.os	ParcelFileDescriptor	0	open	-	arg0	-	path-injection	-
sink	android.support.v4.app	FragmentTransaction	1	add	2	arg0	-	fragment-injection	-
sink	android.support.v4.app	FragmentTransaction	1	add	2	arg1	-	fragment-injection	-
sink	android.support.v4.app	FragmentTransaction	1	add	3	arg0	-	fragment-injection	-
sink	android.support.v4.app	FragmentTransaction	1	add	3	arg1	-	fragment-injection	-
sink	android.support.v4.app	FragmentTransaction	1	add	4	arg1	-	fragment-injection	-
sink	android.support.v4.app	FragmentTransaction	1	attach	1	arg0	-	fragment-injection	-
sink	android.support.v4.app	FragmentTransaction	1	replace	2	arg1	-	fragment-injection	-
sink	android.support.v4.app	FragmentTransaction	1	replace	3	arg1	-	fragment-injection	-
sink	android.support.v4.app	FragmentTransaction	1	replace	4	arg1	-	fragment-injection	-
sink	android.util	Log	1	d	-	arg1	-	log-injection	-
sink	android.util	Log	1	e	-	arg1	-	log-injection	-
sink	android.util	Log	1	i	-	arg1	-	log-injection	-
sink	android.util	Log	1	v	-	arg1	-	log-injection	-
sink	android.util	Log	1	w	-	arg1	-	log-injection	-
sink	android.util	Log	1	wtf	-	arg1	-	log-injection	-
sink	android.webkit	WebView	1	evaluateJavascript	-	arg0	-	js-injection	-
sink	android.webkit	WebView	1	loadData	-	arg0	-	html-injection	-
sink	android.webkit	WebView	1	loadDataWithBaseURL	-	arg1	-	html-injection	-
sink	androidx.core.app	Action	1	Action	3	arg1	-	notification	-
sink	androidx.core.app	AlarmManagerCompat	1	setAlarmClock	-	arg2	-	pending-intents	-
sink	androidx.core.app	AlarmManagerCompat	1	setAlarmClock	-	arg3	-	pending-intents	-
sink	androidx.core.app	AlarmManagerCompat	1	setAndAllowWhileIdle	-	arg3	-	pending-intents	-
sink	androidx.core.app	AlarmManagerCompat	1	setExact	-	arg3	-	pending-intents	-
sink	androidx.core.app	AlarmManagerCompat	1	setExactAndAllowWhileIdle	-	arg3	-	pending-intents	-
sink	androidx.core.app	BigPictureStyle	1	setBigContentTitle	1	arg0	-	notification	-
sink	androidx.core.app	BigPictureStyle	1	setContentDescription	1	arg0	-	notification	-
sink	androidx.core.app	BigPictureStyle	1	setSummaryText	1	arg0	-	notification	-
sink	androidx.core.app	BigTextStyle	1	bigText	1	arg0	-	notification	-
sink	androidx.core.app	BigTextStyle	1	setBigContentTitle	1	arg0	-	notification	-
sink	androidx.core.app	BigTextStyle	1	setSummaryText	1	arg0	-	notification	-
sink	androidx.core.app	Builder	1	Builder	3	arg1	-	notification	-
sink	androidx.core.app	Builder	1	addAction	3	arg1	-	notification	-
sink	androidx.core.app	Builder	1	addExtras	1	arg0	-	notification	-
sink	androidx.core.app	Builder	1	setCategory	1	arg0	-	notification	-
sink	androidx.core.app	Builder	1	setChannelId	1	arg0	-	notification	-
sink	androidx.core.app	Builder	1	setContent	1	arg0	-	notification	-
sink	androidx.core.app	Builder	1	setContentInfo	1	arg0	-	notification	-
sink	androidx.core.app	Builder	1	setContentText	1	arg0	-	notification	-
sink	androidx.core.app	Builder	1	setContentTitle	1	arg0	-	notification	-
sink	androidx.core.app	Builder	1	setCustomBigContentView	1	arg0	-	notification	-
sink	androidx.core.app	Builder	1	setCustomContentView	1	arg0	-	notification	-
sink	androidx.core.app	Builder	1	setCustomHeadsUpContentView	1	arg0	-	notification	-
sink	androidx.core.app	Builder	1	setExtras	1	arg0	-	notification	-
sink	androidx.core.app	Builder	1	setGroup	1	arg0	-	notification	-
sink	androidx.core.app	Builder	1	setRemoteInputHistory	1	arg0	-	notification	-
sink	androidx.core.app	Builder	1	setSettingsText	1	arg0	-	notification	-
sink	androidx.core.app	Builder	1	setSortKey	1	arg0	-	notification	-
sink	androidx.core.app	Builder	1	setSubText	1	arg0	-	notification	-
sink	androidx.core.app	Builder	1	setTicker	1	arg0	-	notification	-
sink	androidx.core.app	Builder	1	setTicker	2	arg0	-	notification	-
sink	androidx.core.app	Builder	1	setTicker	2	arg1	-	notification	-
sink	androidx.core.app	CallStyle	1	setVerificationText	1	arg0	-	notification	-
sink	androidx.core.app	InboxStyle	1	addLine	1	arg0	-	notification	-
sink	androidx.core.app	InboxStyle	1	setBigContentTitle	1	arg0	-	notification	-
sink	androidx.core.app	InboxStyle	1	setSummaryText	1	arg0	-	notification	-
sink	androidx.core.app	Message	1	Message	3	arg0	-	notification	-
sink	androidx.core.app	Message	1	Message	3	arg2	-	notification	-
sink	androidx.core.app	MessagingStyle	1	MessagingStyle	1	arg0	-	notification	-
sink	androidx.core.app	MessagingStyle	1	addMessage	3	arg0	-	notification	-
sink	androidx.core.app	MessagingStyle	1	addMessage	3	arg2	-	notification	-
sink	androidx.core.app	MessagingStyle	1	setConversationTitle	1	arg0	-	notification	-
sink	androidx.core.app	NotificationManagerCompat	1	notify	2	arg1	-	pending-intents	-
sink	androidx.core.app	NotificationManagerCompat	1	notify	3	arg2	-	pending-intents	-
sink	androidx.fragment.app	FragmentTransaction	1	add	2	arg0	-	fragment-injection	-
sink	androidx.fragment.app	FragmentTransaction	1	add	2	arg1	-	fragment-injection	-
sink	androidx.fragment.app	FragmentTransaction	1	add	3	arg0	-	fragment-injection	-
sink	androidx.fragment.app	FragmentTransaction	1	add	3	arg1	-	fragment-injection	-
sink	androidx.fragment.app	FragmentTransaction	1	add	4	arg1	-	fragment-injection	-
sink	androidx.fragment.app	FragmentTransaction	1	attach	1	arg0	-	fragment-injection	-
sink	androidx.fragment.app	FragmentTransaction	1	replace	2	arg1	-	fragment-injection	-
sink	androidx.fragment.app	FragmentTransaction	1	replace	3	arg1	-	fragment-injection	-
sink	androidx.fragment.app	FragmentTransaction	1	replace	4	arg1	-	fragment-injection	-
sink	ch.ethz.ssh2	Connection	0	authenticateWithPassword	2	arg0	-	credentials-username	-
sink	ch.ethz.ssh2	Connection	0	authenticateWithPassword	2	arg1	-	credentials-password	-
sink	com.alibaba.com.caucho.hessian.io	AbstractHessianInput	1	readObject	-	recv	-	unsafe-deserialization	-
sink	com.alibaba.com.caucho.hessian.io	Hessian2StreamingInput	1	readObject	-	recv	-	unsafe-deserialization	-
sink	com.alibaba.druid.sql.repository	SchemaRepository	1	console	1	arg0	-	sql-injection	-
sink	com.amazonaws.auth	BasicAWSCredentials	0	BasicAWSCredentials	2	arg0	-	credentials-key	-
sink	com.amazonaws.auth	BasicAWSCredentials	0	BasicAWSCredentials	2	arg1	-	credentials-key	-
sink	com.auth0.jwt.algorithms	Algorithm	0	HMAC256	1	arg0	-	credentials-key	-
sink	com.auth0.jwt.algorithms	Algorithm	0	HMAC384	1	arg0	-	credentials-key	-
sink	com.auth0.jwt.algorithms	Algorithm	0	HMAC512	1	arg0	-	credentials-key	-
sink	com.azure.identity	ClientSecretCredentialBuilder	0	clientSecret	1	arg0	-	credentials-key	-
sink	com.azure.identity	UsernamePasswordCredentialBuilder	0	password	1	arg0	-	credentials-password	-
sink	com.azure.identity	UsernamePasswordCredentialBuilder	0	username	1	arg0	-	credentials-username	-
sink	com.caucho.burlap.io	BurlapInput	1	readObject	-	recv	-	unsafe-deserialization	-
sink	com.caucho.hessian.io	AbstractHessianInput	1	readObject	-	recv	-	unsafe-deserialization	-
sink	com.caucho.hessian.io	Hessian2StreamingInput	1	readObject	-	recv	-	unsafe-deserialization	-
sink	com.cedarsoftware.util.io	JsonReader	0	jsonToJava	-	arg0	-	unsafe-deserialization	-
sink	com.cedarsoftware.util.io	JsonReader	1	readObject	-	recv	-	unsafe-deserialization	-
sink	com.couchbase.client.core.env	Builder	1	password	1	arg0	-	credentials-password	-
sink	com.couchbase.client.core.env	Builder	1	username	1	arg0	-	credentials-username	-
sink	com.couchbase.client.core.env	CertificateAuthenticator	1	fromKey	3	arg1	-	credentials-password	-
sink	com.couchbase.client.core.env	CertificateAuthenticator	1	fromKeyStore	2	arg1	-	credentials-password	-
sink	com.couchbase.client.core.env	CertificateAuthenticator	1	fromKeyStore	3	arg1	-	credentials-password	-
sink	com.couchbase.client.core.env	PasswordAuthenticator	1	builder	2	arg0	-	credentials-username	-
sink	com.couchbase.client.core.env	PasswordAuthenticator	1	builder	2	arg1	-	credentials-password	-
sink	com.couchbase.client.core.env	PasswordAuthenticator	1	create	2	arg0	-	credentials-username	-
sink	com.couchbase.client.core.env	PasswordAuthenticator	1	create	2	arg1	-	credentials-password	-
sink	com.couchbase.client.core.env	PasswordAuthenticator	1	ldapCompatible	2	arg0	-	credentials-username	-
sink	com.couchbase.client.core.env	PasswordAuthenticator	1	ldapCompatible	2	arg1	-	credentials-password	-
sink	com.couchbase.client.java	Cluster	1	analyticsQuery	1	arg0	-	sql-injection	-
sink	com.couchbase.client.java	Cluster	1	analyticsQuery	2	arg0	-	sql-injection	-
sink	com.couchbase.client.java	Cluster	1	connect	3	arg1	-	credentials-username	-
sink	com.couchbase.client.java	Cluster	1	connect	3	arg2	-	credentials-password	-
sink	com.couchbase.client.java	Cluster	1	query	1	arg0	-	sql-injection	-
sink	com.couchbase.client.java	Cluster	1	query	2	arg0	-	sql-injection	-
sink	com.couchbase.client.java	Cluster	1	queryStreaming	2	arg0	-	sql-injection	-
sink	com.couchbase.client.java	Cluster	1	queryStreaming	3	arg0	-	sql-injection	-
sink	com.couchbase.client.java	ClusterOptions	1	clusterOptions	2	arg0	-	credentials-username	-
sink	com.couchbase.client.java	ClusterOptions	1	clusterOptions	2	arg1	-	credentials-password	-
sink	com.esotericsoftware.yamlbeans	YamlReader	1	read	-	recv	-	unsafe-deserialization	-
sink	com.fasterxml.jackson.databind	ObjectMapper	1	readValue	2	arg0	-	path-injection	-
sink	com.fasterxml.jackson.databind	ObjectMapper	1	writeValue	2	arg0	-	path-injection	-
sink	com.google.common.base	MapSplitter	0	split	1	recv	-	regex-use	a
sink	com.google.common.base	Splitter	0	onPattern	1	arg0	-	regex-use	a
sink	com.google.common.base	Splitter	0	split	1	recv	-	regex-use	a
sink	com.google.common.base	Splitter	0	splitToList	1	recv	-	regex-use	a
sink	com.google.common.flogger	LoggingApi	1	log	-	arg0	-	log-injection	-
sink	com.google.common.flogger	LoggingApi	1	log	2	arg1	-	log-injection	-
sink	com.google.common.flogger	LoggingApi	1	log	3	arg1	-	log-injection	-
sink	com.google.common.flogger	LoggingApi	1	log	3	arg2	-	log-injection	-
sink	com.google.common.flogger	LoggingApi	1	log	4	arg1	-	log-injection	-
sink	com.google.common.flogger	LoggingApi	1	log	4	arg2	-	log-injection	-
sink	com.google.common.flogger	LoggingApi	1	log	4	arg3	-	log-injection	-
sink	com.google.common.flogger	LoggingApi	1	log	5	arg1	-	log-injection	-
sink	com.google.common.flogger	LoggingApi	1	log	5	arg2	-	log-injection	-
sink	com.google.common.flogger	LoggingApi	1	log	5	arg3	-	log-injection	-
sink	com.google.common.flogger	LoggingApi	1	log	5	arg4	-	log-injection	-
sink	com.google.common.flogger	LoggingApi	1	log	6	arg1	-	log-injection	-
sink	com.google.common.flogger	LoggingApi	1	log	6	arg2	-	log-injection	-
sink	com.google.common.flogger	LoggingApi	1	log	6	arg3	-	log-injection	-
sink	com.google.common.flogger	LoggingApi	1	log	6	arg4	-	log-injection	-
sink	com.google.common.flogger	LoggingApi	1	log	6	arg5	-	log-injection	-
sink	com.google.common.flogger	LoggingApi	1	log	7	arg1	-	log-injection	-
sink	com.google.common.flogger	LoggingApi	1	log	7	arg2	-	log-injection	-
sink	com.google.common.flogger	LoggingApi	1	log	7	arg3	-	log-injection	-
sink	com.google.common.flogger	LoggingApi	1	log	7	arg4	-	log-injection	-
sink	com.google.common.flogger	LoggingApi	1	log	7	arg5	-	log-injection	-
sink	com.google.common.flogger	LoggingApi	1	log	7	arg6	-	log-injection	-
sink	com.google.common.flogger	LoggingApi	1	log	8	arg1	-	log-injection	-
sink	com.google.common.flogger	LoggingApi	1	log	8	arg2	-	log-injection	-
sink	com.google.common.flogger	LoggingApi	1	log	8	arg3	-	log-injection	-
sink	com.google.common.flogger	LoggingApi	1	log	8	arg4	-	log-injection	-
sink	com.google.common.flogger	LoggingApi	1	log	8	arg5	-	log-injection	-
sink	com.google.common.flogger	LoggingApi	1	log	8	arg6	-	log-injection	-
sink	com.google.common.flogger	LoggingApi	1	log	8	arg7	-	log-injection	-
sink	com.google.common.flogger	LoggingApi	1	log	9	arg1	-	log-injection	-
sink	com.google.common.flogger	LoggingApi	1	log	9	arg2	-	log-injection	-
sink	com.google.common.flogger	LoggingApi	1	log	9	arg3	-	log-injection	-
sink	com.google.common.flogger	LoggingApi	1	log	9	arg4	-	log-injection	-
sink	com.google.common.flogger	LoggingApi	1	log	9	arg5	-	log-injection	-
sink	com.google.common.flogger	LoggingApi	1	log	9	arg6	-	log-injection	-
sink	com.google.common.flogger	LoggingApi	1	log	9	arg7	-	log-injection	-
sink	com.google.common.flogger	LoggingApi	1	log	9	arg8	-	log-injection	-
sink	com.google.common.flogger	LoggingApi	1	log	10	arg1	-	log-injection	-
sink	com.google.common.flogger	LoggingApi	1	log	10	arg2	-	log-injection	-
sink	com.google.common.flogger	LoggingApi	1	log	10	arg3	-	log-injection	-
sink	com.google.common.flogger	LoggingApi	1	log	10	arg4	-	log-injection	-
sink	com.google.common.flogger	LoggingApi	1	log	10	arg5	-	log-injection	-
sink	com.google.common.flogger	LoggingApi	1	log	10	arg6	-	log-injection	-
sink	com.google.common.flogger	LoggingApi	1	log	10	arg7	-	log-injection	-
sink	com.google.common.flogger	LoggingApi	1	log	10	arg8	-	log-injection	-
sink	com.google.common.flogger	LoggingApi	1	log	10	arg9	-	log-injection	-
sink	com.google.common.flogger	LoggingApi	1	log	11	arg1	-	log-injection	-
sink	com.google.common.flogger	LoggingApi	1	log	11	arg2	-	log-injection	-
sink	com.google.common.flogger	LoggingApi	1	log	11	arg3	-	log-injection	-
sink	com.google.common.flogger	LoggingApi	1	log	11	arg4	-	log-injection	-
sink	com.google.common.flogger	LoggingApi	1	log	11	arg5	-	log-injection	-
sink	com.google.common.flogger	LoggingApi	1	log	11	arg6	-	log-injection	-
sink	com.google.common.flogger	LoggingApi	1	log	11	arg7	-	log-injection	-
sink	com.google.common.flogger	LoggingApi	1	log	11	arg8	-	log-injection	-
sink	com.google.common.flogger	LoggingApi	1	log	11	arg9	-	log-injection	-
sink	com.google.common.flogger	LoggingApi	1	log	11	arg10	-	log-injection	-
sink	com.google.common.flogger	LoggingApi	1	log	12	arg1	-	log-injection	-
sink	com.google.common.flogger	LoggingApi	1	log	12	arg2	-	log-injection	-
sink	com.google.common.flogger	LoggingApi	1	log	12	arg3	-	log-injection	-
sink	com.google.common.flogger	LoggingApi	1	log	12	arg4	-	log-injection	-
sink	com.google.common.flogger	LoggingApi	1	log	12	arg5	-	log-injection	-
sink	com.google.common.flogger	LoggingApi	1	log	12	arg6	-	log-injection	-
sink	com.google.common.flogger	LoggingApi	1	log	12	arg7	-	log-injection	-
sink	com.google.common.flogger	LoggingApi	1	log	12	arg8	-	log-injection	-
sink	com.google.common.flogger	LoggingApi	1	log	12	arg9	-	log-injection	-
sink	com.google.common.flogger	LoggingApi	1	log	12	arg10	-	log-injection	-
sink	com.google.common.flogger	LoggingApi	1	log	12	arg11	-	log-injection	-
sink	com.google.common.flogger	LoggingApi	1	logVarargs	-	arg0	-	log-injection	-
sink	com.google.common.flogger	LoggingApi	1	logVarargs	-	arg1	-	log-injection	-
sink	com.google.common.io	Files	0	asByteSink	2	arg0	-	path-injection	-
sink	com.google.common.io	Files	0	asCharSink	3	arg0	-	path-injection	-
sink	com.google.common.io	Files	0	asCharSource	2	arg0	-	path-injection	a
sink	com.google.common.io	Files	0	copy	2	arg0	-	path-injection	a
sink	com.google.common.io	Files	0	newWriter	2	arg0	-	path-injection	-
sink	com.google.common.io	Files	0	readLines	2	arg0	-	path-injection	a
sink	com.google.common.io	Files	0	toByteArray	1	arg0	-	path-injection	a
sink	com.google.common.io	Files	0	toString	2	arg0	-	path-injection	a
sink	com.google.common.io	Files	0	write	2	arg0	-	file-content-store	-
sink	com.google.common.io	Files	0	write	2	arg1	-	path-injection	-
sink	com.hubspot.jinjava	Jinjava	1	render	-	arg0	-	template-injection	-
sink	com.hubspot.jinjava	Jinjava	1	renderForResult	-	arg0	-	template-injection	-
sink	com.jcraft.jsch	JSch	1	getSession	2	arg0	-	credentials-username	-
sink	com.jcraft.jsch	JSch	1	getSession	3	arg0	-	credentials-username	-
sink	com.jcraft.jsch	JSch	1	getSession	3	arg1	-	request-forgery	-
sink	com.jcraft.jsch	Session	0	setPassword	1	arg0	-	credentials-password	-
sink	com.microsoft.sqlserver.jdbc	SQLServerDataSource	0	getConnection	2	arg0	-	credentials-username	-
sink	com.microsoft.sqlserver.jdbc	SQLServerDataSource	0	getConnection	2	arg1	-	credentials-password	-
sink	com.microsoft.sqlserver.jdbc	SQLServerDataSource	0	setPassword	1	arg0	-	credentials-password	-
sink	com.microsoft.sqlserver.jdbc	SQLServerDataSource	0	setUser	1	arg0	-	credentials-username	-
sink	com.mitchellbosecke.pebble	PebbleEngine	1	getLiteralTemplate	-	arg0	-	template-injection	-
sink	com.mitchellbosecke.pebble	PebbleEngine	1	getTemplate	-	arg0	-	template-injection	-
sink	com.mongodb	MongoCredential	0	createCredential	3	arg0	-	credentials-username	-
sink	com.mongodb	MongoCredential	0	createCredential	3	arg2	-	credentials-password	-
sink	com.mongodb	MongoCredential	0	createGSSAPICredential	1	arg0	-	credentials-username	-
sink	com.mongodb	MongoCredential	0	createMongoCRCredential	3	arg0	-	credentials-username	-
sink	com.mongodb	MongoCredential	0	createMongoCRCredential	3	arg2	-	credentials-password	-
sink	com.mongodb	MongoCredential	0	createMongoX509Credential	1	arg0	-	credentials-username	-
sink	com.mongodb	MongoCredential	0	createPlainCredential	3	arg0	-	credentials-username	-
sink	com.mongodb	MongoCredential	0	createPlainCredential	3	arg2	-	credentials-password	-
sink	com.mongodb	MongoCredential	0	createScramSha1Credential	3	arg0	-	credentials-username	-
sink	com.mongodb	MongoCredential	0	createScramSha1Credential	3	arg2	-	credentials-password	-
sink	com.opensymphony.xwork2	ActionSupport	1	getFormatted	2	arg0	-	ognl-injection	-
sink	com.opensymphony.xwork2	ActionSupport	1	getFormatted	2	arg1	-	ognl-injection	-
sink	com.opensymphony.xwork2	TextProvider	1	getText	1	arg0	-	ognl-injection	-
sink	com.opensymphony.xwork2	TextProvider	1	getText	2	arg0	-	ognl-injection	-
sink	com.opensymphony.xwork2	TextProvider	1	getText	2	arg1	-	ognl-injection	-
sink	com.opensymphony.xwork2	TextProvider	1	getText	3	arg0	-	ognl-injection	-
sink	com.opensymphony.xwork2	TextProvider	1	getText	3	arg1	-	ognl-injection	-
sink	com.opensymphony.xwork2	TextProvider	1	getText	4	arg0	-	ognl-injection	-
sink	com.opensymphony.xwork2	TextProvider	1	getText	4	arg1	-	ognl-injection	-
sink	com.opensymphony.xwork2	TextProvider	1	hasKey	1	recv	-	ognl-injection	-
sink	com.opensymphony.xwork2	TextProvider	1	hasKey	1	arg0	-	ognl-injection	-
sink	com.opensymphony.xwork2.ognl	OgnlReflectionProvider	0	getValue	-	arg0	-	ognl-injection	-
sink	com.opensymphony.xwork2.ognl	OgnlReflectionProvider	0	setProperties	-	arg0	-	ognl-injection	-
sink	com.opensymphony.xwork2.ognl	OgnlReflectionProvider	0	setProperty	-	arg0	-	ognl-injection	-
sink	com.opensymphony.xwork2.ognl	OgnlReflectionProvider	0	setValue	-	arg0	-	ognl-injection	-
sink	com.opensymphony.xwork2.ognl	OgnlUtil	0	callMethod	-	arg0	-	ognl-injection	-
sink	com.opensymphony.xwork2.ognl	OgnlUtil	0	getValue	-	arg0	-	ognl-injection	-
sink	com.opensymphony.xwork2.ognl	OgnlUtil	0	setValue	-	arg0	-	ognl-injection	-
sink	com.opensymphony.xwork2.ognl	OgnlUtil	1	setProperties	2	arg0	-	ognl-injection	-
sink	com.opensymphony.xwork2.ognl	OgnlUtil	1	setProperties	3	arg0	-	ognl-injection	-
sink	com.opensymphony.xwork2.ognl	OgnlUtil	1	setProperties	4	arg0	-	ognl-injection	-
sink	com.opensymphony.xwork2.ognl	OgnlUtil	1	setProperty	4	arg0	-	ognl-injection	-
sink	com.opensymphony.xwork2.ognl	OgnlUtil	1	setProperty	5	arg0	-	ognl-injection	-
sink	com.opensymphony.xwork2.ognl	OgnlValueStack	0	findString	-	arg0	-	ognl-injection	-
sink	com.opensymphony.xwork2.ognl	OgnlValueStack	0	findValue	-	arg0	-	ognl-injection	-
sink	com.opensymphony.xwork2.ognl	OgnlValueStack	0	getValue	-	arg0	-	ognl-injection	-
sink	com.opensymphony.xwork2.ognl	OgnlValueStack	0	getValueUsingOgnl	-	arg0	-	ognl-injection	-
sink	com.opensymphony.xwork2.ognl	OgnlValueStack	0	setParameter	-	arg0	-	ognl-injection	-
sink	com.opensymphony.xwork2.ognl	OgnlValueStack	0	setValue	-	arg0	-	ognl-injection	-
sink	com.opensymphony.xwork2.ognl	OgnlValueStack	0	tryFindValue	-	arg0	-	ognl-injection	-
sink	com.opensymphony.xwork2.ognl	OgnlValueStack	0	tryFindValueWhenExpressionIsNotNull	-	arg0	-	ognl-injection	-
sink	com.opensymphony.xwork2.ognl	OgnlValueStack	0	trySetValue	-	arg0	-	ognl-injection	-
sink	com.opensymphony.xwork2.util	LocalizedTextUtil	0	findText	-	arg1	-	ognl-injection	-
sink	com.opensymphony.xwork2.util	LocalizedTextUtil	0	findText	-	arg3	-	ognl-injection	-
sink	com.opensymphony.xwork2.util	OgnlTextParser	0	evaluate	-	arg1	-	ognl-injection	-
sink	com.opensymphony.xwork2.util	TextParseUtil	1	translateVariables	2	arg0	-	ognl-injection	-
sink	com.opensymphony.xwork2.util	TextParseUtil	1	translateVariables	3	arg0	-	ognl-injection	-
sink	com.opensymphony.xwork2.util	TextParseUtil	1	translateVariables	3	arg1	-	ognl-injection	-
sink	com.opensymphony.xwork2.util	TextParseUtil	1	translateVariables	4	arg1	-	ognl-injection	-
sink	com.opensymphony.xwork2.util	TextParseUtil	1	translateVariables	5	arg1	-	ognl-injection	-
sink	com.opensymphony.xwork2.util	TextParseUtil	1	translateVariables	6	arg1	-	ognl-injection	-
sink	com.opensymphony.xwork2.util	TextParseUtil	1	translateVariablesCollection	4	arg0	-	ognl-injection	-
sink	com.opensymphony.xwork2.util	TextParseUtil	1	translateVariablesCollection	6	arg1	-	ognl-injection	-
sink	com.opensymphony.xwork2.validator.validators	ValidatorSupport	0	getFieldValue	-	arg0	-	ognl-injection	-
sink	com.opensymphony.xwork2.validator.validators	ValidatorSupport	0	parse	-	arg0	-	ognl-injection	-
sink	com.sshtools.j2ssh.authentication	PasswordAuthenticationClient	0	setPassword	1	arg0	-	credentials-password	-
sink	com.sshtools.j2ssh.authentication	PasswordAuthenticationClient	1	setUsername	1	arg0	-	credentials-username	-
sink	com.sshtools.j2ssh.authentication	SshAuthenticationClient	1	setUsername	1	arg0	-	credentials-username	-
sink	com.sun.crypto.provider	CipherCore	0	unwrap	3	arg0	-	credentials-key	g
sink	com.sun.crypto.provider	DESCrypt	0	expandKey	1	arg0	-	credentials-key	g
sink	com.sun.crypto.provider	DESKey	0	DESKey	1	arg0	-	credentials-key	g
sink	com.sun.crypto.provider	DESKey	0	DESKey	2	arg0	-	credentials-key	g
sink	com.sun.crypto.provider	DESKeyGenerator	0	setParityBit	2	arg0	-	credentials-key	g
sink	com.sun.crypto.provider	DESedeKey	0	DESedeKey	1	arg0	-	credentials-key	g
sink	com.sun.crypto.provider	DESedeKey	0	DESedeKey	2	arg0	-	credentials-key	g
sink	com.sun.crypto.provider	DHPrivateKey	0	DHPrivateKey	1	arg0	-	credentials-key	g
sink	com.sun.crypto.provider	DHPublicKey	0	DHPublicKey	1	arg0	-	credentials-key	g
sink	com.sun.crypto.provider	FeedbackCipher	1	init	4	arg2	-	credentials-key	g
sink	com.sun.crypto.provider	GaloisCounterMode	0	init	4	arg2	-	credentials-key	g
sink	com.sun.crypto.provider	GaloisCounterMode	0	init	5	arg2	-	credentials-key	g
sink	com.sun.crypto.provider	JceKeyStore	0	getPreKeyedHash	1	arg0	-	credentials-password	g
sink	com.sun.crypto.provider	KeyProtector	0	KeyProtector	1	arg0	-	credentials-password	g
sink	com.sun.crypto.provider	PBECipherCore	0	unwrap	3	arg0	-	credentials-key	g
sink	com.sun.crypto.provider	PBES1Core	0	unwrap	3	arg0	-	credentials-key	g
sink	com.sun.crypto.provider	PKCS12PBECipherCore	0	implUnwrap	3	arg0	-	credentials-key	g
sink	com.sun.crypto.provider	SymmetricCipher	1	init	3	arg2	-	credentials-key	g
sink	com.sun.crypto.provider	TlsMasterSecretKey	0	TlsMasterSecretKey	3	arg0	-	credentials-key	g
sink	com.sun.jndi.ldap	DigestClientId	0	DigestClientId	10	arg7	-	credentials-username	g
sink	com.sun.jndi.ldap	LdapClient	0	getInstance	14	arg11	-	credentials-username	g
sink	com.sun.jndi.ldap	LdapPoolManager	0	getLdapClient	13	arg10	-	credentials-username	g
sink	com.sun.jndi.ldap	SimpleClientId	0	SimpleClientId	9	arg7	-	credentials-username	g
sink	com.sun.net.httpserver	BasicAuthenticator	0	checkCredentials	2	arg0	-	credentials-username	g
sink	com.sun.net.httpserver	BasicAuthenticator	0	checkCredentials	2	arg1	-	credentials-password	g
sink	com.sun.net.httpserver	HttpPrincipal	0	HttpPrincipal	2	arg0	-	credentials-username	g
sink	com.sun.net.ssl	KeyManagerFactory	0	init	2	arg1	-	credentials-password	g
sink	com.sun.net.ssl	KeyManagerFactorySpi	0	engineInit	2	arg1	-	credentials-password	g
sink	com.sun.net.ssl	KeyManagerFactorySpiWrapper	0	engineInit	2	arg1	-	credentials-password	g
sink	com.sun.rowset	JdbcRowSetImpl	0	JdbcRowSetImpl	3	arg1	-	credentials-username	g
sink	com.sun.rowset	JdbcRowSetImpl	0	JdbcRowSetImpl	3	arg2	-	credentials-password	g
sink	com.sun.rowset	JdbcRowSetImpl	0	setPassword	1	arg0	-	credentials-password	g
sink	com.sun.security.auth.module	JndiLoginModule	0	verifyPassword	2	arg0	-	credentials-password	g
sink	com.sun.security.auth.module	JndiLoginModule	0	verifyPassword	2	arg1	-	credentials-password	g
sink	com.sun.security.ntlm	Client	0	Client	5	arg2	-	credentials-username	g
sink	com.sun.security.ntlm	Client	0	Client	5	arg4	-	credentials-password	g
sink	com.sun.security.ntlm	NTLM	0	getP1	1	arg0	-	credentials-password	g
sink	com.sun.security.ntlm	NTLM	0	getP2	1	arg0	-	credentials-password	g
sink	com.sun.security.ntlm	Server	0	getPassword	2	arg1	-	credentials-username	g
sink	com.sun.security.sasl.digest	DigestMD5Base	0	generateResponseValue	10	arg5	-	credentials-password	g
sink	com.sun.security.sasl.digest	DigestMD5Server	0	generateResponseAuth	5	arg0	-	credentials-username	g
sink	com.sun.security.sasl.digest	DigestMD5Server	0	generateResponseAuth	5	arg1	-	credentials-password	g
sink	com.thoughtworks.xstream	XStream	1	fromXML	1	arg0	-	path-injection	a
sink	com.trilead.ssh2	Connection	0	authenticateWithDSA	3	arg0	-	credentials-username	-
sink	com.trilead.ssh2	Connection	0	authenticateWithDSA	3	arg1	-	credentials-key	-
sink	com.trilead.ssh2	Connection	0	authenticateWithDSA	3	arg2	-	credentials-password	-
sink	com.trilead.ssh2	Connection	0	authenticateWithNone	1	arg0	-	credentials-username	-
sink	com.trilead.ssh2	Connection	0	authenticateWithPassword	2	arg0	-	credentials-username	-
sink	com.trilead.ssh2	Connection	0	authenticateWithPassword	2	arg1	-	credentials-password	-
sink	com.trilead.ssh2	Connection	0	authenticateWithPublicKey	3	arg0	-	credentials-username	-
sink	com.trilead.ssh2	Connection	0	authenticateWithPublicKey	3	arg1	-	credentials-key	-
sink	com.trilead.ssh2	Connection	0	authenticateWithPublicKey	3	arg2	-	credentials-password	-
sink	com.trilead.ssh2	Connection	0	getRemainingAuthMethods	1	arg0	-	credentials-username	-
sink	com.trilead.ssh2	Connection	0	isAuthMethodAvailable	2	arg0	-	credentials-username	-
sink	com.unboundid.ldap.sdk	LDAPConnection	0	asyncSearch	-	arg0	-	ldap-injection	-
sink	com.unboundid.ldap.sdk	LDAPConnection	0	search	1	arg0	-	ldap-injection	-
sink	com.unboundid.ldap.sdk	LDAPConnection	0	search	4	arg0	-	ldap-injection	-
sink	com.unboundid.ldap.sdk	LDAPConnection	0	search	4	arg1	-	ldap-injection	-
sink	com.unboundid.ldap.sdk	LDAPConnection	0	search	4	arg2	-	ldap-injection	-
sink	com.unboundid.ldap.sdk	LDAPConnection	0	search	5	arg0	-	ldap-injection	-
sink	com.unboundid.ldap.sdk	LDAPConnection	0	search	5	arg1	-	ldap-injection	-
sink	com.unboundid.ldap.sdk	LDAPConnection	0	search	5	arg2	-	ldap-injection	-
sink	com.unboundid.ldap.sdk	LDAPConnection	0	search	5	arg3	-	ldap-injection	-
sink	com.unboundid.ldap.sdk	LDAPConnection	0	search	8	arg0	-	ldap-injection	-
sink	com.unboundid.ldap.sdk	LDAPConnection	0	search	8	arg1	-	ldap-injection	-
sink	com.unboundid.ldap.sdk	LDAPConnection	0	search	8	arg2	-	ldap-injection	-
sink	com.unboundid.ldap.sdk	LDAPConnection	0	search	8	arg3	-	ldap-injection	-
sink	com.unboundid.ldap.sdk	LDAPConnection	0	search	8	arg4	-	ldap-injection	-
sink	com.unboundid.ldap.sdk	LDAPConnection	0	search	8	arg5	-	ldap-injection	-
sink	com.unboundid.ldap.sdk	LDAPConnection	0	search	8	arg6	-	ldap-injection	-
sink	com.unboundid.ldap.sdk	LDAPConnection	0	search	9	arg0	-	ldap-injection	-
sink	com.unboundid.ldap.sdk	LDAPConnection	0	search	9	arg1	-	ldap-injection	-
sink	com.unboundid.ldap.sdk	LDAPConnection	0	search	9	arg2	-	ldap-injection	-
sink	com.unboundid.ldap.sdk	LDAPConnection	0	search	9	arg3	-	ldap-injection	-
sink	com.unboundid.ldap.sdk	LDAPConnection	0	search	9	arg4	-	ldap-injection	-
sink	com.unboundid.ldap.sdk	LDAPConnection	0	search	9	arg5	-	ldap-injection	-
sink	com.unboundid.ldap.sdk	LDAPConnection	0	search	9	arg6	-	ldap-injection	-
sink	com.unboundid.ldap.sdk	LDAPConnection	0	search	9	arg7	-	ldap-injection	-
sink	com.unboundid.ldap.sdk	LDAPConnection	0	searchForEntry	1	arg0	-	ldap-injection	-
sink	com.unboundid.ldap.sdk	LDAPConnection	0	searchForEntry	4	arg0	-	ldap-injection	-
sink	com.unboundid.ldap.sdk	LDAPConnection	0	searchForEntry	4	arg1	-	ldap-injection	-
sink	com.unboundid.ldap.sdk	LDAPConnection	0	searchForEntry	4	arg2	-	ldap-injection	-
sink	com.unboundid.ldap.sdk	LDAPConnection	0	searchForEntry	7	arg0	-	ldap-injection	-
sink	com.unboundid.ldap.sdk	LDAPConnection	0	searchForEntry	7	arg1	-	ldap-injection	-
sink	com.unboundid.ldap.sdk	LDAPConnection	0	searchForEntry	7	arg2	-	ldap-injection	-
sink	com.unboundid.ldap.sdk	LDAPConnection	0	searchForEntry	7	arg3	-	ldap-injection	-
sink	com.unboundid.ldap.sdk	LDAPConnection	0	searchForEntry	7	arg4	-	ldap-injection	-
sink	com.unboundid.ldap.sdk	LDAPConnection	0	searchForEntry	7	arg5	-	ldap-injection	-
sink	com.zaxxer.hikari	HikariConfig	0	HikariConfig	1	arg0	-	request-forgery	-
sink	com.zaxxer.hikari	HikariConfig	0	setJdbcUrl	1	arg0	-	request-forgery	-
sink	freemarker.cache	StringTemplateLoader	1	putTemplate	-	arg1	-	template-injection	-
sink	freemarker.template	Template	1	Template	2	arg1	-	template-injection	-
sink	freemarker.template	Template	1	Template	3	arg1	-	template-injection	-
sink	freemarker.template	Template	1	Template	4	arg1	-	template-injection	-
sink	freemarker.template	Template	1	Template	4	arg2	-	template-injection	-
sink	freemarker.template	Template	1	Template	5	arg2	-	template-injection	-
sink	freemarker.template	Template	1	Template	6	arg2	-	template-injection	-
sink	groovy.lang	GroovyClassLoader	0	parseClass	1	arg0	-	groovy-injection	-
sink	groovy.lang	GroovyClassLoader	0	parseClass	2	arg0	-	groovy-injection	-
sink	groovy.lang	GroovyShell	0	evaluate	1	arg0	-	groovy-injection	-
sink	groovy.lang	GroovyShell	0	evaluate	2	arg0	-	groovy-injection	-
sink	groovy.lang	GroovyShell	0	evaluate	3	arg0	-	groovy-injection	-
sink	groovy.lang	GroovyShell	0	parse	1	arg0	-	groovy-injection	-
sink	groovy.lang	GroovyShell	0	parse	2	arg0	-	groovy-injection	-
sink	groovy.lang	GroovyShell	0	run	2	arg0	-	groovy-injection	-
sink	groovy.lang	GroovyShell	0	run	3	arg0	-	groovy-injection	-
sink	groovy.text	TemplateEngine	1	createTemplate	-	arg0	-	groovy-injection	-
sink	groovy.util	Eval	0	me	1	arg0	-	groovy-injection	-
sink	groovy.util	Eval	0	me	3	arg2	-	groovy-injection	-
sink	groovy.util	Eval	0	x	2	arg1	-	groovy-injection	-
sink	groovy.util	Eval	0	xy	3	arg2	-	groovy-injection	-
sink	groovy.util	Eval	0	xyz	4	arg3	-	groovy-injection	-
sink	hudson	FilePath	0	tar	2	arg0	-	path-injection	-
sink	hudson	FilePath	0	unzipFrom	1	arg0	-	path-injection	-
sink	hudson	FilePath	1	copyFrom	-	recv	-	path-injection	-
sink	hudson	FilePath	1	copyFrom	1	arg0	-	path-injection	a
sink	hudson	FilePath	1	copyRecursiveTo	-	recv	-	path-injection	-
sink	hudson	FilePath	1	copyRecursiveTo	2	arg1	-	path-injection	-
sink	hudson	FilePath	1	copyRecursiveTo	3	arg0	-	path-injection	a
sink	hudson	FilePath	1	copyRecursiveTo	3	arg1	-	path-injection	-
sink	hudson	FilePath	1	copyRecursiveTo	3	arg2	-	path-injection	-
sink	hudson	FilePath	1	copyRecursiveTo	4	arg1	-	path-injection	-
sink	hudson	FilePath	1	copyTo	-	recv	-	path-injection	-
sink	hudson	FilePath	1	copyTo	1	arg0	-	path-injection	-
sink	hudson	FilePath	1	copyToWithPermission	-	recv	-	path-injection	-
sink	hudson	FilePath	1	copyToWithPermission	1	arg0	-	path-injection	-
sink	hudson	FilePath	1	exists	0	recv	-	path-injection	-
sink	hudson	FilePath	1	installIfNecessaryFrom	3	arg0	-	request-forgery	-
sink	hudson	FilePath	1	newInputStreamDenyingSymlinkAsNeeded	3	arg0	-	path-injection	a
sink	hudson	FilePath	1	openInputStream	2	arg0	-	path-injection	-
sink	hudson	FilePath	1	read	-	recv	-	path-injection	-
sink	hudson	FilePath	1	read	2	arg0	-	path-injection	-
sink	hudson	FilePath	1	readFromOffset	-	recv	-	path-injection	-
sink	hudson	FilePath	1	readToString	-	recv	-	path-injection	-
sink	hudson	FilePath	1	renameTo	-	recv	-	path-injection	-
sink	hudson	FilePath	1	renameTo	-	arg0	-	path-injection	-
sink	hudson	FilePath	1	write	-	recv	-	path-injection	-
sink	hudson	FilePath	1	write	2	arg0	-	file-content-store	-
sink	hudson	Launcher	1	decorateByEnv	1	arg0	-	environment-injection	-
sink	hudson	Launcher	1	launch	-	arg0	-	command-injection	-
sink	hudson	Launcher	1	launchChannel	-	arg0	-	command-injection	-
sink	hudson	Launcher	1	launchChannel	-	arg3	-	environment-injection	-
sink	hudson	ProcStarter	0	cmdAsSingleString	-	arg0	-	command-injection	-
sink	hudson	ProcStarter	0	cmds	-	arg0	-	command-injection	-
sink	hudson	ProcStarter	0	envs	1	arg0	-	environment-injection	-
sink	hudson	XmlFile	0	XmlFile	2	arg1	-	path-injection	-
sink	hudson.cli	FullDuplexHttpStream	1	FullDuplexHttpStream	3	arg0	-	request-forgery	-
sink	hudson.cli	FullDuplexHttpStream	1	FullDuplexHttpStream	3	arg1	-	request-forgery	-
sink	hudson.lifecycle	Lifecycle	1	rewriteHudsonWar	1	arg0	-	path-injection	-
sink	hudson.model	DirectoryBrowserSupport	0	DirectoryBrowserSupport	5	arg1	-	path-injection	a
sink	hudson.model	DownloadService	1	loadJSON	1	arg0	-	request-forgery	-
sink	hudson.model	DownloadService	1	loadJSONHTML	1	arg0	-	request-forgery	-
sink	hudson.model	Items	1	load	2	arg1	-	path-injection	a
sink	hudson.model	UpdateCenterConfiguration	1	download	2	arg1	-	request-forgery	-
sink	hudson.model	UpdateCenterConfiguration	1	install	3	arg1	-	path-injection	-
sink	hudson.model	UpdateCenterConfiguration	1	install	3	arg2	-	path-injection	-
sink	hudson.scm	ChangeLogParser	1	parse	2	arg1	-	path-injection	a
sink	hudson.scm	ChangeLogParser	1	parse	3	arg2	-	path-injection	a
sink	hudson.scm	SCM	1	checkout	5	arg2	-	path-injection	-
sink	hudson.scm	SCM	1	checkout	6	arg2	-	path-injection	-
sink	hudson.scm	SCM	1	compareRemoteRevisionWith	5	arg2	-	path-injection	a
sink	hudson.util	AtomicFileWriter	1	AtomicFileWriter	1	arg0	-	path-injection	-
sink	hudson.util	AtomicFileWriter	1	AtomicFileWriter	2	arg0	-	path-injection	-
sink	hudson.util	AtomicFileWriter	1	AtomicFileWriter	4	arg0	-	path-injection	-
sink	hudson.util	ClasspathBuilder	1	add	1	arg0	-	path-injection	a
sink	hudson.util	FormValidation	1	errorWithMarkup	-	arg0	-	html-injection	-
sink	hudson.util	FormValidation	1	okWithMarkup	-	arg0	-	html-injection	-
sink	hudson.util	FormValidation	1	respond	-	arg1	-	html-injection	-
sink	hudson.util	FormValidation	1	warningWithMarkup	-	arg0	-	html-injection	-
sink	hudson.util	HttpResponses	1	staticResource	1	arg0	-	path-injection	-
sink	hudson.util	IOUtils	1	mkdirs	1	arg0	-	path-injection	-
sink	hudson.util	StreamTaskListener	1	StreamTaskListener	3	arg0	-	path-injection	-
sink	hudson.util	TextFile	1	delete	0	recv	-	path-injection	-
sink	hudson.util	TextFile	1	fastTail	-	recv	-	path-injection	a
sink	hudson.util	TextFile	1	head	-	recv	-	path-injection	a
sink	hudson.util	TextFile	1	lines	0	recv	-	path-injection	a
sink	hudson.util	TextFile	1	read	0	recv	-	path-injection	a
sink	hudson.util	TextFile	1	readTrim	0	recv	-	path-injection	a
sink	hudson.util	TextFile	1	write	1	recv	-	path-injection	-
sink	hudson.util	TextFile	1	write	1	arg0	-	file-content-store	-
sink	hudson.util.io	ReopenableFileOutputStream	1	ReopenableFileOutputStream	1	arg0	-	path-injection	-
sink	hudson.util.io	RewindableFileOutputStream	1	RewindableFileOutputStream	1	arg0	-	path-injection	-
sink	hudson.util.jna	GNUCLibrary	1	open	2	arg0	-	path-injection	a
sink	hudson.util.jna	Kernel32	1	MoveFileExA	3	arg0	-	path-injection	-
sink	hudson.util.jna	Kernel32	1	MoveFileExA	3	arg1	-	path-injection	-
sink	io.micronaut.http	HttpResponse	1	permanentRedirect	1	arg0	-	url-redirection	-
sink	io.micronaut.http	HttpResponse	1	redirect	1	arg0	-	url-redirection	-
sink	io.micronaut.http	HttpResponse	1	seeOther	1	arg0	-	url-redirection	-
sink	io.micronaut.http	HttpResponse	1	temporaryRedirect	1	arg0	-	url-redirection	-
sink	io.micronaut.http	MutableHttpResponse	1	header	2	arg1	-	response-splitting	-
sink	io.micronaut.http	MutableHttpResponse	1	headers	1	arg0	-	response-splitting	-
sink	io.micronaut.http.client	BlockingHttpClient	1	exchange	1	arg0	-	request-forgery	-
sink	io.micronaut.http.client	BlockingHttpClient	1	exchange	2	arg0	-	request-forgery	-
sink	io.micronaut.http.client	BlockingHttpClient	1	exchange	3	arg0	-	request-forgery	-
sink	io.micronaut.http.client	BlockingHttpClient	1	retrieve	1	arg0	-	request-forgery	-
sink	io.micronaut.http.client	BlockingHttpClient	1	retrieve	2	arg0	-	request-forgery	-
sink	io.micronaut.http.client	BlockingHttpClient	1	retrieve	3	arg0	-	request-forgery	-
sink	io.micronaut.http.client	HttpClient	1	exchange	1	arg0	-	request-forgery	-
sink	io.micronaut.http.client	HttpClient	1	exchange	2	arg0	-	request-forgery	-
sink	io.micronaut.http.client	HttpClient	1	exchange	3	arg0	-	request-forgery	-
sink	io.micronaut.http.client	HttpClient	1	retrieve	1	arg0	-	request-forgery	-
sink	io.micronaut.http.client	HttpClient	1	retrieve	2	arg0	-	request-forgery	-
sink	io.micronaut.http.client	HttpClient	1	retrieve	3	arg0	-	request-forgery	-
sink	io.netty.bootstrap	Bootstrap	1	connect	1	arg0	-	request-forgery	-
sink	io.netty.bootstrap	Bootstrap	1	connect	2	arg0	-	request-forgery	-
sink	io.netty.channel	ChannelDuplexHandler	1	connect	4	arg1	-	request-forgery	-
sink	io.netty.channel	ChannelOutboundHandlerAdapter	1	connect	4	arg1	-	request-forgery	-
sink	io.netty.channel	ChannelOutboundInvoker	1	connect	1	arg0	-	request-forgery	-
sink	io.netty.channel	ChannelOutboundInvoker	1	connect	2	arg0	-	request-forgery	-
sink	io.netty.channel	ChannelOutboundInvoker	1	connect	3	arg0	-	request-forgery	-
sink	io.netty.channel	DefaultChannelPipeline	0	connect	2	arg0	-	request-forgery	-
sink	io.netty.channel	DefaultChannelPipeline	0	connect	3	arg0	-	request-forgery	-
sink	io.netty.channel	Unsafe	1	connect	3	arg0	-	request-forgery	-
sink	io.netty.handler.codec.http	DefaultFullHttpRequest	1	DefaultFullHttpRequest	4	arg2	-	request-forgery	-
sink	io.netty.handler.codec.http	DefaultHttpRequest	1	DefaultHttpRequest	3	arg2	-	request-forgery	-
sink	io.netty.handler.codec.http	HttpRequest	1	setUri	-	arg0	-	request-forgery	-
sink	io.netty.handler.codec.http.multipart	HttpPostRequestEncoder	1	addBodyFileUpload	4	arg1	-	path-injection	a
sink	io.netty.handler.ssl	OpenSslServerContext	0	OpenSslServerContext	2	arg0	-	path-injection	a
sink	io.netty.handler.ssl	SslContextBuilder	0	forServer	2	arg0	-	path-injection	a
sink	io.netty.handler.ssl	SslContextBuilder	0	trustManager	1	arg0	-	path-injection	-
sink	io.netty.handler.stream	ChunkedFile	1	ChunkedFile	4	arg0	-	path-injection	a
sink	io.netty.util.internal	PlatformDependent	0	createTempFile	3	arg2	-	path-injection	-
sink	io.netty.util.internal	SocketUtils	0	connect	3	arg1	-	request-forgery	-
sink	io.r2dbc.spi	Batch	1	add	1	arg0	-	sql-injection	-
sink	io.r2dbc.spi	Connection	1	createSavepoint	1	arg0	-	sql-injection	-
sink	io.r2dbc.spi	Connection	1	createStatement	1	arg0	-	sql-injection	-
sink	io.r2dbc.spi	Connection	1	releaseSavepoint	1	arg0	-	sql-injection	-
sink	io.r2dbc.spi	Connection	1	rollbackTransactionToSavepoint	1	arg0	-	sql-injection	-
sink	io.r2dbc.spi	Statement	1	returnGeneratedValues	1	arg0	-	sql-injection	-
sink	io.undertow.server.handlers.resource	PathResourceManager	1	getResource	1	arg0	-	path-injection	-
sink	jakarta.activation	FileDataSource	1	FileDataSource	-	arg0	-	path-injection	-
sink	jakarta.activation	URLDataSource	1	URLDataSource	-	arg0	-	request-forgery	-
sink	jakarta.faces.context	ExternalContext	1	getResource	1	arg0	-	path-injection	-
sink	jakarta.faces.context	ExternalContext	1	getResourceAsStream	1	arg0	-	path-injection	-
sink	jakarta.faces.context	ResponseStream	1	write	-	arg0	-	html-injection	-
sink	jakarta.faces.context	ResponseWriter	1	write	-	arg0	-	html-injection	-
sink	jakarta.persistence	EntityManager	1	createNativeQuery	2	arg0	-	sql-injection	-
sink	jakarta.persistence	EntityManager	1	createQuery	1	arg0	-	sql-injection	-
sink	jakarta.servlet	ServletContext	1	getRequestDispatcher	1	arg0	-	url-forward	-
sink	jakarta.servlet	ServletRequest	1	getRequestDispatcher	1	arg0	-	url-forward	-
sink	jakarta.ws.rs.client	Client	1	target	-	arg0	-	request-forgery	-
sink	jakarta.ws.rs.core	Response	1	seeOther	-	arg0	-	url-redirection	-
sink	jakarta.ws.rs.core	Response	1	temporaryRedirect	-	arg0	-	url-redirection	-
sink	java.awt	Desktop	1	browse	1	arg0	-	url-redirection	-
sink	java.beans	XMLDecoder	1	readObject	0	recv	-	unsafe-deserialization	-
sink	java.io	File	1	canExecute	0	recv	-	path-injection	a
sink	java.io	File	1	canRead	0	recv	-	path-injection	a
sink	java.io	File	1	canWrite	0	recv	-	path-injection	a
sink	java.io	File	1	createNewFile	0	recv	-	path-injection	-
sink	java.io	File	1	createTempFile	3	arg2	-	path-injection	-
sink	java.io	File	1	delete	0	recv	-	path-injection	-
sink	java.io	File	1	deleteOnExit	0	recv	-	path-injection	-
sink	java.io	File	1	exists	0	recv	-	path-injection	a
sink	java.io	File	1	isDirectory	0	recv	-	path-injection	a
sink	java.io	File	1	isFile	0	recv	-	path-injection	a
sink	java.io	File	1	isHidden	0	recv	-	path-injection	a
sink	java.io	File	1	mkdir	0	recv	-	path-injection	-
sink	java.io	File	1	mkdirs	0	recv	-	path-injection	-
sink	java.io	File	1	renameTo	1	recv	-	path-injection	-
sink	java.io	File	1	renameTo	1	arg0	-	path-injection	-
sink	java.io	File	1	setExecutable	-	recv	-	path-injection	-
sink	java.io	File	1	setLastModified	-	recv	-	path-injection	-
sink	java.io	File	1	setReadOnly	-	recv	-	path-injection	-
sink	java.io	File	1	setReadable	-	recv	-	path-injection	-
sink	java.io	File	1	setWritable	-	recv	-	path-injection	-
sink	java.io	FileInputStream	1	FileInputStream	1	arg0	-	path-injection	a
sink	java.io	FileOutputStream	0	FileOutputStream	-	arg0	-	path-injection	-
sink	java.io	FileOutputStream	0	write	-	arg0	-	file-content-store	-
sink	java.io	FileReader	1	FileReader	1	arg0	-	path-injection	a
sink	java.io	FileReader	1	FileReader	2	arg0	-	path-injection	a
sink	java.io	FileSystem	1	createDirectory	1	arg0	-	path-injection	-
sink	java.io	FileWriter	0	FileWriter	-	arg0	-	path-injection	-
sink	java.io	PrintStream	0	PrintStream	1	arg0	-	path-injection	-
sink	java.io	PrintStream	0	PrintStream	2	arg0	-	path-injection	-
sink	java.io	PrintStream	1	append	-	arg0	-	file-content-store	-
sink	java.io	PrintStream	1	format	2	arg0	-	file-content-store	-
sink	java.io	PrintStream	1	format	2	arg1	-	file-content-store	-
sink	java.io	PrintStream	1	format	3	arg1	-	file-content-store	-
sink	java.io	PrintStream	1	format	3	arg2	-	file-content-store	-
sink	java.io	PrintStream	1	print	-	arg0	-	file-content-store	-
sink	java.io	PrintStream	1	printf	2	arg0	-	file-content-store	-
sink	java.io	PrintStream	1	printf	2	arg1	-	file-content-store	-
sink	java.io	PrintStream	1	printf	3	arg1	-	file-content-store	-
sink	java.io	PrintStream	1	printf	3	arg2	-	file-content-store	-
sink	java.io	PrintStream	1	println	-	arg0	-	file-content-store	-
sink	java.io	PrintStream	1	write	-	arg0	-	file-content-store	-
sink	java.io	PrintStream	1	writeBytes	-	arg0	-	file-content-store	-
sink	java.io	PrintWriter	0	PrintWriter	1	arg0	-	path-injection	-
sink	java.io	PrintWriter	0	PrintWriter	2	arg0	-	path-injection	-
sink	java.io	PrintWriter	0	format	2	arg0	-	file-content-store	-
sink	java.io	PrintWriter	0	format	2	arg1	-	file-content-store	-
sink	java.io	PrintWriter	0	format	3	arg1	-	file-content-store	-
sink	java.io	PrintWriter	0	format	3	arg2	-	file-content-store	-
sink	java.io	PrintWriter	0	print	-	arg0	-	file-content-store	-
sink	java.io	PrintWriter	0	printf	2	arg0	-	file-content-store	-
sink	java.io	PrintWriter	0	printf	2	arg1	-	file-content-store	-
sink	java.io	PrintWriter	0	printf	3	arg1	-	file-content-store	-
sink	java.io	PrintWriter	0	printf	3	arg2	-	file-content-store	-
sink	java.io	PrintWriter	0	println	-	arg0	-	file-content-store	-
sink	java.io	RandomAccessFile	0	RandomAccessFile	-	arg0	-	path-injection	-
sink	java.io	RandomAccessFile	0	write	-	arg0	-	file-content-store	-
sink	java.io	RandomAccessFile	0	writeBytes	-	arg0	-	file-content-store	-
sink	java.io	RandomAccessFile	0	writeChars	-	arg0	-	file-content-store	-
sink	java.io	RandomAccessFile	0	writeUTF	-	arg0	-	file-content-store	-
sink	java.io	Writer	1	append	-	arg0	-	file-content-store	-
sink	java.io	Writer	1	write	-	arg0	-	file-content-store	-
sink	java.lang	Class	0	getResource	1	arg0	-	path-injection	a
sink	java.lang	Class	0	getResourceAsStream	1	arg0	-	path-injection	a
sink	java.lang	ClassLoader	0	getSystemResources	1	arg0	-	path-injection	a
sink	java.lang	ClassLoader	1	getResource	1	arg0	-	path-injection	a
sink	java.lang	ClassLoader	1	getResourceAsStream	1	arg0	-	path-injection	a
sink	java.lang	ClassLoader	1	getResources	1	arg0	-	path-injection	a
sink	java.lang	ClassLoader	1	getSystemResource	1	arg0	-	path-injection	a
sink	java.lang	ClassLoader	1	getSystemResourceAsStream	1	arg0	-	path-injection	a
sink	java.lang	Logger	1	log	2	arg1	-	log-injection	-
sink	java.lang	Logger	1	log	3	arg1	-	log-injection	-
sink	java.lang	Logger	1	log	3	arg2	-	log-injection	-
sink	java.lang	Logger	1	log	4	arg1	-	log-injection	-
sink	java.lang	Logger	1	log	4	arg2	-	log-injection	-
sink	java.lang	Logger	1	log	4	arg3	-	log-injection	-
sink	java.lang	Module	1	getResourceAsStream	1	arg0	-	path-injection	a
sink	java.lang	ProcessBuilder	0	ProcessBuilder	1	arg0	-	command-injection	-
sink	java.lang	ProcessBuilder	0	command	1	arg0	-	command-injection	-
sink	java.lang	ProcessBuilder	0	directory	1	arg0	-	command-injection	-
sink	java.lang	ProcessBuilder	0	redirectError	1	arg0	-	path-injection	-
sink	java.lang	ProcessBuilder	0	redirectOutput	1	arg0	-	path-injection	-
sink	java.lang	Runtime	1	exec	-	arg1	-	environment-injection	-
sink	java.lang	Runtime	1	exec	1	arg0	-	command-injection	-
sink	java.lang	Runtime	1	exec	2	arg0	-	command-injection	-
sink	java.lang	Runtime	1	exec	3	arg0	-	command-injection	-
sink	java.lang	Runtime	1	exec	3	arg2	-	command-injection	-
sink	java.lang	String	0	matches	1	arg0	-	regex-use	a
sink	java.lang	String	0	replaceAll	2	arg0	-	regex-use	a
sink	java.lang	String	0	replaceFirst	2	arg0	-	regex-use	a
sink	java.lang	String	0	split	1	arg0	-	regex-use	a
sink	java.lang	String	0	split	2	arg0	-	regex-use	a
sink	java.net	DatagramPacket	0	DatagramPacket	4	arg2	-	request-forgery	-
sink	java.net	DatagramPacket	0	DatagramPacket	5	arg3	-	request-forgery	-
sink	java.net	DatagramPacket	1	setAddress	1	arg0	-	request-forgery	-
sink	java.net	DatagramPacket	1	setSocketAddress	1	arg0	-	request-forgery	-
sink	java.net	DatagramSocket	1	connect	1	arg0	-	request-forgery	-
sink	java.net	PasswordAuthentication	0	PasswordAuthentication	2	arg0	-	credentials-username	g
sink	java.net	PasswordAuthentication	0	PasswordAuthentication	2	arg1	-	credentials-password	g
sink	java.net	Socket	1	Socket	2	arg0	-	request-forgery	-
sink	java.net	URL	0	getContent	-	recv	-	request-forgery	-
sink	java.net	URL	0	openConnection	-	recv	-	request-forgery	-
sink	java.net	URL	0	openConnection	1	arg0	-	request-forgery	-
sink	java.net	URL	0	openStream	-	recv	-	request-forgery	-
sink	java.net	URLClassLoader	0	URLClassLoader	1	arg0	-	request-forgery	-
sink	java.net	URLClassLoader	0	URLClassLoader	2	arg0	-	request-forgery	-
sink	java.net	URLClassLoader	0	URLClassLoader	3	arg0	-	request-forgery	-
sink	java.net	URLClassLoader	0	URLClassLoader	3	arg1	-	request-forgery	-
sink	java.net	URLClassLoader	0	URLClassLoader	4	arg1	-	request-forgery	-
sink	java.net	URLClassLoader	0	newInstance	-	arg0	-	request-forgery	-
sink	java.net.http	Builder	0	uri	-	arg0	-	request-forgery	-
sink	java.net.http	HttpClient	1	send	2	arg0	-	request-forgery	-
sink	java.net.http	HttpRequest	0	newBuilder	-	arg0	-	request-forgery	-
sink	java.nio.channels	AsynchronousFileChannel	1	open	2	arg0	-	path-injection	-
sink	java.nio.channels	AsynchronousFileChannel	1	open	4	arg0	-	path-injection	-
sink	java.nio.channels	FileChannel	0	open	2	arg0	-	path-injection	-
sink	java.nio.channels	FileChannel	0	open	3	arg0	-	path-injection	-
sink	java.nio.channels	FileChannel	1	write	1	arg0	-	file-content-store	-
sink	java.nio.channels	FileChannel	1	write	2	arg0	-	file-content-store	-
sink	java.nio.file	FileSystems	0	newFileSystem	2	arg0	-	path-injection	-
sink	java.nio.file	FileSystems	0	newFileSystem	2	arg0	-	request-forgery	-
sink	java.nio.file	FileSystems	1	getFileSystem	1	arg0	-	path-injection	-
sink	java.nio.file	Files	0	copy	2	arg0	-	path-injection	a
sink	java.nio.file	Files	0	copy	3	arg0	-	file-content-store	-
sink	java.nio.file	Files	0	copy	3	arg0	-	path-injection	a
sink	java.nio.file	Files	0	copy	3	arg1	-	path-injection	-
sink	java.nio.file	Files	0	createDirectories	-	arg0	-	path-injection	-
sink	java.nio.file	Files	0	createDirectory	-	arg0	-	path-injection	-
sink	java.nio.file	Files	0	createFile	-	arg0	-	path-injection	-
sink	java.nio.file	Files	0	createLink	-	arg0	-	path-injection	-
sink	java.nio.file	Files	0	createSymbolicLink	-	arg0	-	path-injection	-
sink	java.nio.file	Files	0	createTempDirectory	3	arg0	-	path-injection	-
sink	java.nio.file	Files	0	createTempFile	4	arg0	-	path-injection	-
sink	java.nio.file	Files	0	delete	1	arg0	-	path-injection	-
sink	java.nio.file	Files	0	deleteIfExists	1	arg0	-	path-injection	-
sink	java.nio.file	Files	0	exists	2	arg0	-	path-injection	a
sink	java.nio.file	Files	0	getFileStore	1	arg0	-	path-injection	a
sink	java.nio.file	Files	0	lines	1	arg0	-	path-injection	a
sink	java.nio.file	Files	0	lines	2	arg0	-	path-injection	a
sink	java.nio.file	Files	0	move	-	arg1	-	path-injection	-
sink	java.nio.file	Files	0	move	3	arg0	-	path-injection	-
sink	java.nio.file	Files	0	newBufferedReader	1	arg0	-	path-injection	a
sink	java.nio.file	Files	0	newBufferedReader	2	arg0	-	path-injection	a
sink	java.nio.file	Files	0	newBufferedWriter	-	arg0	-	path-injection	-
sink	java.nio.file	Files	0	newInputStream	2	arg0	-	path-injection	a
sink	java.nio.file	Files	0	newOutputStream	-	arg0	-	path-injection	-
sink	java.nio.file	Files	0	notExists	2	arg0	-	path-injection	a
sink	java.nio.file	Files	0	probeContentType	1	arg0	-	path-injection	a
sink	java.nio.file	Files	0	readAllBytes	1	arg0	-	path-injection	a
sink	java.nio.file	Files	0	readAllLines	1	arg0	-	path-injection	a
sink	java.nio.file	Files	0	readAllLines	2	arg0	-	path-injection	a
sink	java.nio.file	Files	0	readString	1	arg0	-	path-injection	a
sink	java.nio.file	Files	0	readString	2	arg0	-	path-injection	a
sink	java.nio.file	Files	0	write	-	arg0	-	path-injection	-
sink	java.nio.file	Files	0	write	-	arg1	-	file-content-store	-
sink	java.nio.file	Files	0	writeString	-	arg0	-	path-injection	-
sink	java.nio.file	Files	0	writeString	-	arg1	-	file-content-store	-
sink	java.nio.file	SecureDirectoryStream	1	deleteDirectory	1	arg0	-	path-injection	-
sink	java.nio.file	SecureDirectoryStream	1	deleteFile	1	arg0	-	path-injection	-
sink	java.security	KeyStore	0	getKey	2	arg1	-	credentials-password	g
sink	java.security	KeyStore	0	load	2	arg1	-	credentials-password	g
sink	java.security	KeyStore	0	setKeyEntry	3	arg1	-	credentials-key	g
sink	java.security	KeyStore	0	setKeyEntry	4	arg2	-	credentials-password	g
sink	java.security	KeyStore	0	store	2	arg1	-	credentials-password	g
sink	java.security	KeyStoreSpi	1	engineGetKey	2	arg1	-	credentials-password	g
sink	java.security	KeyStoreSpi	1	engineLoad	2	arg1	-	credentials-password	g
sink	java.security	KeyStoreSpi	1	engineSetKeyEntry	3	arg1	-	credentials-key	g
sink	java.security	KeyStoreSpi	1	engineSetKeyEntry	4	arg2	-	credentials-password	g
sink	java.security	KeyStoreSpi	1	engineStore	2	arg1	-	credentials-password	g
sink	java.security	PasswordProtection	0	PasswordProtection	1	arg0	-	credentials-password	g
sink	java.security	PasswordProtection	0	PasswordProtection	3	arg0	-	credentials-password	g
sink	java.security.cert	X509CertSelector	0	setSubjectPublicKey	1	arg0	-	credentials-key	g
sink	java.security.spec	DSAPrivateKeySpec	0	DSAPrivateKeySpec	-	arg0	-	credentials-key	-
sink	java.security.spec	DSAPrivateKeySpec	0	DSAPrivateKeySpec	-	arg1	-	credentials-key	-
sink	java.security.spec	DSAPrivateKeySpec	0	DSAPrivateKeySpec	-	arg2	-	credentials-key	-
sink	java.security.spec	DSAPrivateKeySpec	0	DSAPrivateKeySpec	-	arg3	-	credentials-key	-
sink	java.security.spec	ECPrivateKeySpec	0	ECPrivateKeySpec	-	arg0	-	credentials-key	-
sink	java.security.spec	EncodedKeySpec	0	EncodedKeySpec	1	arg0	-	credentials-key	g
sink	java.security.spec	PKCS8EncodedKeySpec	0	PKCS8EncodedKeySpec	1	arg0	-	credentials-key	g
sink	java.security.spec	RSAMultiPrimePrivateCrtKeySpec	0	RSAMultiPrimePrivateCrtKeySpec	-	arg2	-	credentials-key	-
sink	java.security.spec	RSAPrivateCrtKeySpec	0	RSAPrivateCrtKeySpec	-	arg2	-	credentials-key	-
sink	java.security.spec	RSAPrivateKeySpec	0	RSAPrivateKeySpec	-	arg1	-	credentials-key	-
sink	java.security.spec	X509EncodedKeySpec	0	X509EncodedKeySpec	1	arg0	-	credentials-key	g
sink	java.sql	Connection	1	prepareCall	-	arg0	-	sql-injection	-
sink	java.sql	Connection	1	prepareStatement	-	arg0	-	sql-injection	-
sink	java.sql	DatabaseMetaData	1	getColumns	4	arg2	-	sql-injection	-
sink	java.sql	DatabaseMetaData	1	getPrimaryKeys	3	arg2	-	sql-injection	-
sink	java.sql	Driver	0	connect	2	arg0	-	request-forgery	-
sink	java.sql	DriverManager	0	getConnection	1	arg0	-	request-forgery	-
sink	java.sql	DriverManager	0	getConnection	2	arg0	-	request-forgery	-
sink	java.sql	DriverManager	0	getConnection	3	arg0	-	request-forgery	-
sink	java.sql	DriverManager	0	getConnection	3	arg1	-	credentials-username	g
sink	java.sql	DriverManager	0	getConnection	3	arg2	-	credentials-password	g
sink	java.sql	Statement	1	addBatch	-	arg0	-	sql-injection	-
sink	java.sql	Statement	1	execute	-	arg0	-	sql-injection	-
sink	java.sql	Statement	1	executeLargeUpdate	-	arg0	-	sql-injection	-
sink	java.sql	Statement	1	executeQuery	-	arg0	-	sql-injection	-
sink	java.sql	Statement	1	executeUpdate	-	arg0	-	sql-injection	-
sink	java.util.function	Predicate	0	test	1	recv	-	regex-use	a
sink	java.util.logging	FileHandler	1	FileHandler	2	arg0	-	path-injection	-
sink	java.util.logging	FileHandler	1	FileHandler	3	arg0	-	path-injection	-
sink	java.util.logging	Logger	1	config	-	arg0	-	log-injection	-
sink	java.util.logging	Logger	1	entering	2	arg0	-	log-injection	-
sink	java.util.logging	Logger	1	entering	2	arg1	-	log-injection	-
sink	java.util.logging	Logger	1	entering	3	arg0	-	log-injection	-
sink	java.util.logging	Logger	1	entering	3	arg1	-	log-injection	-
sink	java.util.logging	Logger	1	entering	3	arg2	-	log-injection	-
sink	java.util.logging	Logger	1	exiting	2	arg0	-	log-injection	-
sink	java.util.logging	Logger	1	exiting	2	arg1	-	log-injection	-
sink	java.util.logging	Logger	1	exiting	3	arg0	-	log-injection	-
sink	java.util.logging	Logger	1	exiting	3	arg1	-	log-injection	-
sink	java.util.logging	Logger	1	exiting	3	arg2	-	log-injection	-
sink	java.util.logging	Logger	1	fine	-	arg0	-	log-injection	-
sink	java.util.logging	Logger	1	finer	-	arg0	-	log-injection	-
sink	java.util.logging	Logger	1	finest	-	arg0	-	log-injection	-
sink	java.util.logging	Logger	1	info	-	arg0	-	log-injection	-
sink	java.util.logging	Logger	1	log	1	arg0	-	log-injection	-
sink	java.util.logging	Logger	1	log	2	arg1	-	log-injection	-
sink	java.util.logging	Logger	1	log	3	arg1	-	log-injection	-
sink	java.util.logging	Logger	1	log	3	arg2	-	log-injection	-
sink	java.util.logging	Logger	1	logp	4	arg1	-	log-injection	-
sink	java.util.logging	Logger	1	logp	4	arg2	-	log-injection	-
sink	java.util.logging	Logger	1	logp	4	arg3	-	log-injection	-
sink	java.util.logging	Logger	1	logp	5	arg1	-	log-injection	-
sink	java.util.logging	Logger	1	logp	5	arg2	-	log-injection	-
sink	java.util.logging	Logger	1	logp	5	arg3	-	log-injection	-
sink	java.util.logging	Logger	1	logp	5	arg4	-	log-injection	-
sink	java.util.logging	Logger	1	logrb	5	arg1	-	log-injection	-
sink	java.util.logging	Logger	1	logrb	5	arg2	-	log-injection	-
sink	java.util.logging	Logger	1	logrb	5	arg3	-	log-injection	-
sink	java.util.logging	Logger	1	logrb	5	arg4	-	log-injection	-
sink	java.util.logging	Logger	1	logrb	6	arg1	-	log-injection	-
sink	java.util.logging	Logger	1	logrb	6	arg2	-	log-injection	-
sink	java.util.logging	Logger	1	logrb	6	arg3	-	log-injection	-
sink	java.util.logging	Logger	1	logrb	6	arg4	-	log-injection	-
sink	java.util.logging	Logger	1	logrb	6	arg5	-	log-injection	-
sink	java.util.logging	Logger	1	severe	-	arg0	-	log-injection	-
sink	java.util.logging	Logger	1	warning	-	arg0	-	log-injection	-
sink	java.util.regex	Matcher	0	matches	0	recv	-	regex-use	a
sink	java.util.regex	Pattern	0	asMatchPredicate	0	recv	-	regex-use	a
sink	java.util.regex	Pattern	0	compile	1	arg0	-	regex-use	a
sink	java.util.regex	Pattern	0	compile	2	arg0	-	regex-use	a
sink	java.util.regex	Pattern	0	matcher	1	recv	-	regex-use	a
sink	java.util.regex	Pattern	0	matches	2	arg0	-	regex-use	a
sink	java.util.regex	Pattern	0	split	1	recv	-	regex-use	a
sink	java.util.regex	Pattern	0	split	2	recv	-	regex-use	a
sink	java.util.regex	Pattern	0	splitAsStream	1	recv	-	regex-use	a
sink	java.util.zip	ZipFile	1	ZipFile	1	arg0	-	path-injection	-
sink	java.util.zip	ZipOutputStream	1	putNextEntry	1	arg0	-	file-content-store	-
sink	javafx.scene.web	WebEngine	0	load	1	arg0	-	request-forgery	-
sink	javax.activation	FileDataSource	1	FileDataSource	-	arg0	-	path-injection	-
sink	javax.activation	URLDataSource	1	URLDataSource	-	arg0	-	request-forgery	-
sink	javax.crypto	Cipher	0	unwrap	3	arg0	-	credentials-key	g
sink	javax.crypto	Cipher	1	init	3	arg2	-	encryption-iv	-
sink	javax.crypto	Cipher	1	init	4	arg2	-	encryption-iv	-
sink	javax.crypto	CipherSpi	1	engineUnwrap	3	arg0	-	credentials-key	g
sink	javax.crypto.spec	DESKeySpec	0	DESKeySpec	1	arg0	-	credentials-key	g
sink	javax.crypto.spec	DESKeySpec	0	DESKeySpec	2	arg0	-	credentials-key	g
sink	javax.crypto.spec	DESKeySpec	0	isParityAdjusted	2	arg0	-	credentials-key	g
sink	javax.crypto.spec	DESKeySpec	0	isWeak	2	arg0	-	credentials-key	g
sink	javax.crypto.spec	DESedeKeySpec	0	DESedeKeySpec	1	arg0	-	credentials-key	g
sink	javax.crypto.spec	DESedeKeySpec	0	DESedeKeySpec	2	arg0	-	credentials-key	g
sink	javax.crypto.spec	DESedeKeySpec	0	isParityAdjusted	2	arg0	-	credentials-key	g
sink	javax.crypto.spec	DHPrivateKeySpec	0	DHPrivateKeySpec	-	arg0	-	credentials-key	-
sink	javax.crypto.spec	PBEKeySpec	0	PBEKeySpec	-	arg1	-	encryption-salt	-
sink	javax.crypto.spec	PBEKeySpec	0	PBEKeySpec	1	arg0	-	credentials-password	g
sink	javax.crypto.spec	PBEKeySpec	0	PBEKeySpec	3	arg0	-	credentials-password	g
sink	javax.crypto.spec	PBEKeySpec	0	PBEKeySpec	4	arg0	-	credentials-password	g
sink	javax.crypto.spec	PBEParameterSpec	0	PBEParameterSpec	-	arg0	-	encryption-salt	-
sink	javax.crypto.spec	SecretKeySpec	0	SecretKeySpec	2	arg0	-	credentials-key	g
sink	javax.crypto.spec	SecretKeySpec	0	SecretKeySpec	4	arg0	-	credentials-key	g
sink	javax.faces.context	ExternalContext	1	getResource	1	arg0	-	path-injection	-
sink	javax.faces.context	ExternalContext	1	getResourceAsStream	1	arg0	-	path-injection	-
sink	javax.faces.context	ResponseStream	1	write	-	arg0	-	html-injection	-
sink	javax.faces.context	ResponseWriter	1	write	-	arg0	-	html-injection	-
sink	javax.imageio.stream	FileImageOutputStream	1	FileImageOutputStream	1	arg0	-	path-injection	-
sink	javax.management.remote	JMXConnector	1	connect	-	recv	-	jndi-injection	-
sink	javax.management.remote	JMXConnectorFactory	0	connect	-	arg0	-	jndi-injection	-
sink	javax.naming	Context	1	list	-	arg0	-	jndi-injection	-
sink	javax.naming	Context	1	listBindings	-	arg0	-	jndi-injection	-
sink	javax.naming	Context	1	lookup	-	arg0	-	jndi-injection	-
sink	javax.naming	Context	1	lookupLink	-	arg0	-	jndi-injection	-
sink	javax.naming	Context	1	rename	-	arg0	-	jndi-injection	-
sink	javax.naming	InitialContext	1	doLookup	-	arg0	-	jndi-injection	-
sink	javax.naming.directory	DirContext	1	search	-	arg0	-	ldap-injection	-
sink	javax.naming.directory	DirContext	1	search	-	arg1	-	ldap-injection	-
sink	javax.net.ssl	HttpsURLConnection	1	setDefaultHostnameVerifier	-	arg0	-	hostname-verification	-
sink	javax.net.ssl	HttpsURLConnection	1	setHostnameVerifier	-	arg0	-	hostname-verification	-
sink	javax.net.ssl	KeyManagerFactory	0	init	2	arg1	-	credentials-password	g
sink	javax.net.ssl	KeyManagerFactorySpi	0	engineInit	2	arg1	-	credentials-password	g
sink	javax.portlet	PortletContext	1	getRequestDispatcher	1	arg0	-	url-forward	-
sink	javax.print.attribute.standard	JobOriginatingUserName	0	JobOriginatingUserName	2	arg0	-	credentials-username	g
sink	javax.print.attribute.standard	RequestingUserName	0	RequestingUserName	2	arg0	-	credentials-username	g
sink	javax.script	CompiledScript	0	eval	-	recv	-	mvel-injection	-
sink	javax.security.auth.callback	PasswordCallback	0	setPassword	1	arg0	-	credentials-password	g
sink	javax.security.auth.kerberos	KerberosKey	0	KerberosKey	3	arg1	-	credentials-password	g
sink	javax.security.auth.kerberos	KerberosKey	0	KerberosKey	4	arg1	-	credentials-key	g
sink	javax.security.auth.kerberos	KerberosTicket	0	KerberosTicket	11	arg3	-	credentials-key	g
sink	javax.security.auth.kerberos	KerberosTicket	0	init	11	arg3	-	credentials-key	g
sink	javax.security.auth.kerberos	KeyImpl	0	KeyImpl	2	arg0	-	credentials-key	g
sink	javax.security.auth.kerberos	KeyImpl	0	KeyImpl	3	arg1	-	credentials-password	g
sink	javax.servlet	ServletContext	1	getRequestDispatcher	1	arg0	-	url-forward	-
sink	javax.servlet	ServletContext	1	getResource	1	arg0	-	path-injection	a
sink	javax.servlet	ServletContext	1	getResourceAsStream	1	arg0	-	path-injection	a
sink	javax.servlet	ServletRequest	1	getRequestDispatcher	1	arg0	-	url-forward	-
sink	javax.servlet.http	HttpServletResponse	0	addCookie	-	arg0	-	response-splitting	-
sink	javax.servlet.http	HttpServletResponse	0	addHeader	-	arg0	-	response-splitting	-
sink	javax.servlet.http	HttpServletResponse	0	addHeader	-	arg1	-	response-splitting	-
sink	javax.servlet.http	HttpServletResponse	0	sendError	2	arg1	-	information-leak	-
sink	javax.servlet.http	HttpServletResponse	0	setHeader	-	arg0	-	response-splitting	-
sink	javax.servlet.http	HttpServletResponse	0	setHeader	-	arg1	-	response-splitting	-
sink	javax.servlet.http	HttpSession	1	putValue	-	arg0	-	trust-boundary-violation	-
sink	javax.servlet.http	HttpSession	1	putValue	-	arg1	-	trust-boundary-violation	-
sink	javax.servlet.http	HttpSession	1	setAttribute	-	arg0	-	trust-boundary-violation	-
sink	javax.servlet.http	HttpSession	1	setAttribute	-	arg1	-	trust-boundary-violation	-
sink	javax.sql	ConnectionPoolDataSource	0	getPooledConnection	2	arg0	-	credentials-username	g
sink	javax.sql	ConnectionPoolDataSource	0	getPooledConnection	2	arg1	-	credentials-password	g
sink	javax.sql	DataSource	0	getConnection	2	arg0	-	credentials-username	g
sink	javax.sql	DataSource	0	getConnection	2	arg1	-	credentials-password	g
sink	javax.sql	RowSet	0	setPassword	1	arg0	-	credentials-password	g
sink	javax.sql	XADataSource	0	getXAConnection	2	arg0	-	credentials-username	g
sink	javax.sql	XADataSource	0	getXAConnection	2	arg1	-	credentials-password	g
sink	javax.validation	ConstraintValidatorContext	1	buildConstraintViolationWithTemplate	-	arg0	-	bean-validation	-
sink	javax.ws.rs.client	Client	1	target	-	arg0	-	request-forgery	-
sink	javax.ws.rs.core	Response	1	seeOther	-	arg0	-	url-redirection	-
sink	javax.ws.rs.core	Response	1	temporaryRedirect	-	arg0	-	url-redirection	-
sink	javax.ws.rs.core	ResponseBuilder	0	header	-	arg1	-	response-splitting	-
sink	javax.xml.transform	Transformer	0	transform	-	recv	-	xslt-injection	-
sink	javax.xml.transform.stream	StreamResult	1	StreamResult	1	arg0	-	path-injection	-
sink	javax.xml.xpath	XPath	1	compile	-	arg0	-	xpath-injection	-
sink	javax.xml.xpath	XPath	1	evaluate	-	arg0	-	xpath-injection	-
sink	javax.xml.xpath	XPath	1	evaluateExpression	-	arg0	-	xpath-injection	-
sink	kotlin.io	FilesKt	0	appendBytes	2	arg0	-	path-injection	g
sink	kotlin.io	FilesKt	0	appendText	3	arg0	-	path-injection	g
sink	kotlin.io	FilesKt	0	bufferedWriter	3	arg0	-	path-injection	g
sink	kotlin.io	FilesKt	0	copyRecursively	4	arg1	-	path-injection	g
sink	kotlin.io	FilesKt	0	copyTo	4	arg1	-	path-injection	g
sink	kotlin.io	FilesKt	0	deleteRecursively	1	arg0	-	path-injection	-
sink	kotlin.io	FilesKt	0	inputStream	1	arg0	-	path-injection	a
sink	kotlin.io	FilesKt	0	outputStream	1	arg0	-	path-injection	g
sink	kotlin.io	FilesKt	0	printWriter	2	arg0	-	path-injection	g
sink	kotlin.io	FilesKt	0	readBytes	1	arg0	-	path-injection	a
sink	kotlin.io	FilesKt	0	readText	2	arg0	-	path-injection	a
sink	kotlin.io	FilesKt	0	writeBytes	2	arg0	-	path-injection	g
sink	kotlin.io	FilesKt	0	writeText	3	arg0	-	path-injection	g
sink	kotlin.io	FilesKt	0	writer	2	arg0	-	path-injection	g
sink	kotlin.io	TextStreamsKt	0	readBytes	1	arg0	-	request-forgery	g
sink	kotlin.io	TextStreamsKt	0	readText	2	arg0	-	request-forgery	g
sink	liquibase.database.jvm	JdbcConnection	1	prepareStatement	1	arg0	-	sql-injection	-
sink	liquibase.statement.core	RawSqlStatement	1	RawSqlStatement	1	arg0	-	sql-injection	-
sink	net.lingala.zip4j	ZipFile	1	ZipFile	1	arg0	-	path-injection	-
sink	net.lingala.zip4j	ZipFile	1	extractAll	1	arg0	-	path-injection	-
sink	net.schmizz.sshj	SSHClient	0	authPassword	2	arg0	-	credentials-username	-
sink	net.schmizz.sshj	SSHClient	0	authPassword	2	arg1	-	credentials-password	-
sink	net.sf.json.groovy	JsonSlurper	1	parse	1	arg0	-	request-forgery	g
sink	net.sf.saxon.s9api	Xslt30Transformer	0	applyTemplates	-	recv	-	xslt-injection	-
sink	net.sf.saxon.s9api	Xslt30Transformer	0	callFunction	-	recv	-	xslt-injection	-
sink	net.sf.saxon.s9api	Xslt30Transformer	0	callTemplate	-	recv	-	xslt-injection	-
sink	net.sf.saxon.s9api	Xslt30Transformer	0	transform	-	recv	-	xslt-injection	-
sink	net.sf.saxon.s9api	XsltTransformer	0	transform	-	recv	-	xslt-injection	-
sink	ognl	Node	0	getValue	-	recv	-	ognl-injection	-
sink	ognl	Node	0	setValue	-	recv	-	ognl-injection	-
sink	ognl	Ognl	0	getValue	-	arg0	-	ognl-injection	-
sink	ognl	Ognl	0	setValue	-	arg0	-	ognl-injection	-
sink	ognl.enhance	ExpressionAccessor	1	get	-	recv	-	ognl-injection	-
sink	ognl.enhance	ExpressionAccessor	1	set	-	recv	-	ognl-injection	-
sink	okhttp3	Builder	1	url	-	arg0	-	request-forgery	-
sink	okhttp3	OkHttpClient	1	newCall	1	arg0	-	request-forgery	-
sink	okhttp3	OkHttpClient	1	newWebSocket	2	arg0	-	request-forgery	-
sink	okhttp3	Request	1	Request	-	arg0	-	request-forgery	-
sink	org.antlr.runtime	ANTLRFileStream	1	ANTLRFileStream	2	arg0	-	path-injection	-
sink	org.apache.avro	Parser	1	parse	1	arg0	-	path-injection	g
sink	org.apache.avro	Protocol	1	parse	1	arg0	-	path-injection	g
sink	org.apache.avro	Schema	1	parse	1	arg0	-	path-injection	g
sink	org.apache.avro	SchemaParser	1	parse	1	arg0	-	path-injection	g
sink	org.apache.avro	SchemaParser	1	parse	2	arg0	-	path-injection	g
sink	org.apache.avro	SchemaParser	1	parse	2	arg0	-	request-forgery	g
sink	org.apache.avro	SchemaParser	1	parseSingle	1	arg0	-	path-injection	g
sink	org.apache.avro.file	DataFileReader	1	openReader	2	arg0	-	path-injection	g
sink	org.apache.avro.file	DataFileWriter	1	appendTo	1	arg0	-	path-injection	g
sink	org.apache.avro.file	DataFileWriter	1	create	2	arg1	-	path-injection	g
sink	org.apache.avro.file	SeekableFileInput	1	SeekableFileInput	1	arg0	-	path-injection	g
sink	org.apache.avro.file	SyncableFileOutputStream	1	SyncableFileOutputStream	1	arg0	-	path-injection	g
sink	org.apache.avro.file	SyncableFileOutputStream	1	SyncableFileOutputStream	2	arg0	-	path-injection	g
sink	org.apache.commons.exec	CommandLine	1	addArguments	1	arg0	-	command-injection	-
sink	org.apache.commons.exec	CommandLine	1	addArguments	2	arg0	-	command-injection	-
sink	org.apache.commons.exec	CommandLine	1	parse	1	arg0	-	command-injection	-
sink	org.apache.commons.exec	CommandLine	1	parse	2	arg0	-	command-injection	-
sink	org.apache.commons.exec	Executor	1	execute	2	arg1	-	environment-injection	-
sink	org.apache.commons.exec	Executor	1	execute	3	arg1	-	environment-injection	-
sink	org.apache.commons.exec.environment	EnvironmentUtils	1	addVariableToEnvironment	2	arg0	-	environment-injection	-
sink	org.apache.commons.exec.launcher	CommandLauncher	1	exec	-	arg1	-	environment-injection	-
sink	org.apache.commons.io	FileUtils	0	forceMkdir	1	arg0	-	path-injection	-
sink	org.apache.commons.io	FileUtils	0	moveDirectory	2	arg0	-	path-injection	-
sink	org.apache.commons.io	FileUtils	0	readFileToByteArray	-	arg0	-	path-injection	a
sink	org.apache.commons.io	FileUtils	0	readFileToByteArray	1	arg0	-	path-injection	-
sink	org.apache.commons.io	FileUtils	0	writeLines	4	arg3	-	file-content-store	-
sink	org.apache.commons.io	FileUtils	0	writeStringToFile	4	arg1	-	file-content-store	-
sink	org.apache.commons.io	FileUtils	1	copyDirectory	2	arg1	-	path-injection	g
sink	org.apache.commons.io	FileUtils	1	copyDirectory	3	arg1	-	path-injection	g
sink	org.apache.commons.io	FileUtils	1	copyDirectory	4	arg1	-	path-injection	g
sink	org.apache.commons.io	FileUtils	1	copyDirectory	5	arg1	-	path-injection	g
sink	org.apache.commons.io	FileUtils	1	copyDirectoryToDirectory	2	arg1	-	path-injection	g
sink	org.apache.commons.io	FileUtils	1	copyFile	2	arg1	-	path-injection	g
sink	org.apache.commons.io	FileUtils	1	copyFile	3	arg1	-	path-injection	g
sink	org.apache.commons.io	FileUtils	1	copyFile	4	arg1	-	path-injection	g
sink	org.apache.commons.io	FileUtils	1	copyFileToDirectory	2	arg1	-	path-injection	g
sink	org.apache.commons.io	FileUtils	1	copyFileToDirectory	3	arg1	-	path-injection	g
sink	org.apache.commons.io	FileUtils	1	copyInputStreamToFile	2	arg0	-	file-content-store	-
sink	org.apache.commons.io	FileUtils	1	copyInputStreamToFile	2	arg1	-	path-injection	-
sink	org.apache.commons.io	FileUtils	1	copyInputStreamToFile	2	arg1	-	path-injection	g
sink	org.apache.commons.io	FileUtils	1	copyToDirectory	2	arg1	-	path-injection	g
sink	org.apache.commons.io	FileUtils	1	copyToFile	2	arg0	-	file-content-store	-
sink	org.apache.commons.io	FileUtils	1	copyToFile	2	arg1	-	path-injection	-
sink	org.apache.commons.io	FileUtils	1	copyToFile	2	arg1	-	path-injection	g
sink	org.apache.commons.io	FileUtils	1	copyURLToFile	2	arg0	-	request-forgery	g
sink	org.apache.commons.io	FileUtils	1	copyURLToFile	2	arg1	-	path-injection	g
sink	org.apache.commons.io	FileUtils	1	copyURLToFile	4	arg0	-	request-forgery	g
sink	org.apache.commons.io	FileUtils	1	copyURLToFile	4	arg1	-	path-injection	g
sink	org.apache.commons.io	FileUtils	1	delete	1	arg0	-	path-injection	-
sink	org.apache.commons.io	FileUtils	1	deleteDirectory	1	arg0	-	path-injection	-
sink	org.apache.commons.io	FileUtils	1	deleteQuietly	1	arg0	-	path-injection	-
sink	org.apache.commons.io	FileUtils	1	forceDelete	1	arg0	-	path-injection	-
sink	org.apache.commons.io	FileUtils	1	forceDeleteOnExit	1	arg0	-	path-injection	-
sink	org.apache.commons.io	FileUtils	1	forceMkdirParent	1	arg0	-	path-injection	-
sink	org.apache.commons.io	FileUtils	1	moveDirectory	2	arg1	-	path-injection	g
sink	org.apache.commons.io	FileUtils	1	moveDirectoryToDirectory	3	arg1	-	path-injection	g
sink	org.apache.commons.io	FileUtils	1	moveFile	2	arg1	-	path-injection	g
sink	org.apache.commons.io	FileUtils	1	moveFile	3	arg1	-	path-injection	g
sink	org.apache.commons.io	FileUtils	1	moveFileToDirectory	3	arg1	-	path-injection	g
sink	org.apache.commons.io	FileUtils	1	moveToDirectory	3	arg1	-	path-injection	g
sink	org.apache.commons.io	FileUtils	1	newOutputStream	2	arg0	-	path-injection	g
sink	org.apache.commons.io	FileUtils	1	openInputStream	1	arg0	-	path-injection	a
sink	org.apache.commons.io	FileUtils	1	openOutputStream	1	arg0	-	path-injection	g
sink	org.apache.commons.io	FileUtils	1	openOutputStream	2	arg0	-	path-injection	g
sink	org.apache.commons.io	FileUtils	1	touch	1	arg0	-	path-injection	g
sink	org.apache.commons.io	FileUtils	1	write	2	arg0	-	path-injection	g
sink	org.apache.commons.io	FileUtils	1	write	3	arg0	-	path-injection	g
sink	org.apache.commons.io	FileUtils	1	write	4	arg0	-	path-injection	g
sink	org.apache.commons.io	FileUtils	1	writeByteArrayToFile	2	arg0	-	path-injection	g
sink	org.apache.commons.io	FileUtils	1	writeByteArrayToFile	3	arg0	-	path-injection	g
sink	org.apache.commons.io	FileUtils	1	writeByteArrayToFile	4	arg0	-	path-injection	g
sink	org.apache.commons.io	FileUtils	1	writeByteArrayToFile	5	arg0	-	path-injection	g
sink	org.apache.commons.io	FileUtils	1	writeLines	2	arg0	-	path-injection	g
sink	org.apache.commons.io	FileUtils	1	writeLines	3	arg0	-	path-injection	g
sink	org.apache.commons.io	FileUtils	1	writeLines	4	arg0	-	path-injection	g
sink	org.apache.commons.io	FileUtils	1	writeLines	5	arg0	-	path-injection	g
sink	org.apache.commons.io	FileUtils	1	writeStringToFile	2	arg0	-	path-injection	g
sink	org.apache.commons.io	FileUtils	1	writeStringToFile	3	arg0	-	path-injection	g
sink	org.apache.commons.io	FileUtils	1	writeStringToFile	4	arg0	-	path-injection	g
sink	org.apache.commons.io	IOUtils	0	resourceToString	-	arg0	-	path-injection	a
sink	org.apache.commons.io	IOUtils	1	copy	2	arg0	-	request-forgery	g
sink	org.apache.commons.io	IOUtils	1	copy	2	arg1	-	path-injection	g
sink	org.apache.commons.io	IOUtils	1	toByteArray	1	arg0	-	request-forgery	g
sink	org.apache.commons.io	IOUtils	1	toString	1	arg0	-	request-forgery	g
sink	org.apache.commons.io	IOUtils	1	toString	2	arg0	-	request-forgery	g
sink	org.apache.commons.io	RandomAccessFileMode	0	create	1	arg0	-	path-injection	g
sink	org.apache.commons.io.file	PathFilter	1	accept	2	arg0	-	path-injection	g
sink	org.apache.commons.io.file	PathUtils	0	copyFile	3	arg0	-	request-forgery	g
sink	org.apache.commons.io.file	PathUtils	0	copyFile	3	arg1	-	path-injection	g
sink	org.apache.commons.io.file	PathUtils	0	copyFileToDirectory	3	arg0	-	request-forgery	g
sink	org.apache.commons.io.file	PathUtils	0	copyFileToDirectory	3	arg1	-	path-injection	g
sink	org.apache.commons.io.file	PathUtils	0	newOutputStream	2	arg0	-	path-injection	g
sink	org.apache.commons.io.file	PathUtils	0	writeString	4	arg0	-	path-injection	g
sink	org.apache.commons.io.filefilter	FileFilterUtils	1	filter	2	arg1	-	path-injection	g
sink	org.apache.commons.io.filefilter	FileFilterUtils	1	filterList	2	arg1	-	path-injection	g
sink	org.apache.commons.io.filefilter	FileFilterUtils	1	filterSet	2	arg1	-	path-injection	g
sink	org.apache.commons.io.input	Tailable	1	getRandomAccess	1	recv	-	path-injection	g
sink	org.apache.commons.io.input	XmlStreamReader	1	XmlStreamReader	1	arg0	-	request-forgery	g
sink	org.apache.commons.io.output	DeferredFileOutputStream	1	writeTo	1	arg0	-	path-injection	g
sink	org.apache.commons.io.output	FileWriterWithEncoding	1	FileWriterWithEncoding	2	arg0	-	path-injection	g
sink	org.apache.commons.io.output	FileWriterWithEncoding	1	FileWriterWithEncoding	3	arg0	-	path-injection	g
sink	org.apache.commons.io.output	LockableFileWriter	1	LockableFileWriter	1	arg0	-	path-injection	g
sink	org.apache.commons.io.output	LockableFileWriter	1	LockableFileWriter	2	arg0	-	path-injection	g
sink	org.apache.commons.io.output	LockableFileWriter	1	LockableFileWriter	3	arg0	-	path-injection	g
sink	org.apache.commons.io.output	LockableFileWriter	1	LockableFileWriter	4	arg0	-	path-injection	g
sink	org.apache.commons.io.output	XmlStreamWriter	1	XmlStreamWriter	1	arg0	-	path-injection	g
sink	org.apache.commons.io.output	XmlStreamWriter	1	XmlStreamWriter	2	arg0	-	path-injection	g
sink	org.apache.commons.jelly	JellyContext	1	JellyContext	1	arg0	-	request-forgery	-
sink	org.apache.commons.jelly	JellyContext	1	JellyContext	2	arg0	-	request-forgery	-
sink	org.apache.commons.jelly	JellyContext	1	JellyContext	2	arg1	-	request-forgery	-
sink	org.apache.commons.jelly	JellyContext	1	JellyContext	3	arg1	-	request-forgery	-
sink	org.apache.commons.jelly	JellyContext	1	JellyContext	3	arg2	-	request-forgery	-
sink	org.apache.commons.jexl2	Expression	0	callable	-	recv	-	jexl-injection	-
sink	org.apache.commons.jexl2	Expression	0	evaluate	-	recv	-	jexl-injection	-
sink	org.apache.commons.jexl2	Expression	0	prepare	-	recv	-	jexl-injection	-
sink	org.apache.commons.jexl2	JexlEngine	0	getProperty	2	arg1	-	jexl-injection	-
sink	org.apache.commons.jexl2	JexlEngine	0	getProperty	3	arg2	-	jexl-injection	-
sink	org.apache.commons.jexl2	JexlEngine	0	setProperty	3	arg1	-	jexl-injection	-
sink	org.apache.commons.jexl2	JexlEngine	0	setProperty	4	arg2	-	jexl-injection	-
sink	org.apache.commons.jexl2	JexlExpression	0	callable	-	recv	-	jexl-injection	-
sink	org.apache.commons.jexl2	JexlExpression	0	evaluate	-	recv	-	jexl-injection	-
sink	org.apache.commons.jexl2	JexlScript	0	callable	-	recv	-	jexl-injection	-
sink	org.apache.commons.jexl2	JexlScript	0	execute	-	recv	-	jexl-injection	-
sink	org.apache.commons.jexl2	Script	0	callable	-	recv	-	jexl-injection	-
sink	org.apache.commons.jexl2	Script	0	execute	-	recv	-	jexl-injection	-
sink	org.apache.commons.jexl2	Template	0	evaluate	-	recv	-	jexl-injection	-
sink	org.apache.commons.jexl3	Expression	0	callable	-	recv	-	jexl-injection	-
sink	org.apache.commons.jexl3	Expression	0	evaluate	-	recv	-	jexl-injection	-
sink	org.apache.commons.jexl3	Expression	0	prepare	-	recv	-	jexl-injection	-
sink	org.apache.commons.jexl3	JexlEngine	0	getProperty	2	arg1	-	jexl-injection	-
sink	org.apache.commons.jexl3	JexlEngine	0	getProperty	3	arg2	-	jexl-injection	-
sink	org.apache.commons.jexl3	JexlEngine	0	setProperty	3	arg1	-	jexl-injection	-
sink	org.apache.commons.jexl3	JexlEngine	0	setProperty	3	arg2	-	jexl-injection	-
sink	org.apache.commons.jexl3	JexlExpression	0	callable	-	recv	-	jexl-injection	-
sink	org.apache.commons.jexl3	JexlExpression	0	evaluate	-	recv	-	jexl-injection	-
sink	org.apache.commons.jexl3	JexlScript	0	callable	-	recv	-	jexl-injection	-
sink	org.apache.commons.jexl3	JexlScript	0	execute	-	recv	-	jexl-injection	-
sink	org.apache.commons.jexl3	Script	0	callable	-	recv	-	jexl-injection	-
sink	org.apache.commons.jexl3	Script	0	execute	-	recv	-	jexl-injection	-
sink	org.apache.commons.jexl3	Template	0	evaluate	-	recv	-	jexl-injection	-
sink	org.apache.commons.lang	SerializationUtils	0	deserialize	-	arg0	-	unsafe-deserialization	-
sink	org.apache.commons.lang3	RegExUtils	0	removeAll	2	arg1	-	regex-use	-
sink	org.apache.commons.lang3	RegExUtils	0	removeFirst	2	arg1	-	regex-use	-
sink	org.apache.commons.lang3	RegExUtils	0	removePattern	2	arg1	-	regex-use	-
sink	org.apache.commons.lang3	RegExUtils	0	replaceAll	3	arg1	-	regex-use	-
sink	org.apache.commons.lang3	RegExUtils	0	replaceFirst	3	arg1	-	regex-use	-
sink	org.apache.commons.lang3	RegExUtils	0	replacePattern	3	arg1	-	regex-use	-
sink	org.apache.commons.lang3	SerializationUtils	0	deserialize	-	arg0	-	unsafe-deserialization	-
sink	org.apache.commons.logging	Log	1	debug	-	arg0	-	log-injection	-
sink	org.apache.commons.logging	Log	1	error	-	arg0	-	log-injection	-
sink	org.apache.commons.logging	Log	1	fatal	-	arg0	-	log-injection	-
sink	org.apache.commons.logging	Log	1	info	-	arg0	-	log-injection	-
sink	org.apache.commons.logging	Log	1	trace	-	arg0	-	log-injection	-
sink	org.apache.commons.logging	Log	1	warn	-	arg0	-	log-injection	-
sink	org.apache.commons.net	SocketClient	1	connect	1	arg0	-	request-forgery	-
sink	org.apache.commons.net	SocketClient	1	connect	2	arg0	-	request-forgery	-
sink	org.apache.commons.net	SocketClient	1	connect	4	arg0	-	request-forgery	-
sink	org.apache.commons.net.ftp	FTPClient	0	login	2	arg0	-	credentials-username	-
sink	org.apache.commons.net.ftp	FTPClient	0	login	2	arg1	-	credentials-password	-
sink	org.apache.commons.net.ftp	FTPClient	0	login	3	arg0	-	credentials-username	-
sink	org.apache.commons.net.ftp	FTPClient	0	login	3	arg1	-	credentials-password	-
sink	org.apache.commons.net.util	KeyManagerUtils	0	createClientKeyManager	2	arg0	-	path-injection	a
sink	org.apache.commons.net.util	KeyManagerUtils	0	createClientKeyManager	3	arg0	-	path-injection	a
sink	org.apache.commons.net.util	KeyManagerUtils	0	createClientKeyManager	5	arg1	-	path-injection	a
sink	org.apache.commons.ognl	Node	1	getValue	-	recv	-	ognl-injection	-
sink	org.apache.commons.ognl	Node	1	setValue	-	recv	-	ognl-injection	-
sink	org.apache.commons.ognl	Ognl	0	getValue	-	arg0	-	ognl-injection	-
sink	org.apache.commons.ognl	Ognl	0	setValue	-	arg0	-	ognl-injection	-
sink	org.apache.commons.ognl.enhance	ExpressionAccessor	1	get	-	recv	-	ognl-injection	-
sink	org.apache.commons.ognl.enhance	ExpressionAccessor	1	set	-	recv	-	ognl-injection	-
sink	org.apache.cxf.catalog	OASISCatalogManager	1	loadCatalog	1	arg0	-	request-forgery	-
sink	org.apache.cxf.common.classloader	ClassLoaderUtils	1	getResourceAsStream	2	arg0	-	path-injection	-
sink	org.apache.cxf.common.classloader	ClassLoaderUtils	1	getURLClassLoader	2	arg0	-	request-forgery	-
sink	org.apache.cxf.common.jaxb	JAXBUtils	1	createFileCodeWriter	-	arg0	-	path-injection	-
sink	org.apache.cxf.common.logging	LogUtils	1	log	3	arg2	-	log-injection	-
sink	org.apache.cxf.common.logging	LogUtils	1	log	4	arg2	-	log-injection	-
sink	org.apache.cxf.common.logging	LogUtils	1	log	5	arg2	-	log-injection	-
sink	org.apache.cxf.configuration.jsse	SSLUtils	1	loadFile	1	arg0	-	path-injection	-
sink	org.apache.cxf.configuration.jsse	TLSClientParameters	1	setHostnameVerifier	1	arg0	-	hostname-verification	-
sink	org.apache.cxf.helpers	FileUtils	1	delete	1	arg0	-	path-injection	-
sink	org.apache.cxf.helpers	FileUtils	1	delete	2	arg0	-	path-injection	-
sink	org.apache.cxf.helpers	FileUtils	1	mkdir	1	arg0	-	path-injection	-
sink	org.apache.cxf.helpers	FileUtils	1	readLines	1	arg0	-	path-injection	-
sink	org.apache.cxf.helpers	FileUtils	1	removeDir	1	arg0	-	path-injection	-
sink	org.apache.cxf.helpers	XPathUtils	1	getValue	3	arg0	-	xpath-injection	-
sink	org.apache.cxf.helpers	XPathUtils	1	getValueList	2	arg0	-	xpath-injection	-
sink	org.apache.cxf.helpers	XPathUtils	1	getValueNode	2	arg0	-	xpath-injection	-
sink	org.apache.cxf.helpers	XPathUtils	1	getValueString	2	arg0	-	xpath-injection	-
sink	org.apache.cxf.helpers	XPathUtils	1	isExist	3	arg0	-	xpath-injection	-
sink	org.apache.cxf.resource	ExtendedURIResolver	1	resolve	2	arg0	-	request-forgery	-
sink	org.apache.cxf.resource	ExtendedURIResolver	1	resolve	2	arg1	-	path-injection	-
sink	org.apache.cxf.resource	URIResolver	1	URIResolver	1	arg0	-	request-forgery	-
sink	org.apache.cxf.resource	URIResolver	1	URIResolver	2	arg0	-	path-injection	-
sink	org.apache.cxf.resource	URIResolver	1	URIResolver	2	arg1	-	request-forgery	-
sink	org.apache.cxf.resource	URIResolver	1	URIResolver	3	arg0	-	path-injection	-
sink	org.apache.cxf.resource	URIResolver	1	URIResolver	3	arg1	-	request-forgery	-
sink	org.apache.cxf.resource	URIResolver	1	resolve	3	arg0	-	path-injection	-
sink	org.apache.cxf.resource	URIResolver	1	resolve	3	arg1	-	request-forgery	-
sink	org.apache.cxf.staxutils	StaxUtils	1	read	1	arg0	-	path-injection	-
sink	org.apache.cxf.tools.corba.utils	FileOutputStreamFactory	1	FileOutputStreamFactory	1	arg0	-	path-injection	-
sink	org.apache.cxf.tools.corba.utils	FileOutputStreamFactory	1	FileOutputStreamFactory	2	arg0	-	path-injection	-
sink	org.apache.cxf.tools.corba.utils	OutputStreamFactory	1	createOutputStream	1	arg0	-	path-injection	-
sink	org.apache.cxf.tools.corba.utils	OutputStreamFactory	1	createOutputStream	2	arg0	-	path-injection	-
sink	org.apache.cxf.tools.corba.utils	OutputStreamFactory	1	createOutputStream	2	arg1	-	path-injection	-
sink	org.apache.cxf.tools.util	FileWriterUtil	1	FileWriterUtil	2	arg0	-	path-injection	-
sink	org.apache.cxf.tools.util	FileWriterUtil	1	buildDir	1	arg0	-	path-injection	-
sink	org.apache.cxf.tools.util	FileWriterUtil	1	getFileToWrite	2	arg0	-	path-injection	-
sink	org.apache.cxf.tools.util	FileWriterUtil	1	getFileToWrite	2	arg1	-	path-injection	-
sink	org.apache.cxf.tools.util	FileWriterUtil	1	getWriter	2	arg0	-	path-injection	-
sink	org.apache.cxf.tools.util	FileWriterUtil	1	getWriter	2	arg1	-	path-injection	-
sink	org.apache.cxf.tools.util	FileWriterUtil	1	getWriter	3	arg0	-	path-injection	-
sink	org.apache.cxf.tools.util	FileWriterUtil	1	getWriter	3	arg1	-	path-injection	-
sink	org.apache.cxf.tools.util	OutputStreamCreator	1	createOutputStream	1	arg0	-	path-injection	-
sink	org.apache.cxf.transform	XSLTUtils	1	transform	2	arg0	-	xslt-injection	-
sink	org.apache.directory.ldap.client.api	LdapConnection	1	search	-	arg0	-	ldap-injection	-
sink	org.apache.directory.ldap.client.api	LdapConnection	1	search	-	arg1	-	ldap-injection	-
sink	org.apache.directory.ldap.client.api	LdapConnection	1	search	-	arg2	-	ldap-injection	-
sink	org.apache.hadoop.fs	FileSystem	1	rename	2	arg0	-	path-injection	-
sink	org.apache.hadoop.fs	FileSystem	1	rename	2	arg1	-	path-injection	-
sink	org.apache.hadoop.fs.s3a	WriteOperationHelper	1	createPutObjectRequest	2	arg1	-	path-injection	-
sink	org.apache.hadoop.hive.metastore	ObjectStore	1	updatePartitionColumnStatistics	2	arg0	-	sql-injection	-
sink	org.apache.hadoop.hive.metastore	ObjectStore	1	updatePartitionColumnStatistics	4	arg0	-	sql-injection	-
sink	org.apache.hadoop.hive.metastore.api	DefaultConstraintsRequest	1	DefaultConstraintsRequest	3	arg1	-	sql-injection	-
sink	org.apache.hadoop.hive.ql.exec	Utilities	0	renameOrMoveFilesInParallel	4	arg2	-	path-injection	-
sink	org.apache.hadoop.hive.ql.metadata	Hive	0	copyFiles	12	arg2	-	path-injection	-
sink	org.apache.hc.client5.http.async.methods	BasicHttpRequests	1	create	2	arg1	-	request-forgery	-
sink	org.apache.hc.client5.http.async.methods	BasicHttpRequests	1	create	3	arg1	-	request-forgery	-
sink	org.apache.hc.client5.http.async.methods	BasicHttpRequests	1	delete	1	arg0	-	request-forgery	-
sink	org.apache.hc.client5.http.async.methods	BasicHttpRequests	1	delete	2	arg0	-	request-forgery	-
sink	org.apache.hc.client5.http.async.methods	BasicHttpRequests	1	get	1	arg0	-	request-forgery	-
sink	org.apache.hc.client5.http.async.methods	BasicHttpRequests	1	get	2	arg0	-	request-forgery	-
sink	org.apache.hc.client5.http.async.methods	BasicHttpRequests	1	head	1	arg0	-	request-forgery	-
sink	org.apache.hc.client5.http.async.methods	BasicHttpRequests	1	head	2	arg0	-	request-forgery	-
sink	org.apache.hc.client5.http.async.methods	BasicHttpRequests	1	options	1	arg0	-	request-forgery	-
sink	org.apache.hc.client5.http.async.methods	BasicHttpRequests	1	options	2	arg0	-	request-forgery	-
sink	org.apache.hc.client5.http.async.methods	BasicHttpRequests	1	patch	1	arg0	-	request-forgery	-
sink	org.apache.hc.client5.http.async.methods	BasicHttpRequests	1	patch	2	arg0	-	request-forgery	-
sink	org.apache.hc.client5.http.async.methods	BasicHttpRequests	1	post	1	arg0	-	request-forgery	-
sink	org.apache.hc.client5.http.async.methods	BasicHttpRequests	1	post	2	arg0	-	request-forgery	-
sink	org.apache.hc.client5.http.async.methods	BasicHttpRequests	1	put	1	arg0	-	request-forgery	-
sink	org.apache.hc.client5.http.async.methods	BasicHttpRequests	1	put	2	arg0	-	request-forgery	-
sink	org.apache.hc.client5.http.async.methods	BasicHttpRequests	1	trace	1	arg0	-	request-forgery	-
sink	org.apache.hc.client5.http.async.methods	BasicHttpRequests	1	trace	2	arg0	-	request-forgery	-
sink	org.apache.hc.client5.http.async.methods	ConfigurableHttpRequest	1	ConfigurableHttpRequest	2	arg1	-	request-forgery	-
sink	org.apache.hc.client5.http.async.methods	ConfigurableHttpRequest	1	ConfigurableHttpRequest	3	arg1	-	request-forgery	-
sink	org.apache.hc.client5.http.async.methods	SimpleHttpRequest	1	SimpleHttpRequest	2	arg1	-	request-forgery	-
sink	org.apache.hc.client5.http.async.methods	SimpleHttpRequest	1	SimpleHttpRequest	3	arg1	-	request-forgery	-
sink	org.apache.hc.client5.http.async.methods	SimpleHttpRequest	1	create	2	arg1	-	request-forgery	-
sink	org.apache.hc.client5.http.async.methods	SimpleHttpRequest	1	create	3	arg1	-	request-forgery	-
sink	org.apache.hc.client5.http.async.methods	SimpleHttpRequests	1	create	2	arg1	-	request-forgery	-
sink	org.apache.hc.client5.http.async.methods	SimpleHttpRequests	1	create	3	arg1	-	request-forgery	-
sink	org.apache.hc.client5.http.async.methods	SimpleHttpRequests	1	delete	1	arg0	-	request-forgery	-
sink	org.apache.hc.client5.http.async.methods	SimpleHttpRequests	1	delete	2	arg0	-	request-forgery	-
sink	org.apache.hc.client5.http.async.methods	SimpleHttpRequests	1	get	1	arg0	-	request-forgery	-
sink	org.apache.hc.client5.http.async.methods	SimpleHttpRequests	1	get	2	arg0	-	request-forgery	-
sink	org.apache.hc.client5.http.async.methods	SimpleHttpRequests	1	head	1	arg0	-	request-forgery	-
sink	org.apache.hc.client5.http.async.methods	SimpleHttpRequests	1	head	2	arg0	-	request-forgery	-
sink	org.apache.hc.client5.http.async.methods	SimpleHttpRequests	1	options	1	arg0	-	request-forgery	-
sink	org.apache.hc.client5.http.async.methods	SimpleHttpRequests	1	options	2	arg0	-	request-forgery	-
sink	org.apache.hc.client5.http.async.methods	SimpleHttpRequests	1	patch	1	arg0	-	request-forgery	-
sink	org.apache.hc.client5.http.async.methods	SimpleHttpRequests	1	patch	2	arg0	-	request-forgery	-
sink	org.apache.hc.client5.http.async.methods	SimpleHttpRequests	1	post	1	arg0	-	request-forgery	-
sink	org.apache.hc.client5.http.async.methods	SimpleHttpRequests	1	post	2	arg0	-	request-forgery	-
sink	org.apache.hc.client5.http.async.methods	SimpleHttpRequests	1	put	1	arg0	-	request-forgery	-
sink	org.apache.hc.client5.http.async.methods	SimpleHttpRequests	1	put	2	arg0	-	request-forgery	-
sink	org.apache.hc.client5.http.async.methods	SimpleHttpRequests	1	trace	1	arg0	-	request-forgery	-
sink	org.apache.hc.client5.http.async.methods	SimpleHttpRequests	1	trace	2	arg0	-	request-forgery	-
sink	org.apache.hc.client5.http.async.methods	SimpleRequestBuilder	1	delete	1	arg0	-	request-forgery	-
sink	org.apache.hc.client5.http.async.methods	SimpleRequestBuilder	1	get	1	arg0	-	request-forgery	-
sink	org.apache.hc.client5.http.async.methods	SimpleRequestBuilder	1	head	1	arg0	-	request-forgery	-
sink	org.apache.hc.client5.http.async.methods	SimpleRequestBuilder	1	options	1	arg0	-	request-forgery	-
sink	org.apache.hc.client5.http.async.methods	SimpleRequestBuilder	1	patch	1	arg0	-	request-forgery	-
sink	org.apache.hc.client5.http.async.methods	SimpleRequestBuilder	1	post	1	arg0	-	request-forgery	-
sink	org.apache.hc.client5.http.async.methods	SimpleRequestBuilder	1	put	1	arg0	-	request-forgery	-
sink	org.apache.hc.client5.http.async.methods	SimpleRequestBuilder	1	trace	1	arg0	-	request-forgery	-
sink	org.apache.hc.client5.http.classic.methods	ClassicHttpRequests	1	create	2	arg1	-	request-forgery	-
sink	org.apache.hc.client5.http.classic.methods	ClassicHttpRequests	1	delete	1	arg0	-	request-forgery	-
sink	org.apache.hc.client5.http.classic.methods	ClassicHttpRequests	1	get	1	arg0	-	request-forgery	-
sink	org.apache.hc.client5.http.classic.methods	ClassicHttpRequests	1	head	1	arg0	-	request-forgery	-
sink	org.apache.hc.client5.http.classic.methods	ClassicHttpRequests	1	options	1	arg0	-	request-forgery	-
sink	org.apache.hc.client5.http.classic.methods	ClassicHttpRequests	1	patch	1	arg0	-	request-forgery	-
sink	org.apache.hc.client5.http.classic.methods	ClassicHttpRequests	1	post	1	arg0	-	request-forgery	-
sink	org.apache.hc.client5.http.classic.methods	ClassicHttpRequests	1	put	1	arg0	-	request-forgery	-
sink	org.apache.hc.client5.http.classic.methods	ClassicHttpRequests	1	trace	1	arg0	-	request-forgery	-
sink	org.apache.hc.client5.http.classic.methods	HttpDelete	1	HttpDelete	1	arg0	-	request-forgery	-
sink	org.apache.hc.client5.http.classic.methods	HttpGet	1	HttpGet	1	arg0	-	request-forgery	-
sink	org.apache.hc.client5.http.classic.methods	HttpHead	1	HttpHead	1	arg0	-	request-forgery	-
sink	org.apache.hc.client5.http.classic.methods	HttpOptions	1	HttpOptions	1	arg0	-	request-forgery	-
sink	org.apache.hc.client5.http.classic.methods	HttpPatch	1	HttpPatch	1	arg0	-	request-forgery	-
sink	org.apache.hc.client5.http.classic.methods	HttpPost	1	HttpPost	1	arg0	-	request-forgery	-
sink	org.apache.hc.client5.http.classic.methods	HttpPut	1	HttpPut	1	arg0	-	request-forgery	-
sink	org.apache.hc.client5.http.classic.methods	HttpTrace	1	HttpTrace	1	arg0	-	request-forgery	-
sink	org.apache.hc.client5.http.classic.methods	HttpUriRequestBase	1	HttpUriRequestBase	2	arg1	-	request-forgery	-
sink	org.apache.hc.client5.http.fluent	Request	1	create	2	arg1	-	request-forgery	-
sink	org.apache.hc.client5.http.fluent	Request	1	delete	1	arg0	-	request-forgery	-
sink	org.apache.hc.client5.http.fluent	Request	1	get	1	arg0	-	request-forgery	-
sink	org.apache.hc.client5.http.fluent	Request	1	head	1	arg0	-	request-forgery	-
sink	org.apache.hc.client5.http.fluent	Request	1	options	1	arg0	-	request-forgery	-
sink	org.apache.hc.client5.http.fluent	Request	1	patch	1	arg0	-	request-forgery	-
sink	org.apache.hc.client5.http.fluent	Request	1	post	1	arg0	-	request-forgery	-
sink	org.apache.hc.client5.http.fluent	Request	1	put	1	arg0	-	request-forgery	-
sink	org.apache.hc.client5.http.fluent	Request	1	trace	1	arg0	-	request-forgery	-
sink	org.apache.hc.core5.benchmark	Builder	1	setUri	1	arg0	-	request-forgery	-
sink	org.apache.hc.core5.http	HttpEntityContainer	1	setEntity	1	arg0	-	html-injection	-
sink	org.apache.hc.core5.http	HttpRequest	1	setUri	1	arg0	-	request-forgery	-
sink	org.apache.hc.core5.http	HttpRequestFactory	1	newHttpRequest	2	arg1	-	request-forgery	-
sink	org.apache.hc.core5.http.impl.bootstrap	HttpAsyncRequester	1	connect	2	arg0	-	request-forgery	-
sink	org.apache.hc.core5.http.impl.bootstrap	HttpAsyncRequester	1	connect	4	arg0	-	request-forgery	-
sink	org.apache.hc.core5.http.io.support	ClassicRequestBuilder	1	delete	1	arg0	-	request-forgery	-
sink	org.apache.hc.core5.http.io.support	ClassicRequestBuilder	1	get	1	arg0	-	request-forgery	-
sink	org.apache.hc.core5.http.io.support	ClassicRequestBuilder	1	head	1	arg0	-	request-forgery	-
sink	org.apache.hc.core5.http.io.support	ClassicRequestBuilder	1	options	1	arg0	-	request-forgery	-
sink	org.apache.hc.core5.http.io.support	ClassicRequestBuilder	1	patch	1	arg0	-	request-forgery	-
sink	org.apache.hc.core5.http.io.support	ClassicRequestBuilder	1	post	1	arg0	-	request-forgery	-
sink	org.apache.hc.core5.http.io.support	ClassicRequestBuilder	1	put	1	arg0	-	request-forgery	-
sink	org.apache.hc.core5.http.io.support	ClassicRequestBuilder	1	trace	1	arg0	-	request-forgery	-
sink	org.apache.hc.core5.http.message	BasicClassicHttpRequest	1	BasicClassicHttpRequest	2	arg1	-	request-forgery	-
sink	org.apache.hc.core5.http.message	BasicClassicHttpRequest	1	BasicClassicHttpRequest	3	arg1	-	request-forgery	-
sink	org.apache.hc.core5.http.message	BasicHttpRequest	1	BasicHttpRequest	2	arg1	-	request-forgery	-
sink	org.apache.hc.core5.http.message	BasicHttpRequest	1	BasicHttpRequest	3	arg1	-	request-forgery	-
sink	org.apache.hc.core5.http.nio.support	AsyncRequestBuilder	1	delete	1	arg0	-	request-forgery	-
sink	org.apache.hc.core5.http.nio.support	AsyncRequestBuilder	1	get	1	arg0	-	request-forgery	-
sink	org.apache.hc.core5.http.nio.support	AsyncRequestBuilder	1	head	1	arg0	-	request-forgery	-
sink	org.apache.hc.core5.http.nio.support	AsyncRequestBuilder	1	options	1	arg0	-	request-forgery	-
sink	org.apache.hc.core5.http.nio.support	AsyncRequestBuilder	1	patch	1	arg0	-	request-forgery	-
sink	org.apache.hc.core5.http.nio.support	AsyncRequestBuilder	1	post	1	arg0	-	request-forgery	-
sink	org.apache.hc.core5.http.nio.support	AsyncRequestBuilder	1	put	1	arg0	-	request-forgery	-
sink	org.apache.hc.core5.http.nio.support	AsyncRequestBuilder	1	trace	1	arg0	-	request-forgery	-
sink	org.apache.hc.core5.http.nio.support	BasicRequestProducer	1	BasicRequestProducer	2	arg1	-	request-forgery	-
sink	org.apache.hc.core5.http.nio.support	BasicRequestProducer	1	BasicRequestProducer	3	arg1	-	request-forgery	-
sink	org.apache.hc.core5.http.nio.support	BasicRequestProducer	1	BasicRequestProducer	4	arg1	-	request-forgery	-
sink	org.apache.hc.core5.http.support	AbstractRequestBuilder	1	setHttpHost	1	arg0	-	request-forgery	-
sink	org.apache.hc.core5.http.support	AbstractRequestBuilder	1	setUri	1	arg0	-	request-forgery	-
sink	org.apache.hc.core5.http.support	BasicRequestBuilder	1	delete	1	arg0	-	request-forgery	-
sink	org.apache.hc.core5.http.support	BasicRequestBuilder	1	get	1	arg0	-	request-forgery	-
sink	org.apache.hc.core5.http.support	BasicRequestBuilder	1	head	1	arg0	-	request-forgery	-
sink	org.apache.hc.core5.http.support	BasicRequestBuilder	1	options	1	arg0	-	request-forgery	-
sink	org.apache.hc.core5.http.support	BasicRequestBuilder	1	patch	1	arg0	-	request-forgery	-
sink	org.apache.hc.core5.http.support	BasicRequestBuilder	1	post	1	arg0	-	request-forgery	-
sink	org.apache.hc.core5.http.support	BasicRequestBuilder	1	put	1	arg0	-	request-forgery	-
sink	org.apache.hc.core5.http.support	BasicRequestBuilder	1	trace	1	arg0	-	request-forgery	-
sink	org.apache.hive.hcatalog.templeton	HcatDelegator	1	addOneColumn	4	arg3	-	sql-injection	-
sink	org.apache.http	HttpRequestFactory	1	newHttpRequest	2	arg1	-	request-forgery	-
sink	org.apache.http	HttpResponse	1	setEntity	1	arg0	-	html-injection	-
sink	org.apache.http.client	HttpClient	1	execute	1	arg0	-	request-forgery	-
sink	org.apache.http.client	HttpClient	1	execute	2	arg0	-	request-forgery	-
sink	org.apache.http.client	HttpClient	1	execute	3	arg0	-	request-forgery	-
sink	org.apache.http.client	HttpClient	1	execute	4	arg0	-	request-forgery	-
sink	org.apache.http.client.fluent	Request	1	Delete	1	arg0	-	request-forgery	-
sink	org.apache.http.client.fluent	Request	1	Get	1	arg0	-	request-forgery	-
sink	org.apache.http.client.fluent	Request	1	Head	1	arg0	-	request-forgery	-
sink	org.apache.http.client.fluent	Request	1	Options	1	arg0	-	request-forgery	-
sink	org.apache.http.client.fluent	Request	1	Patch	1	arg0	-	request-forgery	-
sink	org.apache.http.client.fluent	Request	1	Post	1	arg0	-	request-forgery	-
sink	org.apache.http.client.fluent	Request	1	Put	1	arg0	-	request-forgery	-
sink	org.apache.http.client.fluent	Request	1	Trace	1	arg0	-	request-forgery	-
sink	org.apache.http.client.methods	HttpDelete	0	HttpDelete	-	arg0	-	request-forgery	-
sink	org.apache.http.client.methods	HttpGet	0	HttpGet	-	arg0	-	request-forgery	-
sink	org.apache.http.client.methods	HttpHead	0	HttpHead	-	arg0	-	request-forgery	-
sink	org.apache.http.client.methods	HttpOptions	0	HttpOptions	-	arg0	-	request-forgery	-
sink	org.apache.http.client.methods	HttpPatch	0	HttpPatch	-	arg0	-	request-forgery	-
sink	org.apache.http.client.methods	HttpPost	0	HttpPost	-	arg0	-	request-forgery	-
sink	org.apache.http.client.methods	HttpPut	0	HttpPut	-	arg0	-	request-forgery	-
sink	org.apache.http.client.methods	HttpRequestBase	1	setURI	-	arg0	-	request-forgery	-
sink	org.apache.http.client.methods	HttpRequestWrapper	1	setURI	1	arg0	-	request-forgery	-
sink	org.apache.http.client.methods	HttpTrace	0	HttpTrace	-	arg0	-	request-forgery	-
sink	org.apache.http.client.methods	RequestBuilder	0	delete	-	arg0	-	request-forgery	-
sink	org.apache.http.client.methods	RequestBuilder	0	get	-	arg0	-	request-forgery	-
sink	org.apache.http.client.methods	RequestBuilder	0	head	-	arg0	-	request-forgery	-
sink	org.apache.http.client.methods	RequestBuilder	0	options	-	arg0	-	request-forgery	-
sink	org.apache.http.client.methods	RequestBuilder	0	patch	-	arg0	-	request-forgery	-
sink	org.apache.http.client.methods	RequestBuilder	0	post	-	arg0	-	request-forgery	-
sink	org.apache.http.client.methods	RequestBuilder	0	put	-	arg0	-	request-forgery	-
sink	org.apache.http.client.methods	RequestBuilder	0	setUri	-	arg0	-	request-forgery	-
sink	org.apache.http.client.methods	RequestBuilder	0	trace	-	arg0	-	request-forgery	-
sink	org.apache.http.impl.client	RequestWrapper	1	setURI	1	arg0	-	request-forgery	-
sink	org.apache.http.message	BasicHttpEntityEnclosingRequest	0	BasicHttpEntityEnclosingRequest	1	arg0	-	request-forgery	-
sink	org.apache.http.message	BasicHttpEntityEnclosingRequest	0	BasicHttpEntityEnclosingRequest	2	arg1	-	request-forgery	-
sink	org.apache.http.message	BasicHttpEntityEnclosingRequest	0	BasicHttpEntityEnclosingRequest	3	arg1	-	request-forgery	-
sink	org.apache.http.message	BasicHttpRequest	0	BasicHttpRequest	1	arg0	-	request-forgery	-
sink	org.apache.http.message	BasicHttpRequest	0	BasicHttpRequest	2	arg1	-	request-forgery	-
sink	org.apache.http.message	BasicHttpRequest	0	BasicHttpRequest	3	arg1	-	request-forgery	-
sink	org.apache.http.util	EntityUtils	1	updateEntity	2	arg1	-	html-injection	-
sink	org.apache.ibatis.jdbc	SqlRunner	0	delete	2	arg0	-	sql-injection	-
sink	org.apache.ibatis.jdbc	SqlRunner	0	insert	2	arg0	-	sql-injection	-
sink	org.apache.ibatis.jdbc	SqlRunner	0	run	1	arg0	-	sql-injection	-
sink	org.apache.ibatis.jdbc	SqlRunner	0	selectAll	2	arg0	-	sql-injection	-
sink	org.apache.ibatis.jdbc	SqlRunner	0	selectOne	2	arg0	-	sql-injection	-
sink	org.apache.ibatis.jdbc	SqlRunner	0	update	2	arg0	-	sql-injection	-
sink	org.apache.log4j	Category	1	assertLog	-	arg1	-	log-injection	-
sink	org.apache.log4j	Category	1	debug	-	arg0	-	log-injection	-
sink	org.apache.log4j	Category	1	error	-	arg0	-	log-injection	-
sink	org.apache.log4j	Category	1	fatal	-	arg0	-	log-injection	-
sink	org.apache.log4j	Category	1	forcedLog	-	arg2	-	log-injection	-
sink	org.apache.log4j	Category	1	info	-	arg0	-	log-injection	-
sink	org.apache.log4j	Category	1	l7dlog	4	arg2	-	log-injection	-
sink	org.apache.log4j	Category	1	log	2	arg1	-	log-injection	-
sink	org.apache.log4j	Category	1	log	3	arg1	-	log-injection	-
sink	org.apache.log4j	Category	1	log	4	arg2	-	log-injection	-
sink	org.apache.log4j	Category	1	warn	-	arg0	-	log-injection	-
sink	org.apache.logging.log4j	LogBuilder	1	log	1	arg0	-	log-injection	-
sink	org.apache.logging.log4j	LogBuilder	1	log	2	arg0	-	log-injection	-
sink	org.apache.logging.log4j	LogBuilder	1	log	2	arg1	-	log-injection	-
sink	org.apache.logging.log4j	LogBuilder	1	log	3	arg0	-	log-injection	-
sink	org.apache.logging.log4j	LogBuilder	1	log	3	arg1	-	log-injection	-
sink	org.apache.logging.log4j	LogBuilder	1	log	3	arg2	-	log-injection	-
sink	org.apache.logging.log4j	LogBuilder	1	log	4	arg0	-	log-injection	-
sink	org.apache.logging.log4j	LogBuilder	1	log	4	arg1	-	log-injection	-
sink	org.apache.logging.log4j	LogBuilder	1	log	4	arg2	-	log-injection	-
sink	org.apache.logging.log4j	LogBuilder	1	log	4	arg3	-	log-injection	-
sink	org.apache.logging.log4j	LogBuilder	1	log	5	arg0	-	log-injection	-
sink	org.apache.logging.log4j	LogBuilder	1	log	5	arg1	-	log-injection	-
sink	org.apache.logging.log4j	LogBuilder	1	log	5	arg2	-	log-injection	-
sink	org.apache.logging.log4j	LogBuilder	1	log	5	arg3	-	log-injection	-
sink	org.apache.logging.log4j	LogBuilder	1	log	5	arg4	-	log-injection	-
sink	org.apache.logging.log4j	LogBuilder	1	log	6	arg0	-	log-injection	-
sink	org.apache.logging.log4j	LogBuilder	1	log	6	arg1	-	log-injection	-
sink	org.apache.logging.log4j	LogBuilder	1	log	6	arg2	-	log-injection	-
sink	org.apache.logging.log4j	LogBuilder	1	log	6	arg3	-	log-injection	-
sink	org.apache.logging.log4j	LogBuilder	1	log	6	arg4	-	log-injection	-
sink	org.apache.logging.log4j	LogBuilder	1	log	6	arg5	-	log-injection	-
sink	org.apache.logging.log4j	LogBuilder	1	log	7	arg0	-	log-injection	-
sink	org.apache.logging.log4j	LogBuilder	1	log	7	arg1	-	log-injection	-
sink	org.apache.logging.log4j	LogBuilder	1	log	7	arg2	-	log-injection	-
sink	org.apache.logging.log4j	LogBuilder	1	log	7	arg3	-	log-injection	-
sink	org.apache.logging.log4j	LogBuilder	1	log	7	arg4	-	log-injection	-
sink	org.apache.logging.log4j	LogBuilder	1	log	7	arg5	-	log-injection	-
sink	org.apache.logging.log4j	LogBuilder	1	log	7	arg6	-	log-injection	-
sink	org.apache.logging.log4j	LogBuilder	1	log	8	arg0	-	log-injection	-
sink	org.apache.logging.log4j	LogBuilder	1	log	8	arg1	-	log-injection	-
sink	org.apache.logging.log4j	LogBuilder	1	log	8	arg2	-	log-injection	-
sink	org.apache.logging.log4j	LogBuilder	1	log	8	arg3	-	log-injection	-
sink	org.apache.logging.log4j	LogBuilder	1	log	8	arg4	-	log-injection	-
sink	org.apache.logging.log4j	LogBuilder	1	log	8	arg5	-	log-injection	-
sink	org.apache.logging.log4j	LogBuilder	1	log	8	arg6	-	log-injection	-
sink	org.apache.logging.log4j	LogBuilder	1	log	8	arg7	-	log-injection	-
sink	org.apache.logging.log4j	LogBuilder	1	log	9	arg0	-	log-injection	-
sink	org.apache.logging.log4j	LogBuilder	1	log	9	arg1	-	log-injection	-
sink	org.apache.logging.log4j	LogBuilder	1	log	9	arg2	-	log-injection	-
sink	org.apache.logging.log4j	LogBuilder	1	log	9	arg3	-	log-injection	-
sink	org.apache.logging.log4j	LogBuilder	1	log	9	arg4	-	log-injection	-
sink	org.apache.logging.log4j	LogBuilder	1	log	9	arg5	-	log-injection	-
sink	org.apache.logging.log4j	LogBuilder	1	log	9	arg6	-	log-injection	-
sink	org.apache.logging.log4j	LogBuilder	1	log	9	arg7	-	log-injection	-
sink	org.apache.logging.log4j	LogBuilder	1	log	9	arg8	-	log-injection	-
sink	org.apache.logging.log4j	LogBuilder	1	log	10	arg0	-	log-injection	-
sink	org.apache.logging.log4j	LogBuilder	1	log	10	arg1	-	log-injection	-
sink	org.apache.logging.log4j	LogBuilder	1	log	10	arg2	-	log-injection	-
sink	org.apache.logging.log4j	LogBuilder	1	log	10	arg3	-	log-injection	-
sink	org.apache.logging.log4j	LogBuilder	1	log	10	arg4	-	log-injection	-
sink	org.apache.logging.log4j	LogBuilder	1	log	10	arg5	-	log-injection	-
sink	org.apache.logging.log4j	LogBuilder	1	log	10	arg6	-	log-injection	-
sink	org.apache.logging.log4j	LogBuilder	1	log	10	arg7	-	log-injection	-
sink	org.apache.logging.log4j	LogBuilder	1	log	10	arg8	-	log-injection	-
sink	org.apache.logging.log4j	LogBuilder	1	log	10	arg9	-	log-injection	-
sink	org.apache.logging.log4j	LogBuilder	1	log	11	arg0	-	log-injection	-
sink	org.apache.logging.log4j	LogBuilder	1	log	11	arg1	-	log-injection	-
sink	org.apache.logging.log4j	LogBuilder	1	log	11	arg2	-	log-injection	-
sink	org.apache.logging.log4j	LogBuilder	1	log	11	arg3	-	log-injection	-
sink	org.apache.logging.log4j	LogBuilder	1	log	11	arg4	-	log-injection	-
sink	org.apache.logging.log4j	LogBuilder	1	log	11	arg5	-	log-injection	-
sink	org.apache.logging.log4j	LogBuilder	1	log	11	arg6	-	log-injection	-
sink	org.apache.logging.log4j	LogBuilder	1	log	11	arg7	-	log-injection	-
sink	org.apache.logging.log4j	LogBuilder	1	log	11	arg8	-	log-injection	-
sink	org.apache.logging.log4j	LogBuilder	1	log	11	arg9	-	log-injection	-
sink	org.apache.logging.log4j	LogBuilder	1	log	11	arg10	-	log-injection	-
sink	org.apache.logging.log4j	Logger	1	debug	1	arg0	-	log-injection	-
sink	org.apache.logging.log4j	Logger	1	debug	2	arg0	-	log-injection	-
sink	org.apache.logging.log4j	Logger	1	debug	2	arg1	-	log-injection	-
sink	org.apache.logging.log4j	Logger	1	debug	3	arg0	-	log-injection	-
sink	org.apache.logging.log4j	Logger	1	debug	3	arg1	-	log-injection	-
sink	org.apache.logging.log4j	Logger	1	debug	3	arg2	-	log-injection	-
sink	org.apache.logging.log4j	Logger	1	debug	4	arg0	-	log-injection	-
sink	org.apache.logging.log4j	Logger	1	debug	4	arg1	-	log-injection	-
sink	org.apache.logging.log4j	Logger	1	debug	4	arg2	-	log-injection	-
sink	org.apache.logging.log4j	Logger	1	debug	4	arg3	-	log-injection	-
sink	org.apache.logging.log4j	Logger	1	debug	5	arg0	-	log-injection	-
sink	org.apache.logging.log4j	Logger	1	debug	5	arg1	-	log-injection	-
sink	org.apache.logging.log4j	Logger	1	debug	5	arg2	-	log-injection	-
sink	org.apache.logging.log4j	Logger	1	debug	5	arg3	-	log-injection	-
sink	org.apache.logging.log4j	Logger	1	debug	5	arg4	-	log-injection	-
sink	org.apache.logging.log4j	Logger	1	debug	6	arg0	-	log-injection	-
sink	org.apache.logging.log4j	Logger	1	debug	6	arg1	-	log-injection	-
sink	org.apache.logging.log4j	Logger	1	debug	6	arg2	-	log-injection	-
sink	org.apache.logging.log4j	Logger	1	debug	6	arg3	-	log-injection	-
sink	org.apache.logging.log4j	Logger	1	debug	6	arg4	-	log-injection	-
sink	org.apache.logging.log4j	Logger	1	debug	6	arg5	-	log-injection	-
sink	org.apache.logging.log4j	Logger	1	debug	7	arg0	-	log-injection	-
sink	org.apache.logging.log4j	Logger	1	debug	7	arg1	-	log-injection	-
sink	org.apache.logging.log4j	Logger	1	debug	7	arg2	-	log-injection	-
sink	org.apache.logging.log4j	Logger	1	debug	7	arg3	-	log-injection	-
sink	org.apache.logging.log4j	Logger	1	debug	7	arg4	-	log-injection	-
sink	org.apache.logging.log4j	Logger	1	debug	7	arg5	-	log-injection	-
sink	org.apache.logging.log4j	Logger	1	debug	7	arg6	-	log-injection	-
sink	org.apache.logging.log4j	Logger	1	debug	8	arg0	-	log-injection	-
sink	org.apache.logging.log4j	Logger	1	debug	8	arg1	-	log-injection	-
sink	org.apache.logging.log4j	Logger	1	debug	8	arg2	-	log-injection	-
sink	org.apache.logging.log4j	Logger	1	debug	8	arg3	-	log-injection	-
sink	org.apache.logging.log4j	Logger	1	debug	8	arg4	-	log-injection	-
sink	org.apache.logging.log4j	Logger	1	debug	8	arg5	-	log-injection	-
sink	org.apache.logging.log4j	Logger	1	debug	8	arg6	-	log-injection	-
sink	org.apache.logging.log4j	Logger	1	debug	8	arg7	-	log-injection	-
sink	org.apache.logging.log4j	Logger	1	debug	9	arg0	-	log-injection	-
sink	org.apache.logging.log4j	Logger	1	debug	9	arg1	-	log-injection	-
sink	org.apache.logging.log4j	Logger	1	debug	9	arg2	-	log-injection	-
sink	org.apache.logging.log4j	Logger	1	debug	9	arg3	-	log-injection	-
sink	org.apache.logging.log4j	Logger	1	debug	9	arg4	-	log-injection	-
sink	org.apache.logging.log4j	Logger	1	debug	9	arg5	-	log-injection	-
sink	org.apache.logging.log4j	Logger	1	debug	9	arg6	-	log-injection	-
sink	org.apache.logging.log4j	Logger	1	debug	9	arg7	-	log-injection	-
sink	org.apache.logging.log4j	Logger	1	debug	9	arg8	-	log-injection	-
sink	org.apache.logging.log4j	Logger	1	debug	10	arg0	-	log-injection	-
sink	org.apache.logging.log4j	Logger	1	debug	10	arg1	-	log-injection	-
sink	org.apache.logging.log4j	Logger	1	debug	10	arg2	-	log-injection	-
sink	org.apache.logging.log4j	Logger	1	debug	10	arg3	-	log-injection	-
sink	org.apache.logging.log4j	Logger	1	debug	10	arg4	-	log-injection	-
sink	org.apache.logging.log4j	Logger	1	debug	10	arg5	-	log-injection	-
sink	org.apache.logging.log4j	Logger	1	debug	10	arg6	-	log-injection	-
sink	org.apache.logging.log4j	Logger	1	debug	10	arg7	-	log-injection	-
sink	org.apache.logging.log4j	Logger	1	debug	10	arg8	-	log-injection	-
sink	org.apache.logging.log4j	Logger	1	debug	10	arg9	-	log-injection	-
sink	org.apache.logging.log4j	Logger	1	debug	11	arg0	-	log-injection	-
sink	org.apache.logging.log4j	Logger	1	debug	11	arg1	-	log-injection	-
sink	org.apache.logging.log4j	Logger	1	debug	11	arg2	-	log-injection	-
sink	org.apache.logging.log4j	Logger	1	debug	11	arg3	-	log-injection	-
sink	org.apache.logging.log4j	Logger	1	debug	11	arg4	-	log-injection	-
sink	org.apache.logging.log4j	Logger	1	debug	11	arg5	-	log-injection	-
sink	org.apache.logging.log4j	Logger	1	debug	11	arg6	-	log-injection	-
sink	org.apache.logging.log4j	Logger	1	debug	11	arg7	-	log-injection	-
sink	org.apache.logging.log4j	Logger	1	debug	11	arg8	-	log-injection	-
sink	org.apache.logging.log4j	Logger	1	debug	11	arg9	-	log-injection	-
sink	org.apache.logging.log4j	Logger	1	debug	11	arg10	-	log-injection	-
sink	org.apache.logging.log4j	Logger	1	debug	12	arg1	-	log-injection	-
sink	org.apache.logging.log4j	Logger	1	debug	12	arg2	-	log-injection	-
sink	org.apache.logging.log4j	Logger	1	debug	12	arg3	-	log-injection	-
sink	org.apache.logging.log4j	Logger	1	debug	12	arg4	-	log-injection	-
sink	org.apache.logging.log4j	Logger	1	debug	12	arg5	-	log-injection	-
sink	org.apache.logging.log4j	Logger	1	debug	12	arg6	-	log-injection	-
sink	org.apache.logging.log4j	Logger	1	debug	12	arg7	-	log-injection	-
sink	org.apache.logging.log4j	Logger	1	debug	12	arg8	-	log-injection	-
sink	org.apache.logging.log4j	Logger	1	debug	12	arg9	-	log-injection	-
sink	org.apache.logging.log4j	Logger	1	debug	12	arg10	-	log-injection	-
sink	org.apache.logging.log4j	Logger	1	debug	12	arg11	-	log-injection	-
sink	org.apache.logging.log4j	Logger	1	entry	1	arg0	-	log-injection	-
sink	org.apache.logging.log4j	Logger	1	error	1	arg0	-	log-injection	-
sink	org.apache.logging.log4j	Logger	1	error	2	arg0	-	log-injection	-
sink	org.apache.logging.log4j	Logger	1	error	2	arg1	-	log-injection	-
sink	org.apache.logging.log4j	Logger	1	error	3	arg0	-	log-injection	-
sink	org.apache.logging.log4j	Logger	1	error	3	arg1	-	log-injection	-
sink	org.apache.logging.log4j	Logger	1	error	3	arg2	-	log-injection	-
sink	org.apache.logging.log4j	Logger	1	error	4	arg0	-	log-injection	-
sink	org.apache.logging.log4j	Logger	1	error	4	arg1	-	log-injection	-
sink	org.apache.logging.log4j	Logger	1	error	4	arg2	-	log-injection	-
sink	org.apache.logging.log4j	Logger	1	error	4	arg3	-	log-injection	-
sink	org.apache.logging.log4j	Logger	1	error	5	arg0	-	log-injection	-
sink	org.apache.logging.log4j	Logger	1	error	5	arg1	-	log-injection	-
sink	org.apache.logging.log4j	Logger	1	error	5	arg2	-	log-injection	-
sink	org.apache.logging.log4j	Logger	1	error	5	arg3	-	log-injection	-
sink	org.apache.logging.log4j	Logger	1	error	5	arg4	-	log-injection	-
sink	org.apache.logging.log4j	Logger	1	error	6	arg0	-	log-injection	-
sink	org.apache.logging.log4j	Logger	1	error	6	arg1	-	log-injection	-
sink	org.apache.logging.log4j	Logger	1	error	6	arg2	-	log-injection	-
sink	org.apache.logging.log4j	Logger	1	error	6	arg3	-	log-injection	-
sink	org.apache.logging.log4j	Logger	1	error	6	arg4	-	log-injection	-
sink	org.apache.logging.log4j	Logger	1	error	6	arg5	-	log-injection	-
sink	org.apache.logging.log4j	Logger	1	error	7	arg0	-	log-injection	-
sink	org.apache.logging.log4j	Logger	1	error	7	arg1	-	log-injection	-
sink	org.apache.logging.log4j	Logger	1	error	7	arg2	-	log-injection	-
sink	org.apache.logging.log4j	Logger	1	error	7	arg3	-	log-injection	-
sink	org.apache.logging.log4j	Logger	1	error	7	arg4	-	log-injection	-
sink	org.apache.logging.log4j	Logger	1	error	7	arg5	-	log-injection	-
sink	org.apache.logging.log4j	Logger	1	error	7	arg6	-	log-injection	-
sink	org.apache.logging.log4j	Logger	1	error	8	arg0	-	log-injection	-
sink	org.apache.logging.log4j	Logger	1	error	8	arg1	-	log-injection	-
sink	org.apache.logging.log4j	Logger	1	error	8	arg2	-	log-injection	-
sink	org.apache.logging.log4j	Logger	1	error	8	arg3	-	log-injection	-
sink	org.apache.logging.log4j	Logger	1	error	8	arg4	-	log-injection	-
sink	org.apache.logging.log4j	Logger	1	error	8	arg5	-	log-injection	-
sink	org.apache.logging.log4j	Logger	1	error	8	arg6	-	log-injection	-
sink	org.apache.logging.log4j	Logger	1	error	8	arg7	-	log-injection	-
sink	org.apache.logging.log4j	Logger	1	error	9	arg0	-	log-injection	-
sink	org.apache.logging.log4j	Logger	1	error	9	arg1	-	log-injection	-
sink	org.apache.logging.log4j	Logger	1	error	9	arg2	-	log-injection	-
sink	org.apache.logging.log4j	Logger	1	error	9	arg3	-	log-injection	-
sink	org.apache.logging.log4j	Logger	1	error	9	arg4	-	log-injection	-
sink	org.apache.logging.log4j	Logger	1	error	9	arg5	-	log-injection	-
sink	org.apache.logging.log4j	Logger	1	error	9	arg6	-	log-injection	-
sink	org.apache.logging.log4j	Logger	1	error	9	arg7	-	log-injection	-
sink	org.apache.logging.log4j	Logger	1	error	9	arg8	-	log-injection	-
sink	org.apache.logging.log4j	Logger	1	error	10	arg0	-	log-injection	-
sink	org.apache.logging.log4j	Logger	1	error	10	arg1	-	log-injection	-
sink	org.apache.logging.log4j	Logger	1	error	10	arg2	-	log-injection	-
sink	org.apache.logging.log4j	Logger	1	error	10	arg3	-	log-injection	-
sink	org.apache.logging.log4j	Logger	1	error	10	arg4	-	log-injection	-
sink	org.apache.logging.log4j	Logger	1	error	10	arg5	-	log-injection	-
sink	org.apache.logging.log4j	Logger	1	error	10	arg6	-	log-injection	-
sink	org.apache.logging.log4j	Logger	1	error	10	arg7	-	log-injection	-
sink	org.apache.logging.log4j	Logger	1	error	10	arg8	-	log-injection	-
sink	org.apache.logging.log4j	Logger	1	error	10	arg9	-	log-injection	-
sink	org.apache.logging.log4j	Logger	1	error	11	arg0	-	log-injection	-
sink	org.apache.logging.log4j	Logger	1	error	11	arg1	-	log-injection	-
sink	org.apache.logging.log4j	Logger	1	error	11	arg2	-	log-injection	-
sink	org.apache.logging.log4j	Logger	1	error	11	arg3	-	log-injection	-
sink	org.apache.logging.log4j	Logger	1	error	11	arg4	-	log-injection	-
sink	org.apache.logging.log4j	Logger	1	error	11	arg5	-	log-injection	-
sink	org.apache.logging.log4j	Logger	1	error	11	arg6	-	log-injection	-
sink	org.apache.logging.log4j	Logger	1	error	11	arg7	-	log-injection	-
sink	org.apache.logging.log4j	Logger	1	error	11	arg8	-	log-injection	-
sink	org.apache.logging.log4j	Logger	1	error	11	arg9	-	log-injection	-
sink	org.apache.logging.log4j	Logger	1	error	11	arg10	-	log-injection	-
sink	org.apache.logging.log4j	Logger	1	error	12	arg1	-	log-injection	-
sink	org.apache.logging.log4j	Logger	1	error	12	arg2	-	log-injection	-
sink	org.apache.logging.log4j	Logger	1	error	12	arg3	-	log-injection	-
sink	org.apache.logging.log4j	Logger	1	error	12	arg4	-	log-injection	-
sink	org.apache.logging.log4j	Logger	1	error	12	arg5	-	log-injection	-
sink	org.apache.logging.log4j	Logger	1	error	12	arg6	-	log-injection	-
sink	org.apache.logging.log4j	Logger	1	error	12	arg7	-	log-injection	-
sink	org.apache.logging.log4j	Logger	1	error	12	arg8	-	log-injection	-
sink	org.apache.logging.log4j	Logger	1	error	12	arg9	-	log-injection	-
sink	org.apache.logging.log4j	Logger	1	error	12	arg10	-	log-injection	-
sink	org.apache.logging.log4j	Logger	1	error	12	arg11	-	log-injection	-
sink	org.apache.logging.log4j	Logger	1	fatal	1	arg0	-	log-injection	-
sink	org.apache.logging.log4j	Logger	1	fatal	2	arg0	-	log-injection	-
sink	org.apache.logging.log4j	Logger	1	fatal	2	arg1	-	log-injection	-
sink	org.apache.logging.log4j	Logger	1	fatal	3	arg0	-	log-injection	-
sink	org.apache.logging.log4j	Logger	1	fatal	3	arg1	-	log-injection	-
sink	org.apache.logging.log4j	Logger	1	fatal	3	arg2	-	log-injection	-
sink	org.apache.logging.log4j	Logger	1	fatal	4	arg0	-	log-injection	-
sink	org.apache.logging.log4j	Logger	1	fatal	4	arg1	-	log-injection	-
sink	org.apache.logging.log4j	Logger	1	fatal	4	arg2	-	log-injection	-
sink	org.apache.logging.log4j	Logger	1	fatal	4	arg3	-	log-injection	-
sink	org.apache.logging.log4j	Logger	1	fatal	5	arg0	-	log-injection	-
sink	org.apache.logging.log4j	Logger	1	fatal	5	arg1	-	log-injection	-
sink	org.apache.logging.log4j	Logger	1	fatal	5	arg2	-	log-injection	-
sink	org.apache.logging.log4j	Logger	1	fatal	5	arg3	-	log-injection	-
sink	org.apache.logging.log4j	Logger	1	fatal	5	arg4	-	log-injection	-
sink	org.apache.logging.log4j	Logger	1	fatal	6	arg0	-	log-injection	-
sink	org.apache.logging.log4j	Logger	1	fatal	6	arg1	-	log-injection	-
sink	org.apache.logging.log4j	Logger	1	fatal	6	arg2	-	log-injection	-
sink	org.apache.logging.log4j	Logger	1	fatal	6	arg3	-	log-injection	-
sink	org.apache.logging.log4j	Logger	1	fatal	6	arg4	-	log-injection	-
sink	org.apache.logging.log4j	Logger	1	fatal	6	arg5	-	log-injection	-
sink	org.apache.logging.log4j	Logger	1	fatal	7	arg0	-	log-injection	-
sink	org.apache.logging.log4j	Logger	1	fatal	7	arg1	-	log-injection	-
sink	org.apache.logging.log4j	Logger	1	fatal	7	arg2	-	log-injection	-
sink	org.apache.logging.log4j	Logger	1	fatal	7	arg3	-	log-injection	-
sink	org.apache.logging.log4j	Logger	1	fatal	7	arg4	-	log-injection	-
sink	org.apache.logging.log4j	Logger	1	fatal	7	arg5	-	log-injection	-
sink	org.apache.logging.log4j	Logger	1	fatal	7	arg6	-	log-injection	-
sink	org.apache.logging.log4j	Logger	1	fatal	8	arg0	-	log-injection	-
sink	org.apache.logging.log4j	Logger	1	fatal	8	arg1	-	log-injection	-
sink	org.apache.logging.log4j	Logger	1	fatal	8	arg2	-	log-injection	-
sink	org.apache.logging.log4j	Logger	1	fatal	8	arg3	-	log-injection	-
sink	org.apache.logging.log4j	Logger	1	fatal	8	arg4	-	log-injection	-
sink	org.apache.logging.log4j	Logger	1	fatal	8	arg5	-	log-injection	-
sink	org.apache.logging.log4j	Logger	1	fatal	8	arg6	-	log-injection	-
sink	org.apache.logging.log4j	Logger	1	fatal	8	arg7	-	log-injection	-
sink	org.apache.logging.log4j	Logger	1	fatal	9	arg0	-	log-injection	-
sink	org.apache.logging.log4j	Logger	1	fatal	9	arg1	-	log-injection	-
sink	org.apache.logging.log4j	Logger	1	fatal	9	arg2	-	log-injection	-
sink	org.apache.logging.log4j	Logger	1	fatal	9	arg3	-	log-injection	-
sink	org.apache.logging.log4j	Logger	1	fatal	9	arg4	-	log-injection	-
sink	org.apache.logging.log4j	Logger	1	fatal	9	arg5	-	log-injection	-
sink	org.apache.logging.log4j	Logger	1	fatal	9	arg6	-	log-injection	-
sink	org.apache.logging.log4j	Logger	1	fatal	9	arg7	-	log-injection	-
sink	org.apache.logging.log4j	Logger	1	fatal	9	arg8	-	log-injection	-
sink	org.apache.logging.log4j	Logger	1	fatal	10	arg0	-	log-injection	-
sink	org.apache.logging.log4j	Logger	1	fatal	10	arg1	-	log-injection	-
sink	org.apache.logging.log4j	Logger	1	fatal	10	arg2	-	log-injection	-
sink	org.apache.logging.log4j	Logger	1	fatal	10	arg3	-	log-injection	-
sink	org.apache.logging.log4j	Logger	1	fatal	10	arg4	-	log-injection	-
sink	org.apache.logging.log4j	Logger	1	fatal	10	arg5	-	log-injection	-
sink	org.apache.logging.log4j	Logger	1	fatal	10	arg6	-	log-injection	-
sink	org.apache.logging.log4j	Logger	1	fatal	10	arg7	-	log-injection	-
sink	org.apache.logging.log4j	Logger	1	fatal	10	arg8	-	log-injection	-
sink	org.apache.logging.log4j	Logger	1	fatal	10	arg9	-	log-injection	-
sink	org.apache.logging.log4j	Logger	1	fatal	11	arg0	-	log-injection	-
sink	org.apache.logging.log4j	Logger	1	fatal	11	arg1	-	log-injection	-
sink	org.apache.logging.log4j	Logger	1	fatal	11	arg2	-	log-injection	-
sink	org.apache.logging.log4j	Logger	1	fatal	11	arg3	-	log-injection	-
sink	org.apache.logging.log4j	Logger	1	fatal	11	arg4	-	log-injection	-
sink	org.apache.logging.log4j	Logger	1	fatal	11	arg5	-	log-injection	-
sink	org.apache.logging.log4j	Logger	1	fatal	11	arg6	-	log-injection	-
sink	org.apache.logging.log4j	Logger	1	fatal	11	arg7	-	log-injection	-
sink	org.apache.logging.log4j	Logger	1	fatal	11	arg8	-	log-injection	-
sink	org.apache.logging.log4j	Logger	1	fatal	11	arg9	-	log-injection	-
sink	org.apache.logging.log4j	Logger	1	fatal	11	arg10	-	log-injection	-
sink	org.apache.logging.log4j	Logger	1	fatal	12	arg1	-	log-injection	-
sink	org.apache.logging.log4j	Logger	1	fatal	12	arg2	-	log-injection	-
sink	org.apache.logging.log4j	Logger	1	fatal	12	arg3	-	log-injection	-
sink	org.apache.logging.log4j	Logger	1	fatal	12	arg4	-	log-injection	-
sink	org.apache.logging.log4j	Logger	1	fatal	12	arg5	-	log-injection	-
sink	org.apache.logging.log4j	Logger	1	fatal	12	arg6	-	log-injection	-
sink	org.apache.logging.log4j	Logger	1	fatal	12	arg7	-	log-injection	-
sink	org.apache.logging.log4j	Logger	1	fatal	12	arg8	-	log-injection	-
sink	org.apache.logging.log4j	Logger	1	fatal	12	arg9	-	log-injection	-
sink	org.apache.logging.log4j	Logger	1	fatal	12	arg10	-	log-injection	-
sink	org.apache.logging.log4j	Logger	1	fatal	12	arg11	-	log-injection	-
sink	org.apache.logging.log4j	Logger	1	info	1	arg0	-	log-injection	-
sink	org.apache.logging.log4j	Logger	1	info	2	arg0	-	log-injection	-
sink	org.apache.logging.log4j	Logger	1	info	2	arg1	-	log-injection	-
sink	org.apache.logging.log4j	Logger	1	info	3	arg0	-	log-injection	-
sink	org.apache.logging.log4j	Logger	1	info	3	arg1	-	log-injection	-
sink	org.apache.logging.log4j	Logger	1	info	3	arg2	-	log-injection	-
sink	org.apache.logging.log4j	Logger	1	info	4	arg0	-	log-injection	-
sink	org.apache.logging.log4j	Logger	1	info	4	arg1	-	log-injection	-
sink	org.apache.logging.log4j	Logger	1	info	4	arg2	-	log-injection	-
sink	org.apache.logging.log4j	Logger	1	info	4	arg3	-	log-injection	-
sink	org.apache.logging.log4j	Logger	1	info	5	arg0	-	log-injection	-
sink	org.apache.logging.log4j	Logger	1	info	5	arg1	-	log-injection	-
sink	org.apache.logging.log4j	Logger	1	info	5	arg2	-	log-injection	-
sink	org.apache.logging.log4j	Logger	1	info	5	arg3	-	log-injection	-
sink	org.apache.logging.log4j	Logger	1	info	5	arg4	-	log-injection	-
sink	org.apache.logging.log4j	Logger	1	info	6	arg0	-	log-injection	-
sink	org.apache.logging.log4j	Logger	1	info	6	arg1	-	log-injection	-
sink	org.apache.logging.log4j	Logger	1	info	6	arg2	-	log-injection	-
sink	org.apache.logging.log4j	Logger	1	info	6	arg3	-	log-injection	-
sink	org.apache.logging.log4j	Logger	1	info	6	arg4	-	log-injection	-
sink	org.apache.logging.log4j	Logger	1	info	6	arg5	-	log-injection	-
sink	org.apache.logging.log4j	Logger	1	info	7	arg0	-	log-injection	-
sink	org.apache.logging.log4j	Logger	1	info	7	arg1	-	log-injection	-
sink	org.apache.logging.log4j	Logger	1	info	7	arg2	-	log-injection	-
sink	org.apache.logging.log4j	Logger	1	info	7	arg3	-	log-injection	-
sink	org.apache.logging.log4j	Logger	1	info	7	arg4	-	log-injection	-
sink	org.apache.logging.log4j	Logger	1	info	7	arg5	-	log-injection	-
sink	org.apache.logging.log4j	Logger	1	info	7	arg6	-	log-injection	-
sink	org.apache.logging.log4j	Logger	1	info	8	arg0	-	log-injection	-
sink	org.apache.logging.log4j	Logger	1	info	8	arg1	-	log-injection	-
sink	org.apache.logging.log4j	Logger	1	info	8	arg2	-	log-injection	-
sink	org.apache.logging.log4j	Logger	1	info	8	arg3	-	log-injection	-
sink	org.apache.logging.log4j	Logger	1	info	8	arg4	-	log-injection	-
sink	org.apache.logging.log4j	Logger	1	info	8	arg5	-	log-injection	-
sink	org.apache.logging.log4j	Logger	1	info	8	arg6	-	log-injection	-
sink	org.apache.logging.log4j	Logger	1	info	8	arg7	-	log-injection	-
sink	org.apache.logging.log4j	Logger	1	info	9	arg0	-	log-injection	-
sink	org.apache.logging.log4j	Logger	1	info	9	arg1	-	log-injection	-
sink	org.apache.logging.log4j	Logger	1	info	9	arg2	-	log-injection	-
sink	org.apache.logging.log4j	Logger	1	info	9	arg3	-	log-injection	-
sink	org.apache.logging.log4j	Logger	1	info	9	arg4	-	log-injection	-
sink	org.apache.logging.log4j	Logger	1	info	9	arg5	-	log-injection	-
sink	org.apache.logging.log4j	Logger	1	info	9	arg6	-	log-injection	-
sink	org.apache.logging.log4j	Logger	1	info	9	arg7	-	log-injection	-
sink	org.apache.logging.log4j	Logger	1	info	9	arg8	-	log-injection	-
sink	org.apache.logging.log4j	Logger	1	info	10	arg0	-	log-injection	-
sink	org.apache.logging.log4j	Logger	1	info	10	arg1	-	log-injection	-
sink	org.apache.logging.log4j	Logger	1	info	10	arg2	-	log-injection	-
sink	org.apache.logging.log4j	Logger	1	info	10	arg3	-	log-injection	-
sink	org.apache.logging.log4j	Logger	1	info	10	arg4	-	log-injection	-
sink	org.apache.logging.log4j	Logger	1	info	10	arg5	-	log-injection	-
sink	org.apache.logging.log4j	Logger	1	info	10	arg6	-	log-injection	-
sink	org.apache.logging.log4j	Logger	1	info	10	arg7	-	log-injection	-
sink	org.apache.logging.log4j	Logger	1	info	10	arg8	-	log-injection	-
sink	org.apache.logging.log4j	Logger	1	info	10	arg9	-	log-injection	-
sink	org.apache.logging.log4j	Logger	1	info	11	arg0	-	log-injection	-
sink	org.apache.logging.log4j	Logger	1	info	11	arg1	-	log-injection	-
sink	org.apache.logging.log4j	Logger	1	info	11	arg2	-	log-injection	-
sink	org.apache.logging.log4j	Logger	1	info	11	arg3	-	log-injection	-
sink	org.apache.logging.log4j	Logger	1	info	11	arg4	-	log-injection	-
sink	org.apache.logging.log4j	Logger	1	info	11	arg5	-	log-injection	-
sink	org.apache.logging.log4j	Logger	1	info	11	arg6	-	log-injection	-
sink	org.apache.logging.log4j	Logger	1	info	11	arg7	-	log-injection	-
sink	org.apache.logging.log4j	Logger	1	info	11	arg8	-	log-injection	-
sink	org.apache.logging.log4j	Logger	1	info	11	arg9	-	log-injection	-
sink	org.apache.logging.log4j	Logger	1	info	11	arg10	-	log-injection	-
sink	org.apache.logging.log4j	Logger	1	info	12	arg1	-	log-injection	-
sink	org.apache.logging.log4j	Logger	1	info	12	arg2	-	log-injection	-
sink	org.apache.logging.log4j	Logger	1	info	12	arg3	-	log-injection	-
sink	org.apache.logging.log4j	Logger	1	info	12	arg4	-	log-injection	-
sink	org.apache.logging.log4j	Logger	1	info	12	arg5	-	log-injection	-
sink	org.apache.logging.log4j	Logger	1	info	12	arg6	-	log-injection	-
sink	org.apache.logging.log4j	Logger	1	info	12	arg7	-	log-injection	-
sink	org.apache.logging.log4j	Logger	1	info	12	arg8	-	log-injection	-
sink	org.apache.logging.log4j	Logger	1	info	12	arg9	-	log-injection	-
sink	org.apache.logging.log4j	Logger	1	info	12	arg10	-	log-injection	-
sink	org.apache.logging.log4j	Logger	1	info	12	arg11	-	log-injection	-
sink	org.apache.logging.log4j	Logger	1	log	2	arg1	-	log-injection	-
sink	org.apache.logging.log4j	Logger	1	log	3	arg1	-	log-injection	-
sink	org.apache.logging.log4j	Logger	1	log	3	arg2	-	log-injection	-
sink	org.apache.logging.log4j	Logger	1	log	4	arg1	-	log-injection	-
sink	org.apache.logging.log4j	Logger	1	log	4	arg2	-	log-injection	-
sink	org.apache.logging.log4j	Logger	1	log	4	arg3	-	log-injection	-
sink	org.apache.logging.log4j	Logger	1	log	5	arg1	-	log-injection	-
sink	org.apache.logging.log4j	Logger	1	log	5	arg2	-	log-injection	-
sink	org.apache.logging.log4j	Logger	1	log	5	arg3	-	log-injection	-
sink	org.apache.logging.log4j	Logger	1	log	5	arg4	-	log-injection	-
sink	org.apache.logging.log4j	Logger	1	log	6	arg1	-	log-injection	-
sink	org.apache.logging.log4j	Logger	1	log	6	arg2	-	log-injection	-
sink	org.apache.logging.log4j	Logger	1	log	6	arg3	-	log-injection	-
sink	org.apache.logging.log4j	Logger	1	log	6	arg4	-	log-injection	-
sink	org.apache.logging.log4j	Logger	1	log	6	arg5	-	log-injection	-
sink	org.apache.logging.log4j	Logger	1	log	7	arg1	-	log-injection	-
sink	org.apache.logging.log4j	Logger	1	log	7	arg2	-	log-injection	-
sink	org.apache.logging.log4j	Logger	1	log	7	arg3	-	log-injection	-
sink	org.apache.logging.log4j	Logger	1	log	7	arg4	-	log-injection	-
sink	org.apache.logging.log4j	Logger	1	log	7	arg5	-	log-injection	-
sink	org.apache.logging.log4j	Logger	1	log	7	arg6	-	log-injection	-
sink	org.apache.logging.log4j	Logger	1	log	8	arg1	-	log-injection	-
sink	org.apache.logging.log4j	Logger	1	log	8	arg2	-	log-injection	-
sink	org.apache.logging.log4j	Logger	1	log	8	arg3	-	log-injection	-
sink	org.apache.logging.log4j	Logger	1	log	8	arg4	-	log-injection	-
sink	org.apache.logging.log4j	Logger	1	log	8	arg5	-	log-injection	-
sink	org.apache.logging.log4j	Logger	1	log	8	arg6	-	log-injection	-
sink	org.apache.logging.log4j	Logger	1	log	8	arg7	-	log-injection	-
sink	org.apache.logging.log4j	Logger	1	log	9	arg1	-	log-injection	-
sink	org.apache.logging.log4j	Logger	1	log	9	arg2	-	log-injection	-
sink	org.apache.logging.log4j	Logger	1	log	9	arg3	-	log-injection	-
sink	org.apache.logging.log4j	Logger	1	log	9	arg4	-	log-injection	-
sink	org.apache.logging.log4j	Logger	1	log	9	arg5	-	log-injection	-
sink	org.apache.logging.log4j	Logger	1	log	9	arg6	-	log-injection	-
sink	org.apache.logging.log4j	Logger	1	log	9	arg7	-	log-injection	-
sink	org.apache.logging.log4j	Logger	1	log	9	arg8	-	log-injection	-
sink	org.apache.logging.log4j	Logger	1	log	10	arg1	-	log-injection	-
sink	org.apache.logging.log4j	Logger	1	log	10	arg2	-	log-injection	-
sink	org.apache.logging.log4j	Logger	1	log	10	arg3	-	log-injection	-
sink	org.apache.logging.log4j	Logger	1	log	10	arg4	-	log-injection	-
sink	org.apache.logging.log4j	Logger	1	log	10	arg5	-	log-injection	-
sink	org.apache.logging.log4j	Logger	1	log	10	arg6	-	log-injection	-
sink	org.apache.logging.log4j	Logger	1	log	10	arg7	-	log-injection	-
sink	org.apache.logging.log4j	Logger	1	log	10	arg8	-	log-injection	-
sink	org.apache.logging.log4j	Logger	1	log	10	arg9	-	log-injection	-
sink	org.apache.logging.log4j	Logger	1	log	11	arg1	-	log-injection	-
sink	org.apache.logging.log4j	Logger	1	log	11	arg2	-	log-injection	-
sink	org.apache.logging.log4j	Logger	1	log	11	arg3	-	log-injection	-
sink	org.apache.logging.log4j	Logger	1	log	11	arg4	-	log-injection	-
sink	org.apache.logging.log4j	Logger	1	log	11	arg5	-	log-injection	-
sink	org.apache.logging.log4j	Logger	1	log	11	arg6	-	log-injection	-
sink	org.apache.logging.log4j	Logger	1	log	11	arg7	-	log-injection	-
sink	org.apache.logging.log4j	Logger	1	log	11	arg8	-	log-injection	-
sink	org.apache.logging.log4j	Logger	1	log	11	arg9	-	log-injection	-
sink	org.apache.logging.log4j	Logger	1	log	11	arg10	-	log-injection	-
sink	org.apache.logging.log4j	Logger	1	log	12	arg1	-	log-injection	-
sink	org.apache.logging.log4j	Logger	1	log	12	arg2	-	log-injection	-
sink	org.apache.logging.log4j	Logger	1	log	12	arg3	-	log-injection	-
sink	org.apache.logging.log4j	Logger	1	log	12	arg4	-	log-injection	-
sink	org.apache.logging.log4j	Logger	1	log	12	arg5	-	log-injection	-
sink	org.apache.logging.log4j	Logger	1	log	12	arg6	-	log-injection	-
sink	org.apache.logging.log4j	Logger	1	log	12	arg7	-	log-injection	-
sink	org.apache.logging.log4j	Logger	1	log	12	arg8	-	log-injection	-
sink	org.apache.logging.log4j	Logger	1	log	12	arg9	-	log-injection	-
sink	org.apache.logging.log4j	Logger	1	log	12	arg10	-	log-injection	-
sink	org.apache.logging.log4j	Logger	1	log	12	arg11	-	log-injection	-
sink	org.apache.logging.log4j	Logger	1	log	13	arg2	-	log-injection	-
sink	org.apache.logging.log4j	Logger	1	log	13	arg3	-	log-injection	-
sink	org.apache.logging.log4j	Logger	1	log	13	arg4	-	log-injection	-
sink	org.apache.logging.log4j	Logger	1	log	13	arg5	-	log-injection	-
sink	org.apache.logging.log4j	Logger	1	log	13	arg6	-	log-injection	-
sink	org.apache.logging.log4j	Logger	1	log	13	arg7	-	log-injection	-
sink	org.apache.logging.log4j	Logger	1	log	13	arg8	-	log-injection	-
sink	org.apache.logging.log4j	Logger	1	log	13	arg9	-	log-injection	-
sink	org.apache.logging.log4j	Logger	1	log	13	arg10	-	log-injection	-
sink	org.apache.logging.log4j	Logger	1	log	13	arg11	-	log-injection	-
sink	org.apache.logging.log4j	Logger	1	log	13	arg12	-	log-injection	-
sink	org.apache.logging.log4j	Logger	1	logMessage	6	arg4	-	log-injection	-
sink	org.apache.logging.log4j	Logger	1	printf	3	arg1	-	log-injection	-
sink	org.apache.logging.log4j	Logger	1	printf	3	arg2	-	log-injection	-
sink	org.apache.logging.log4j	Logger	1	printf	4	arg2	-	log-injection	-
sink	org.apache.logging.log4j	Logger	1	printf	4	arg3	-	log-injection	-
sink	org.apache.logging.log4j	Logger	1	trace	1	arg0	-	log-injection	-
sink	org.apache.logging.log4j	Logger	1	trace	2	arg0	-	log-injection	-
sink	org.apache.logging.log4j	Logger	1	trace	2	arg1	-	log-injection	-
sink	org.apache.logging.log4j	Logger	1	trace	3	arg0	-	log-injection	-
sink	org.apache.logging.log4j	Logger	1	trace	3	arg1	-	log-injection	-
sink	org.apache.logging.log4j	Logger	1	trace	3	arg2	-	log-injection	-
sink	org.apache.logging.log4j	Logger	1	trace	4	arg0	-	log-injection	-
sink	org.apache.logging.log4j	Logger	1	trace	4	arg1	-	log-injection	-
sink	org.apache.logging.log4j	Logger	1	trace	4	arg2	-	log-injection	-
sink	org.apache.logging.log4j	Logger	1	trace	4	arg3	-	log-injection	-
sink	org.apache.logging.log4j	Logger	1	trace	5	arg0	-	log-injection	-
sink	org.apache.logging.log4j	Logger	1	trace	5	arg1	-	log-injection	-
sink	org.apache.logging.log4j	Logger	1	trace	5	arg2	-	log-injection	-
sink	org.apache.logging.log4j	Logger	1	trace	5	arg3	-	log-injection	-
sink	org.apache.logging.log4j	Logger	1	trace	5	arg4	-	log-injection	-
sink	org.apache.logging.log4j	Logger	1	trace	6	arg0	-	log-injection	-
sink	org.apache.logging.log4j	Logger	1	trace	6	arg1	-	log-injection	-
sink	org.apache.logging.log4j	Logger	1	trace	6	arg2	-	log-injection	-
sink	org.apache.logging.log4j	Logger	1	trace	6	arg3	-	log-injection	-
sink	org.apache.logging.log4j	Logger	1	trace	6	arg4	-	log-injection	-
sink	org.apache.logging.log4j	Logger	1	trace	6	arg5	-	log-injection	-
sink	org.apache.logging.log4j	Logger	1	trace	7	arg0	-	log-injection	-
sink	org.apache.logging.log4j	Logger	1	trace	7	arg1	-	log-injection	-
sink	org.apache.logging.log4j	Logger	1	trace	7	arg2	-	log-injection	-
sink	org.apache.logging.log4j	Logger	1	trace	7	arg3	-	log-injection	-
sink	org.apache.logging.log4j	Logger	1	trace	7	arg4	-	log-injection	-
sink	org.apache.logging.log4j	Logger	1	trace	7	arg5	-	log-injection	-
sink	org.apache.logging.log4j	Logger	1	trace	7	arg6	-	log-injection	-
sink	org.apache.logging.log4j	Logger	1	trace	8	arg0	-	log-injection	-
sink	org.apache.logging.log4j	Logger	1	trace	8	arg1	-	log-injection	-
sink	org.apache.logging.log4j	Logger	1	trace	8	arg2	-	log-injection	-
sink	org.apache.logging.log4j	Logger	1	trace	8	arg3	-	log-injection	-
sink	org.apache.logging.log4j	Logger	1	trace	8	arg4	-	log-injection	-
sink	org.apache.logging.log4j	Logger	1	trace	8	arg5	-	log-injection	-
sink	org.apache.logging.log4j	Logger	1	trace	8	arg6	-	log-injection	-
sink	org.apache.logging.log4j	Logger	1	trace	8	arg7	-	log-injection	-
sink	org.apache.logging.log4j	Logger	1	trace	9	arg0	-	log-injection	-
sink	org.apache.logging.log4j	Logger	1	trace	9	arg1	-	log-injection	-
sink	org.apache.logging.log4j	Logger	1	trace	9	arg2	-	log-injection	-
sink	org.apache.logging.log4j	Logger	1	trace	9	arg3	-	log-injection	-
sink	org.apache.logging.log4j	Logger	1	trace	9	arg4	-	log-injection	-
sink	org.apache.logging.log4j	Logger	1	trace	9	arg5	-	log-injection	-
sink	org.apache.logging.log4j	Logger	1	trace	9	arg6	-	log-injection	-
sink	org.apache.logging.log4j	Logger	1	trace	9	arg7	-	log-injection	-
sink	org.apache.logging.log4j	Logger	1	trace	9	arg8	-	log-injection	-
sink	org.apache.logging.log4j	Logger	1	trace	10	arg0	-	log-injection	-
sink	org.apache.logging.log4j	Logger	1	trace	10	arg1	-	log-injection	-
sink	org.apache.logging.log4j	Logger	1	trace	10	arg2	-	log-injection	-
sink	org.apache.logging.log4j	Logger	1	trace	10	arg3	-	log-injection	-
sink	org.apache.logging.log4j	Logger	1	trace	10	arg4	-	log-injection	-
sink	org.apache.logging.log4j	Logger	1	trace	10	arg5	-	log-injection	-
sink	org.apache.logging.log4j	Logger	1	trace	10	arg6	-	log-injection	-
sink	org.apache.logging.log4j	Logger	1	trace	10	arg7	-	log-injection	-
sink	org.apache.logging.log4j	Logger	1	trace	10	arg8	-	log-injection	-
sink	org.apache.logging.log4j	Logger	1	trace	10	arg9	-	log-injection	-
sink	org.apache.logging.log4j	Logger	1	trace	11	arg0	-	log-injection	-
sink	org.apache.logging.log4j	Logger	1	trace	11	arg1	-	log-injection	-
sink	org.apache.logging.log4j	Logger	1	trace	11	arg2	-	log-injection	-
sink	org.apache.logging.log4j	Logger	1	trace	11	arg3	-	log-injection	-
sink	org.apache.logging.log4j	Logger	1	trace	11	arg4	-	log-injection	-
sink	org.apache.logging.log4j	Logger	1	trace	11	arg5	-	log-injection	-
sink	org.apache.logging.log4j	Logger	1	trace	11	arg6	-	log-injection	-
sink	org.apache.logging.log4j	Logger	1	trace	11	arg7	-	log-injection	-
sink	org.apache.logging.log4j	Logger	1	trace	11	arg8	-	log-injection	-
sink	org.apache.logging.log4j	Logger	1	trace	11	arg9	-	log-injection	-
sink	org.apache.logging.log4j	Logger	1	trace	11	arg10	-	log-injection	-
sink	org.apache.logging.log4j	Logger	1	trace	12	arg1	-	log-injection	-
sink	org.apache.logging.log4j	Logger	1	trace	12	arg2	-	log-injection	-
sink	org.apache.logging.log4j	Logger	1	trace	12	arg3	-	log-injection	-
sink	org.apache.logging.log4j	Logger	1	trace	12	arg4	-	log-injection	-
sink	org.apache.logging.log4j	Logger	1	trace	12	arg5	-	log-injection	-
sink	org.apache.logging.log4j	Logger	1	trace	12	arg6	-	log-injection	-
sink	org.apache.logging.log4j	Logger	1	trace	12	arg7	-	log-injection	-
sink	org.apache.logging.log4j	Logger	1	trace	12	arg8	-	log-injection	-
sink	org.apache.logging.log4j	Logger	1	trace	12	arg9	-	log-injection	-
sink	org.apache.logging.log4j	Logger	1	trace	12	arg10	-	log-injection	-
sink	org.apache.logging.log4j	Logger	1	trace	12	arg11	-	log-injection	-
sink	org.apache.logging.log4j	Logger	1	traceEntry	1	arg0	-	log-injection	-
sink	org.apache.logging.log4j	Logger	1	traceEntry	2	arg0	-	log-injection	-
sink	org.apache.logging.log4j	Logger	1	traceEntry	2	arg1	-	log-injection	-
sink	org.apache.logging.log4j	Logger	1	traceExit	1	arg0	-	log-injection	-
sink	org.apache.logging.log4j	Logger	1	traceExit	2	arg0	-	log-injection	-
sink	org.apache.logging.log4j	Logger	1	traceExit	2	arg1	-	log-injection	-
sink	org.apache.logging.log4j	Logger	1	warn	1	arg0	-	log-injection	-
sink	org.apache.logging.log4j	Logger	1	warn	2	arg0	-	log-injection	-
sink	org.apache.logging.log4j	Logger	1	warn	2	arg1	-	log-injection	-
sink	org.apache.logging.log4j	Logger	1	warn	3	arg0	-	log-injection	-
sink	org.apache.logging.log4j	Logger	1	warn	3	arg1	-	log-injection	-
sink	org.apache.logging.log4j	Logger	1	warn	3	arg2	-	log-injection	-
sink	org.apache.logging.log4j	Logger	1	warn	4	arg0	-	log-injection	-
sink	org.apache.logging.log4j	Logger	1	warn	4	arg1	-	log-injection	-
sink	org.apache.logging.log4j	Logger	1	warn	4	arg2	-	log-injection	-
sink	org.apache.logging.log4j	Logger	1	warn	4	arg3	-	log-injection	-
sink	org.apache.logging.log4j	Logger	1	warn	5	arg0	-	log-injection	-
sink	org.apache.logging.log4j	Logger	1	warn	5	arg1	-	log-injection	-
sink	org.apache.logging.log4j	Logger	1	warn	5	arg2	-	log-injection	-
sink	org.apache.logging.log4j	Logger	1	warn	5	arg3	-	log-injection	-
sink	org.apache.logging.log4j	Logger	1	warn	5	arg4	-	log-injection	-
sink	org.apache.logging.log4j	Logger	1	warn	6	arg0	-	log-injection	-
sink	org.apache.logging.log4j	Logger	1	warn	6	arg1	-	log-injection	-
sink	org.apache.logging.log4j	Logger	1	warn	6	arg2	-	log-injection	-
sink	org.apache.logging.log4j	Logger	1	warn	6	arg3	-	log-injection	-
sink	org.apache.logging.log4j	Logger	1	warn	6	arg4	-	log-injection	-
sink	org.apache.logging.log4j	Logger	1	warn	6	arg5	-	log-injection	-
sink	org.apache.logging.log4j	Logger	1	warn	7	arg0	-	log-injection	-
sink	org.apache.logging.log4j	Logger	1	warn	7	arg1	-	log-injection	-
sink	org.apache.logging.log4j	Logger	1	warn	7	arg2	-	log-injection	-
sink	org.apache.logging.log4j	Logger	1	warn	7	arg3	-	log-injection	-
sink	org.apache.logging.log4j	Logger	1	warn	7	arg4	-	log-injection	-
sink	org.apache.logging.log4j	Logger	1	warn	7	arg5	-	log-injection	-
sink	org.apache.logging.log4j	Logger	1	warn	7	arg6	-	log-injection	-
sink	org.apache.logging.log4j	Logger	1	warn	8	arg0	-	log-injection	-
sink	org.apache.logging.log4j	Logger	1	warn	8	arg1	-	log-injection	-
sink	org.apache.logging.log4j	Logger	1	warn	8	arg2	-	log-injection	-
sink	org.apache.logging.log4j	Logger	1	warn	8	arg3	-	log-injection	-
sink	org.apache.logging.log4j	Logger	1	warn	8	arg4	-	log-injection	-
sink	org.apache.logging.log4j	Logger	1	warn	8	arg5	-	log-injection	-
sink	org.apache.logging.log4j	Logger	1	warn	8	arg6	-	log-injection	-
sink	org.apache.logging.log4j	Logger	1	warn	8	arg7	-	log-injection	-
sink	org.apache.logging.log4j	Logger	1	warn	9	arg0	-	log-injection	-
sink	org.apache.logging.log4j	Logger	1	warn	9	arg1	-	log-injection	-
sink	org.apache.logging.log4j	Logger	1	warn	9	arg2	-	log-injection	-
sink	org.apache.logging.log4j	Logger	1	warn	9	arg3	-	log-injection	-
sink	org.apache.logging.log4j	Logger	1	warn	9	arg4	-	log-injection	-
sink	org.apache.logging.log4j	Logger	1	warn	9	arg5	-	log-injection	-
sink	org.apache.logging.log4j	Logger	1	warn	9	arg6	-	log-injection	-
sink	org.apache.logging.log4j	Logger	1	warn	9	arg7	-	log-injection	-
sink	org.apache.logging.log4j	Logger	1	warn	9	arg8	-	log-injection	-
sink	org.apache.logging.log4j	Logger	1	warn	10	arg0	-	log-injection	-
sink	org.apache.logging.log4j	Logger	1	warn	10	arg1	-	log-injection	-
sink	org.apache.logging.log4j	Logger	1	warn	10	arg2	-	log-injection	-
sink	org.apache.logging.log4j	Logger	1	warn	10	arg3	-	log-injection	-
sink	org.apache.logging.log4j	Logger	1	warn	10	arg4	-	log-injection	-
sink	org.apache.logging.log4j	Logger	1	warn	10	arg5	-	log-injection	-
sink	org.apache.logging.log4j	Logger	1	warn	10	arg6	-	log-injection	-
sink	org.apache.logging.log4j	Logger	1	warn	10	arg7	-	log-injection	-
sink	org.apache.logging.log4j	Logger	1	warn	10	arg8	-	log-injection	-
sink	org.apache.logging.log4j	Logger	1	warn	10	arg9	-	log-injection	-
sink	org.apache.logging.log4j	Logger	1	warn	11	arg0	-	log-injection	-
sink	org.apache.logging.log4j	Logger	1	warn	11	arg1	-	log-injection	-
sink	org.apache.logging.log4j	Logger	1	warn	11	arg2	-	log-injection	-
sink	org.apache.logging.log4j	Logger	1	warn	11	arg3	-	log-injection	-
sink	org.apache.logging.log4j	Logger	1	warn	11	arg4	-	log-injection	-
sink	org.apache.logging.log4j	Logger	1	warn	11	arg5	-	log-injection	-
sink	org.apache.logging.log4j	Logger	1	warn	11	arg6	-	log-injection	-
sink	org.apache.logging.log4j	Logger	1	warn	11	arg7	-	log-injection	-
sink	org.apache.logging.log4j	Logger	1	warn	11	arg8	-	log-injection	-
sink	org.apache.logging.log4j	Logger	1	warn	11	arg9	-	log-injection	-
sink	org.apache.logging.log4j	Logger	1	warn	11	arg10	-	log-injection	-
sink	org.apache.logging.log4j	Logger	1	warn	12	arg1	-	log-injection	-
sink	org.apache.logging.log4j	Logger	1	warn	12	arg2	-	log-injection	-
sink	org.apache.logging.log4j	Logger	1	warn	12	arg3	-	log-injection	-
sink	org.apache.logging.log4j	Logger	1	warn	12	arg4	-	log-injection	-
sink	org.apache.logging.log4j	Logger	1	warn	12	arg5	-	log-injection	-
sink	org.apache.logging.log4j	Logger	1	warn	12	arg6	-	log-injection	-
sink	org.apache.logging.log4j	Logger	1	warn	12	arg7	-	log-injection	-
sink	org.apache.logging.log4j	Logger	1	warn	12	arg8	-	log-injection	-
sink	org.apache.logging.log4j	Logger	1	warn	12	arg9	-	log-injection	-
sink	org.apache.logging.log4j	Logger	1	warn	12	arg10	-	log-injection	-
sink	org.apache.logging.log4j	Logger	1	warn	12	arg11	-	log-injection	-
sink	org.apache.poi	POIDocument	1	write	1	arg0	-	path-injection	g
sink	org.apache.poi.extractor	ExtractorFactory	1	createExtractor	1	arg0	-	path-injection	g
sink	org.apache.poi.extractor	ExtractorFactory	1	createExtractor	2	arg0	-	path-injection	g
sink	org.apache.poi.extractor	ExtractorProvider	1	create	2	arg0	-	path-injection	g
sink	org.apache.poi.extractor	MainExtractorFactory	1	create	2	arg0	-	path-injection	g
sink	org.apache.poi.hpsf	HPSFPropertiesOnlyDocument	1	write	1	arg0	-	path-injection	g
sink	org.apache.poi.hssf.extractor	OldExcelExtractor	1	OldExcelExtractor	1	arg0	-	path-injection	g
sink	org.apache.poi.hssf.usermodel	HSSFWorkbook	1	write	1	arg0	-	path-injection	g
sink	org.apache.poi.poifs.crypt.agile	AgileEncryptionInfoBuilder	1	parseDescriptor	1	arg0	-	xxe	g
sink	org.apache.poi.poifs.crypt.agile	AgileEncryptionVerifier	1	AgileEncryptionVerifier	1	arg0	-	xxe	g
sink	org.apache.poi.poifs.crypt.agile	AgileEncryptor	1	updateIntegrityHMAC	2	arg0	-	path-injection	g
sink	org.apache.poi.poifs.dev	POIFSDump	1	dump	2	arg0	-	path-injection	g
sink	org.apache.poi.poifs.dev	POIFSDump	1	dump	2	arg1	-	path-injection	g
sink	org.apache.poi.poifs.dev	POIFSDump	1	dump	4	arg2	-	path-injection	g
sink	org.apache.poi.poifs.dev	POIFSDump	1	dump	4	arg3	-	path-injection	g
sink	org.apache.poi.poifs.dev	POIFSLister	1	viewFile	2	arg0	-	path-injection	g
sink	org.apache.poi.poifs.dev	POIFSLister	1	viewFileOld	2	arg0	-	path-injection	g
sink	org.apache.poi.poifs.eventfilesystem	POIFSReader	1	read	1	arg0	-	path-injection	g
sink	org.apache.poi.poifs.filesystem	FileMagic	1	valueOf	1	arg0	-	path-injection	g
sink	org.apache.poi.poifs.filesystem	POIFSFileSystem	1	POIFSFileSystem	1	arg0	-	path-injection	g
sink	org.apache.poi.poifs.filesystem	POIFSFileSystem	1	POIFSFileSystem	2	arg0	-	path-injection	g
sink	org.apache.poi.poifs.filesystem	POIFSFileSystem	1	create	1	arg0	-	path-injection	g
sink	org.apache.poi.poifs.macros	VBAMacroExtractor	1	extract	2	arg0	-	path-injection	g
sink	org.apache.poi.poifs.macros	VBAMacroExtractor	1	extract	2	arg1	-	path-injection	g
sink	org.apache.poi.poifs.macros	VBAMacroExtractor	1	extract	3	arg0	-	path-injection	g
sink	org.apache.poi.poifs.macros	VBAMacroExtractor	1	extract	3	arg1	-	path-injection	g
sink	org.apache.poi.poifs.macros	VBAMacroExtractor	1	extract	3	arg2	-	path-injection	g
sink	org.apache.poi.poifs.macros	VBAMacroReader	1	VBAMacroReader	1	arg0	-	path-injection	g
sink	org.apache.poi.poifs.nio	FileBackedDataSource	1	FileBackedDataSource	1	arg0	-	path-injection	g
sink	org.apache.poi.poifs.nio	FileBackedDataSource	1	FileBackedDataSource	2	arg0	-	path-injection	g
sink	org.apache.poi.sl.usermodel	SlideShow	1	addPicture	2	arg0	-	path-injection	g
sink	org.apache.poi.sl.usermodel	SlideShowFactory	1	create	1	arg0	-	path-injection	g
sink	org.apache.poi.sl.usermodel	SlideShowFactory	1	create	2	arg0	-	path-injection	g
sink	org.apache.poi.sl.usermodel	SlideShowFactory	1	create	3	arg0	-	path-injection	g
sink	org.apache.poi.ss.usermodel	WorkbookFactory	1	create	1	arg0	-	path-injection	g
sink	org.apache.poi.ss.usermodel	WorkbookFactory	1	create	2	arg0	-	path-injection	g
sink	org.apache.poi.ss.usermodel	WorkbookFactory	1	create	3	arg0	-	path-injection	g
sink	org.apache.poi.util	GenericRecordJsonWriter	1	GenericRecordJsonWriter	1	arg0	-	path-injection	g
sink	org.apache.poi.util	GenericRecordXmlWriter	1	GenericRecordXmlWriter	1	arg0	-	path-injection	g
sink	org.apache.poi.util	HexRead	1	readData	1	arg0	-	path-injection	g
sink	org.apache.poi.util	HexRead	1	readData	2	arg0	-	path-injection	g
sink	org.apache.poi.util	IOUtils	1	copy	2	arg1	-	path-injection	g
sink	org.apache.shiro.jndi	JndiTemplate	0	lookup	-	arg0	-	jndi-injection	-
sink	org.apache.shiro.mgt	AbstractRememberMeManager	1	setCipherKey	1	arg0	-	credentials-key	-
sink	org.apache.sshd.client.session	AbstractClientSession	1	addPasswordIdentity	1	arg0	-	credentials-password	-
sink	org.apache.sshd.client.session	ClientSessionCreator	1	connect	2	arg0	-	credentials-username	-
sink	org.apache.sshd.client.session	ClientSessionCreator	1	connect	3	arg0	-	credentials-username	-
sink	org.apache.struts2.dispatcher	SessionMap	0	put	-	arg0	-	trust-boundary-violation	-
sink	org.apache.struts2.dispatcher	SessionMap	0	put	-	arg1	-	trust-boundary-violation	-
sink	org.apache.struts2.interceptor	SessionAware	0	setSession	-	arg0	-	trust-boundary-violation	-
sink	org.apache.struts2.interceptor	SessionAware	0	withSession	-	arg0	-	trust-boundary-violation	-
sink	org.apache.struts2.util	StrutsUtil	1	findString	1	arg0	-	ognl-injection	-
sink	org.apache.struts2.util	StrutsUtil	1	findValue	2	arg0	-	ognl-injection	-
sink	org.apache.struts2.util	StrutsUtil	1	getText	1	arg0	-	ognl-injection	-
sink	org.apache.struts2.util	StrutsUtil	1	isTrue	1	arg0	-	ognl-injection	-
sink	org.apache.struts2.util	StrutsUtil	1	makeSelectList	4	arg0	-	ognl-injection	-
sink	org.apache.struts2.util	StrutsUtil	1	makeSelectList	4	arg1	-	ognl-injection	-
sink	org.apache.struts2.util	StrutsUtil	1	makeSelectList	4	arg2	-	ognl-injection	-
sink	org.apache.struts2.util	StrutsUtil	1	makeSelectList	4	arg3	-	ognl-injection	-
sink	org.apache.struts2.util	StrutsUtil	1	translateVariables	-	arg0	-	ognl-injection	-
sink	org.apache.struts2.views.jsp	StrutsBodyTagSupport	0	findPattern	-	arg1	-	ognl-injection	-
sink	org.apache.struts2.views.jsp	StrutsBodyTagSupport	0	findString	-	arg1	-	ognl-injection	-
sink	org.apache.tools.ant	AntClassLoader	1	AntClassLoader	2	arg1	-	path-injection	a
sink	org.apache.tools.ant	AntClassLoader	1	AntClassLoader	3	arg1	-	path-injection	a
sink	org.apache.tools.ant	AntClassLoader	1	AntClassLoader	4	arg2	-	path-injection	a
sink	org.apache.tools.ant	AntClassLoader	1	addPathComponent	1	arg0	-	path-injection	a
sink	org.apache.tools.ant	DirectoryScanner	1	setBasedir	1	arg0	-	path-injection	a
sink	org.apache.tools.ant.taskdefs	Copy	1	addFileset	1	arg0	-	path-injection	a
sink	org.apache.tools.ant.taskdefs	Copy	1	setFile	1	arg0	-	path-injection	a
sink	org.apache.tools.ant.taskdefs	Copy	1	setTodir	1	arg0	-	path-injection	-
sink	org.apache.tools.ant.taskdefs	Copy	1	setTofile	1	arg0	-	path-injection	-
sink	org.apache.tools.ant.taskdefs	Execute	0	runCommand	2	arg1	-	command-injection	-
sink	org.apache.tools.ant.taskdefs	Expand	1	setDest	1	arg0	-	path-injection	-
sink	org.apache.tools.ant.taskdefs	Expand	1	setSrc	1	arg0	-	path-injection	a
sink	org.apache.tools.ant.taskdefs	Property	1	setFile	1	arg0	-	path-injection	-
sink	org.apache.tools.ant.taskdefs	Property	1	setResource	1	arg0	-	path-injection	-
sink	org.apache.velocity.app	Velocity	1	evaluate	-	arg3	-	template-injection	-
sink	org.apache.velocity.app	Velocity	1	mergeTemplate	-	arg2	-	template-injection	-
sink	org.apache.velocity.app	VelocityEngine	1	evaluate	-	arg3	-	template-injection	-
sink	org.apache.velocity.app	VelocityEngine	1	mergeTemplate	-	arg2	-	template-injection	-
sink	org.apache.velocity.runtime	RuntimeServices	1	evaluate	-	arg3	-	template-injection	-
sink	org.apache.velocity.runtime	RuntimeServices	1	parse	-	arg0	-	template-injection	-
sink	org.apache.velocity.runtime	RuntimeSingleton	1	parse	-	arg0	-	template-injection	-
sink	org.apache.velocity.runtime.resource.util	StringResourceRepository	1	putStringResource	-	arg1	-	template-injection	-
sink	org.codehaus.cargo.container.installer	ZipURLInstaller	1	ZipURLInstaller	3	arg0	-	request-forgery	-
sink	org.codehaus.cargo.container.installer	ZipURLInstaller	1	ZipURLInstaller	3	arg1	-	path-injection	-
sink	org.codehaus.cargo.container.installer	ZipURLInstaller	1	ZipURLInstaller	3	arg2	-	path-injection	-
sink	org.codehaus.groovy.control	CompilationUnit	0	compile	-	recv	-	groovy-injection	-
sink	org.dom4j	DocumentFactory	1	createPattern	-	arg0	-	xpath-injection	-
sink	org.dom4j	DocumentFactory	1	createXPath	-	arg0	-	xpath-injection	-
sink	org.dom4j	DocumentFactory	1	createXPathFilter	-	arg0	-	xpath-injection	-
sink	org.dom4j	DocumentHelper	0	createPattern	-	arg0	-	xpath-injection	-
sink	org.dom4j	DocumentHelper	0	createXPath	-	arg0	-	xpath-injection	-
sink	org.dom4j	DocumentHelper	0	createXPathFilter	-	arg0	-	xpath-injection	-
sink	org.dom4j	DocumentHelper	0	selectNodes	-	arg0	-	xpath-injection	-
sink	org.dom4j	DocumentHelper	0	sort	-	arg1	-	xpath-injection	-
sink	org.dom4j	Node	1	createXPath	-	arg0	-	xpath-injection	-
sink	org.dom4j	Node	1	matches	-	arg0	-	xpath-injection	-
sink	org.dom4j	Node	1	numberValueOf	-	arg0	-	xpath-injection	-
sink	org.dom4j	Node	1	selectNodes	-	arg0	-	xpath-injection	-
sink	org.dom4j	Node	1	selectNodes	-	arg1	-	xpath-injection	-
sink	org.dom4j	Node	1	selectObject	-	arg0	-	xpath-injection	-
sink	org.dom4j	Node	1	selectSingleNode	-	arg0	-	xpath-injection	-
sink	org.dom4j	Node	1	valueOf	-	arg0	-	xpath-injection	-
sink	org.dom4j.tree	AbstractNode	1	createPattern	-	arg0	-	xpath-injection	-
sink	org.dom4j.tree	AbstractNode	1	createXPathFilter	-	arg0	-	xpath-injection	-
sink	org.dom4j.util	ProxyDocumentFactory	1	createPattern	-	arg0	-	xpath-injection	-
sink	org.dom4j.util	ProxyDocumentFactory	1	createXPath	-	arg0	-	xpath-injection	-
sink	org.dom4j.util	ProxyDocumentFactory	1	createXPathFilter	-	arg0	-	xpath-injection	-
sink	org.eclipse.jetty.client	HttpClient	1	GET	1	arg0	-	request-forgery	-
sink	org.eclipse.jetty.client	HttpClient	1	newRequest	1	arg0	-	request-forgery	-
sink	org.exolab.castor.xml	Unmarshaller	1	unmarshal	-	arg0	-	unsafe-deserialization	-
sink	org.exolab.castor.xml	Unmarshaller	1	unmarshal	-	arg1	-	unsafe-deserialization	-
sink	org.fusesource.leveldbjni	JniDBFactory	1	open	2	arg0	-	path-injection	-
sink	org.geogebra.web.full.main	FileManager	1	open	2	arg0	-	url-redirection	-
sink	org.hibernate	Session	1	createQuery	-	arg0	-	sql-injection	-
sink	org.hibernate	Session	1	createSQLQuery	-	arg0	-	sql-injection	-
sink	org.hibernate	SharedSessionContract	1	createQuery	-	arg0	-	sql-injection	-
sink	org.hibernate	SharedSessionContract	1	createSQLQuery	-	arg0	-	sql-injection	-
sink	org.hibernate.query	QueryProducer	1	createMutationQuery	-	arg0	-	sql-injection	-
sink	org.hibernate.query	QueryProducer	1	createNativeMutationQuery	-	arg0	-	sql-injection	-
sink	org.hibernate.query	QueryProducer	1	createNativeQuery	-	arg0	-	sql-injection	-
sink	org.hibernate.query	QueryProducer	1	createQuery	-	arg0	-	sql-injection	-
sink	org.hibernate.query	QueryProducer	1	createSQLQuery	-	arg0	-	sql-injection	-
sink	org.hibernate.query	QueryProducer	1	createSelectionQuery	-	arg0	-	sql-injection	-
sink	org.ho.yaml	Yaml	0	load	-	arg0	-	unsafe-deserialization	-
sink	org.ho.yaml	Yaml	0	loadStream	-	arg0	-	unsafe-deserialization	-
sink	org.ho.yaml	Yaml	0	loadStreamOfType	-	arg0	-	unsafe-deserialization	-
sink	org.ho.yaml	Yaml	0	loadType	-	arg0	-	unsafe-deserialization	-
sink	org.ho.yaml	YamlConfig	0	load	-	arg0	-	unsafe-deserialization	-
sink	org.ho.yaml	YamlConfig	0	loadStream	-	arg0	-	unsafe-deserialization	-
sink	org.ho.yaml	YamlConfig	0	loadStreamOfType	-	arg0	-	unsafe-deserialization	-
sink	org.ho.yaml	YamlConfig	0	loadType	-	arg0	-	unsafe-deserialization	-
sink	org.influxdb	InfluxDBFactory	0	connect	4	arg0	-	request-forgery	-
sink	org.jabsorb	JSONSerializer	1	fromJSON	-	arg0	-	unsafe-deserialization	-
sink	org.jboss.logging	BasicLogger	1	debug	1	arg0	-	log-injection	-
sink	org.jboss.logging	BasicLogger	1	debug	2	arg0	-	log-injection	-
sink	org.jboss.logging	BasicLogger	1	debug	2	arg1	-	log-injection	-
sink	org.jboss.logging	BasicLogger	1	debug	3	arg0	-	log-injection	-
sink	org.jboss.logging	BasicLogger	1	debug	3	arg1	-	log-injection	-
sink	org.jboss.logging	BasicLogger	1	debug	4	arg1	-	log-injection	-
sink	org.jboss.logging	BasicLogger	1	debug	4	arg2	-	log-injection	-
sink	org.jboss.logging	BasicLogger	1	debugf	2	arg0	-	log-injection	-
sink	org.jboss.logging	BasicLogger	1	debugf	2	arg1	-	log-injection	-
sink	org.jboss.logging	BasicLogger	1	debugf	3	arg0	-	log-injection	-
sink	org.jboss.logging	BasicLogger	1	debugf	3	arg1	-	log-injection	-
sink	org.jboss.logging	BasicLogger	1	debugf	3	arg2	-	log-injection	-
sink	org.jboss.logging	BasicLogger	1	debugf	4	arg0	-	log-injection	-
sink	org.jboss.logging	BasicLogger	1	debugf	4	arg1	-	log-injection	-
sink	org.jboss.logging	BasicLogger	1	debugf	4	arg2	-	log-injection	-
sink	org.jboss.logging	BasicLogger	1	debugf	4	arg3	-	log-injection	-
sink	org.jboss.logging	BasicLogger	1	debugf	5	arg0	-	log-injection	-
sink	org.jboss.logging	BasicLogger	1	debugf	5	arg1	-	log-injection	-
sink	org.jboss.logging	BasicLogger	1	debugf	5	arg2	-	log-injection	-
sink	org.jboss.logging	BasicLogger	1	debugf	5	arg3	-	log-injection	-
sink	org.jboss.logging	BasicLogger	1	debugf	5	arg4	-	log-injection	-
sink	org.jboss.logging	BasicLogger	1	debugv	2	arg0	-	log-injection	-
sink	org.jboss.logging	BasicLogger	1	debugv	2	arg1	-	log-injection	-
sink	org.jboss.logging	BasicLogger	1	debugv	3	arg0	-	log-injection	-
sink	org.jboss.logging	BasicLogger	1	debugv	3	arg1	-	log-injection	-
sink	org.jboss.logging	BasicLogger	1	debugv	3	arg2	-	log-injection	-
sink	org.jboss.logging	BasicLogger	1	debugv	4	arg0	-	log-injection	-
sink	org.jboss.logging	BasicLogger	1	debugv	4	arg1	-	log-injection	-
sink	org.jboss.logging	BasicLogger	1	debugv	4	arg2	-	log-injection	-
sink	org.jboss.logging	BasicLogger	1	debugv	4	arg3	-	log-injection	-
sink	org.jboss.logging	BasicLogger	1	debugv	5	arg0	-	log-injection	-
sink	org.jboss.logging	BasicLogger	1	debugv	5	arg1	-	log-injection	-
sink	org.jboss.logging	BasicLogger	1	debugv	5	arg2	-	log-injection	-
sink	org.jboss.logging	BasicLogger	1	debugv	5	arg3	-	log-injection	-
sink	org.jboss.logging	BasicLogger	1	debugv	5	arg4	-	log-injection	-
sink	org.jboss.logging	BasicLogger	1	error	1	arg0	-	log-injection	-
sink	org.jboss.logging	BasicLogger	1	error	2	arg0	-	log-injection	-
sink	org.jboss.logging	BasicLogger	1	error	2	arg1	-	log-injection	-
sink	org.jboss.logging	BasicLogger	1	error	3	arg0	-	log-injection	-
sink	org.jboss.logging	BasicLogger	1	error	3	arg1	-	log-injection	-
sink	org.jboss.logging	BasicLogger	1	error	4	arg1	-	log-injection	-
sink	org.jboss.logging	BasicLogger	1	error	4	arg2	-	log-injection	-
sink	org.jboss.logging	BasicLogger	1	errorf	2	arg0	-	log-injection	-
sink	org.jboss.logging	BasicLogger	1	errorf	2	arg1	-	log-injection	-
sink	org.jboss.logging	BasicLogger	1	errorf	3	arg0	-	log-injection	-
sink	org.jboss.logging	BasicLogger	1	errorf	3	arg1	-	log-injection	-
sink	org.jboss.logging	BasicLogger	1	errorf	3	arg2	-	log-injection	-
sink	org.jboss.logging	BasicLogger	1	errorf	4	arg0	-	log-injection	-
sink	org.jboss.logging	BasicLogger	1	errorf	4	arg1	-	log-injection	-
sink	org.jboss.logging	BasicLogger	1	errorf	4	arg2	-	log-injection	-
sink	org.jboss.logging	BasicLogger	1	errorf	4	arg3	-	log-injection	-
sink	org.jboss.logging	BasicLogger	1	errorf	5	arg0	-	log-injection	-
sink	org.jboss.logging	BasicLogger	1	errorf	5	arg1	-	log-injection	-
sink	org.jboss.logging	BasicLogger	1	errorf	5	arg2	-	log-injection	-
sink	org.jboss.logging	BasicLogger	1	errorf	5	arg3	-	log-injection	-
sink	org.jboss.logging	BasicLogger	1	errorf	5	arg4	-	log-injection	-
sink	org.jboss.logging	BasicLogger	1	errorv	2	arg0	-	log-injection	-
sink	org.jboss.logging	BasicLogger	1	errorv	2	arg1	-	log-injection	-
sink	org.jboss.logging	BasicLogger	1	errorv	3	arg0	-	log-injection	-
sink	org.jboss.logging	BasicLogger	1	errorv	3	arg1	-	log-injection	-
sink	org.jboss.logging	BasicLogger	1	errorv	3	arg2	-	log-injection	-
sink	org.jboss.logging	BasicLogger	1	errorv	4	arg0	-	log-injection	-
sink	org.jboss.logging	BasicLogger	1	errorv	4	arg1	-	log-injection	-
sink	org.jboss.logging	BasicLogger	1	errorv	4	arg2	-	log-injection	-
sink	org.jboss.logging	BasicLogger	1	errorv	4	arg3	-	log-injection	-
sink	org.jboss.logging	BasicLogger	1	errorv	5	arg0	-	log-injection	-
sink	org.jboss.logging	BasicLogger	1	errorv	5	arg1	-	log-injection	-
sink	org.jboss.logging	BasicLogger	1	errorv	5	arg2	-	log-injection	-
sink	org.jboss.logging	BasicLogger	1	errorv	5	arg3	-	log-injection	-
sink	org.jboss.logging	BasicLogger	1	errorv	5	arg4	-	log-injection	-
sink	org.jboss.logging	BasicLogger	1	fatal	1	arg0	-	log-injection	-
sink	org.jboss.logging	BasicLogger	1	fatal	2	arg0	-	log-injection	-
sink	org.jboss.logging	BasicLogger	1	fatal	2	arg1	-	log-injection	-
sink	org.jboss.logging	BasicLogger	1	fatal	3	arg0	-	log-injection	-
sink	org.jboss.logging	BasicLogger	1	fatal	3	arg1	-	log-injection	-
sink	org.jboss.logging	BasicLogger	1	fatal	4	arg1	-	log-injection	-
sink	org.jboss.logging	BasicLogger	1	fatal	4	arg2	-	log-injection	-
sink	org.jboss.logging	BasicLogger	1	fatalf	2	arg0	-	log-injection	-
sink	org.jboss.logging	BasicLogger	1	fatalf	2	arg1	-	log-injection	-
sink	org.jboss.logging	BasicLogger	1	fatalf	3	arg0	-	log-injection	-
sink	org.jboss.logging	BasicLogger	1	fatalf	3	arg1	-	log-injection	-
sink	org.jboss.logging	BasicLogger	1	fatalf	3	arg2	-	log-injection	-
sink	org.jboss.logging	BasicLogger	1	fatalf	4	arg0	-	log-injection	-
sink	org.jboss.logging	BasicLogger	1	fatalf	4	arg1	-	log-injection	-
sink	org.jboss.logging	BasicLogger	1	fatalf	4	arg2	-	log-injection	-
sink	org.jboss.logging	BasicLogger	1	fatalf	4	arg3	-	log-injection	-
sink	org.jboss.logging	BasicLogger	1	fatalf	5	arg0	-	log-injection	-
sink	org.jboss.logging	BasicLogger	1	fatalf	5	arg1	-	log-injection	-
sink	org.jboss.logging	BasicLogger	1	fatalf	5	arg2	-	log-injection	-
sink	org.jboss.logging	BasicLogger	1	fatalf	5	arg3	-	log-injection	-
sink	org.jboss.logging	BasicLogger	1	fatalf	5	arg4	-	log-injection	-
sink	org.jboss.logging	BasicLogger	1	fatalv	2	arg0	-	log-injection	-
sink	org.jboss.logging	BasicLogger	1	fatalv	2	arg1	-	log-injection	-
sink	org.jboss.logging	BasicLogger	1	fatalv	3	arg0	-	log-injection	-
sink	org.jboss.logging	BasicLogger	1	fatalv	3	arg1	-	log-injection	-
sink	org.jboss.logging	BasicLogger	1	fatalv	3	arg2	-	log-injection	-
sink	org.jboss.logging	BasicLogger	1	fatalv	4	arg0	-	log-injection	-
sink	org.jboss.logging	BasicLogger	1	fatalv	4	arg1	-	log-injection	-
sink	org.jboss.logging	BasicLogger	1	fatalv	4	arg2	-	log-injection	-
sink	org.jboss.logging	BasicLogger	1	fatalv	4	arg3	-	log-injection	-
sink	org.jboss.logging	BasicLogger	1	fatalv	5	arg0	-	log-injection	-
sink	org.jboss.logging	BasicLogger	1	fatalv	5	arg1	-	log-injection	-
sink	org.jboss.logging	BasicLogger	1	fatalv	5	arg2	-	log-injection	-
sink	org.jboss.logging	BasicLogger	1	fatalv	5	arg3	-	log-injection	-
sink	org.jboss.logging	BasicLogger	1	fatalv	5	arg4	-	log-injection	-
sink	org.jboss.logging	BasicLogger	1	info	1	arg0	-	log-injection	-
sink	org.jboss.logging	BasicLogger	1	info	2	arg0	-	log-injection	-
sink	org.jboss.logging	BasicLogger	1	info	2	arg1	-	log-injection	-
sink	org.jboss.logging	BasicLogger	1	info	3	arg0	-	log-injection	-
sink	org.jboss.logging	BasicLogger	1	info	3	arg1	-	log-injection	-
sink	org.jboss.logging	BasicLogger	1	info	4	arg1	-	log-injection	-
sink	org.jboss.logging	BasicLogger	1	info	4	arg2	-	log-injection	-
sink	org.jboss.logging	BasicLogger	1	infof	2	arg0	-	log-injection	-
sink	org.jboss.logging	BasicLogger	1	infof	2	arg1	-	log-injection	-
sink	org.jboss.logging	BasicLogger	1	infof	3	arg0	-	log-injection	-
sink	org.jboss.logging	BasicLogger	1	infof	3	arg1	-	log-injection	-
sink	org.jboss.logging	BasicLogger	1	infof	3	arg2	-	log-injection	-
sink	org.jboss.logging	BasicLogger	1	infof	4	arg0	-	log-injection	-
sink	org.jboss.logging	BasicLogger	1	infof	4	arg1	-	log-injection	-
sink	org.jboss.logging	BasicLogger	1	infof	4	arg2	-	log-injection	-
sink	org.jboss.logging	BasicLogger	1	infof	4	arg3	-	log-injection	-
sink	org.jboss.logging	BasicLogger	1	infof	5	arg0	-	log-injection	-
sink	org.jboss.logging	BasicLogger	1	infof	5	arg1	-	log-injection	-
sink	org.jboss.logging	BasicLogger	1	infof	5	arg2	-	log-injection	-
sink	org.jboss.logging	BasicLogger	1	infof	5	arg3	-	log-injection	-
sink	org.jboss.logging	BasicLogger	1	infof	5	arg4	-	log-injection	-
sink	org.jboss.logging	BasicLogger	1	infov	2	arg0	-	log-injection	-
sink	org.jboss.logging	BasicLogger	1	infov	2	arg1	-	log-injection	-
sink	org.jboss.logging	BasicLogger	1	infov	3	arg0	-	log-injection	-
sink	org.jboss.logging	BasicLogger	1	infov	3	arg1	-	log-injection	-
sink	org.jboss.logging	BasicLogger	1	infov	3	arg2	-	log-injection	-
sink	org.jboss.logging	BasicLogger	1	infov	4	arg0	-	log-injection	-
sink	org.jboss.logging	BasicLogger	1	infov	4	arg1	-	log-injection	-
sink	org.jboss.logging	BasicLogger	1	infov	4	arg2	-	log-injection	-
sink	org.jboss.logging	BasicLogger	1	infov	4	arg3	-	log-injection	-
sink	org.jboss.logging	BasicLogger	1	infov	5	arg0	-	log-injection	-
sink	org.jboss.logging	BasicLogger	1	infov	5	arg1	-	log-injection	-
sink	org.jboss.logging	BasicLogger	1	infov	5	arg2	-	log-injection	-
sink	org.jboss.logging	BasicLogger	1	infov	5	arg3	-	log-injection	-
sink	org.jboss.logging	BasicLogger	1	infov	5	arg4	-	log-injection	-
sink	org.jboss.logging	BasicLogger	1	log	2	arg1	-	log-injection	-
sink	org.jboss.logging	BasicLogger	1	log	3	arg1	-	log-injection	-
sink	org.jboss.logging	BasicLogger	1	log	3	arg2	-	log-injection	-
sink	org.jboss.logging	BasicLogger	1	log	4	arg1	-	log-injection	-
sink	org.jboss.logging	BasicLogger	1	log	4	arg2	-	log-injection	-
sink	org.jboss.logging	BasicLogger	1	log	5	arg2	-	log-injection	-
sink	org.jboss.logging	BasicLogger	1	log	5	arg3	-	log-injection	-
sink	org.jboss.logging	BasicLogger	1	logf	3	arg1	-	log-injection	-
sink	org.jboss.logging	BasicLogger	1	logf	3	arg2	-	log-injection	-
sink	org.jboss.logging	BasicLogger	1	logf	4	arg1	-	log-injection	-
sink	org.jboss.logging	BasicLogger	1	logf	4	arg2	-	log-injection	-
sink	org.jboss.logging	BasicLogger	1	logf	4	arg3	-	log-injection	-
sink	org.jboss.logging	BasicLogger	1	logf	5	arg1	-	log-injection	-
sink	org.jboss.logging	BasicLogger	1	logf	5	arg2	-	log-injection	-
sink	org.jboss.logging	BasicLogger	1	logf	5	arg3	-	log-injection	-
sink	org.jboss.logging	BasicLogger	1	logf	5	arg4	-	log-injection	-
sink	org.jboss.logging	BasicLogger	1	logf	6	arg1	-	log-injection	-
sink	org.jboss.logging	BasicLogger	1	logf	6	arg2	-	log-injection	-
sink	org.jboss.logging	BasicLogger	1	logf	6	arg3	-	log-injection	-
sink	org.jboss.logging	BasicLogger	1	logf	6	arg4	-	log-injection	-
sink	org.jboss.logging	BasicLogger	1	logf	6	arg5	-	log-injection	-
sink	org.jboss.logging	BasicLogger	1	logf	7	arg3	-	log-injection	-
sink	org.jboss.logging	BasicLogger	1	logf	7	arg4	-	log-injection	-
sink	org.jboss.logging	BasicLogger	1	logf	7	arg5	-	log-injection	-
sink	org.jboss.logging	BasicLogger	1	logf	7	arg6	-	log-injection	-
sink	org.jboss.logging	BasicLogger	1	logv	3	arg1	-	log-injection	-
sink	org.jboss.logging	BasicLogger	1	logv	3	arg2	-	log-injection	-
sink	org.jboss.logging	BasicLogger	1	logv	4	arg1	-	log-injection	-
sink	org.jboss.logging	BasicLogger	1	logv	4	arg2	-	log-injection	-
sink	org.jboss.logging	BasicLogger	1	logv	4	arg3	-	log-injection	-
sink	org.jboss.logging	BasicLogger	1	logv	5	arg1	-	log-injection	-
sink	org.jboss.logging	BasicLogger	1	logv	5	arg2	-	log-injection	-
sink	org.jboss.logging	BasicLogger	1	logv	5	arg3	-	log-injection	-
sink	org.jboss.logging	BasicLogger	1	logv	5	arg4	-	log-injection	-
sink	org.jboss.logging	BasicLogger	1	logv	6	arg1	-	log-injection	-
sink	org.jboss.logging	BasicLogger	1	logv	6	arg2	-	log-injection	-
sink	org.jboss.logging	BasicLogger	1	logv	6	arg3	-	log-injection	-
sink	org.jboss.logging	BasicLogger	1	logv	6	arg4	-	log-injection	-
sink	org.jboss.logging	BasicLogger	1	logv	6	arg5	-	log-injection	-
sink	org.jboss.logging	BasicLogger	1	logv	7	arg3	-	log-injection	-
sink	org.jboss.logging	BasicLogger	1	logv	7	arg4	-	log-injection	-
sink	org.jboss.logging	BasicLogger	1	logv	7	arg5	-	log-injection	-
sink	org.jboss.logging	BasicLogger	1	logv	7	arg6	-	log-injection	-
sink	org.jboss.logging	BasicLogger	1	trace	1	arg0	-	log-injection	-
sink	org.jboss.logging	BasicLogger	1	trace	2	arg0	-	log-injection	-
sink	org.jboss.logging	BasicLogger	1	trace	2	arg1	-	log-injection	-
sink	org.jboss.logging	BasicLogger	1	trace	3	arg0	-	log-injection	-
sink	org.jboss.logging	BasicLogger	1	trace	3	arg1	-	log-injection	-
sink	org.jboss.logging	BasicLogger	1	trace	4	arg1	-	log-injection	-
sink	org.jboss.logging	BasicLogger	1	trace	4	arg2	-	log-injection	-
sink	org.jboss.logging	BasicLogger	1	tracef	2	arg0	-	log-injection	-
sink	org.jboss.logging	BasicLogger	1	tracef	2	arg1	-	log-injection	-
sink	org.jboss.logging	BasicLogger	1	tracef	3	arg0	-	log-injection	-
sink	org.jboss.logging	BasicLogger	1	tracef	3	arg1	-	log-injection	-
sink	org.jboss.logging	BasicLogger	1	tracef	3	arg2	-	log-injection	-
sink	org.jboss.logging	BasicLogger	1	tracef	4	arg0	-	log-injection	-
sink	org.jboss.logging	BasicLogger	1	tracef	4	arg1	-	log-injection	-
sink	org.jboss.logging	BasicLogger	1	tracef	4	arg2	-	log-injection	-
sink	org.jboss.logging	BasicLogger	1	tracef	4	arg3	-	log-injection	-
sink	org.jboss.logging	BasicLogger	1	tracef	5	arg0	-	log-injection	-
sink	org.jboss.logging	BasicLogger	1	tracef	5	arg1	-	log-injection	-
sink	org.jboss.logging	BasicLogger	1	tracef	5	arg2	-	log-injection	-
sink	org.jboss.logging	BasicLogger	1	tracef	5	arg3	-	log-injection	-
sink	org.jboss.logging	BasicLogger	1	tracef	5	arg4	-	log-injection	-
sink	org.jboss.logging	BasicLogger	1	tracev	2	arg0	-	log-injection	-
sink	org.jboss.logging	BasicLogger	1	tracev	2	arg1	-	log-injection	-
sink	org.jboss.logging	BasicLogger	1	tracev	3	arg0	-	log-injection	-
sink	org.jboss.logging	BasicLogger	1	tracev	3	arg1	-	log-injection	-
sink	org.jboss.logging	BasicLogger	1	tracev	3	arg2	-	log-injection	-
sink	org.jboss.logging	BasicLogger	1	tracev	4	arg0	-	log-injection	-
sink	org.jboss.logging	BasicLogger	1	tracev	4	arg1	-	log-injection	-
sink	org.jboss.logging	BasicLogger	1	tracev	4	arg2	-	log-injection	-
sink	org.jboss.logging	BasicLogger	1	tracev	4	arg3	-	log-injection	-
sink	org.jboss.logging	BasicLogger	1	tracev	5	arg0	-	log-injection	-
sink	org.jboss.logging	BasicLogger	1	tracev	5	arg1	-	log-injection	-
sink	org.jboss.logging	BasicLogger	1	tracev	5	arg2	-	log-injection	-
sink	org.jboss.logging	BasicLogger	1	tracev	5	arg3	-	log-injection	-
sink	org.jboss.logging	BasicLogger	1	tracev	5	arg4	-	log-injection	-
sink	org.jboss.logging	BasicLogger	1	warn	1	arg0	-	log-injection	-
sink	org.jboss.logging	BasicLogger	1	warn	2	arg0	-	log-injection	-
sink	org.jboss.logging	BasicLogger	1	warn	2	arg1	-	log-injection	-
sink	org.jboss.logging	BasicLogger	1	warn	3	arg0	-	log-injection	-
sink	org.jboss.logging	BasicLogger	1	warn	3	arg1	-	log-injection	-
sink	org.jboss.logging	BasicLogger	1	warn	4	arg1	-	log-injection	-
sink	org.jboss.logging	BasicLogger	1	warn	4	arg2	-	log-injection	-
sink	org.jboss.logging	BasicLogger	1	warnf	2	arg0	-	log-injection	-
sink	org.jboss.logging	BasicLogger	1	warnf	2	arg1	-	log-injection	-
sink	org.jboss.logging	BasicLogger	1	warnf	3	arg0	-	log-injection	-
sink	org.jboss.logging	BasicLogger	1	warnf	3	arg1	-	log-injection	-
sink	org.jboss.logging	BasicLogger	1	warnf	3	arg2	-	log-injection	-
sink	org.jboss.logging	BasicLogger	1	warnf	4	arg0	-	log-injection	-
sink	org.jboss.logging	BasicLogger	1	warnf	4	arg1	-	log-injection	-
sink	org.jboss.logging	BasicLogger	1	warnf	4	arg2	-	log-injection	-
sink	org.jboss.logging	BasicLogger	1	warnf	4	arg3	-	log-injection	-
sink	org.jboss.logging	BasicLogger	1	warnf	5	arg0	-	log-injection	-
sink	org.jboss.logging	BasicLogger	1	warnf	5	arg1	-	log-injection	-
sink	org.jboss.logging	BasicLogger	1	warnf	5	arg2	-	log-injection	-
sink	org.jboss.logging	BasicLogger	1	warnf	5	arg3	-	log-injection	-
sink	org.jboss.logging	BasicLogger	1	warnf	5	arg4	-	log-injection	-
sink	org.jboss.logging	BasicLogger	1	warnv	2	arg0	-	log-injection	-
sink	org.jboss.logging	BasicLogger	1	warnv	2	arg1	-	log-injection	-
sink	org.jboss.logging	BasicLogger	1	warnv	3	arg0	-	log-injection	-
sink	org.jboss.logging	BasicLogger	1	warnv	3	arg1	-	log-injection	-
sink	org.jboss.logging	BasicLogger	1	warnv	3	arg2	-	log-injection	-
sink	org.jboss.logging	BasicLogger	1	warnv	4	arg0	-	log-injection	-
sink	org.jboss.logging	BasicLogger	1	warnv	4	arg1	-	log-injection	-
sink	org.jboss.logging	BasicLogger	1	warnv	4	arg2	-	log-injection	-
sink	org.jboss.logging	BasicLogger	1	warnv	4	arg3	-	log-injection	-
sink	org.jboss.logging	BasicLogger	1	warnv	5	arg0	-	log-injection	-
sink	org.jboss.logging	BasicLogger	1	warnv	5	arg1	-	log-injection	-
sink	org.jboss.logging	BasicLogger	1	warnv	5	arg2	-	log-injection	-
sink	org.jboss.logging	BasicLogger	1	warnv	5	arg3	-	log-injection	-
sink	org.jboss.logging	BasicLogger	1	warnv	5	arg4	-	log-injection	-
sink	org.jboss.logging	Logger	1	debug	1	arg0	-	log-injection	-
sink	org.jboss.logging	Logger	1	debug	2	arg0	-	log-injection	-
sink	org.jboss.logging	Logger	1	debug	2	arg1	-	log-injection	-
sink	org.jboss.logging	Logger	1	debug	3	arg0	-	log-injection	-
sink	org.jboss.logging	Logger	1	debug	3	arg1	-	log-injection	-
sink	org.jboss.logging	Logger	1	debug	4	arg1	-	log-injection	-
sink	org.jboss.logging	Logger	1	debug	4	arg2	-	log-injection	-
sink	org.jboss.logging	Logger	1	debugf	2	arg0	-	log-injection	-
sink	org.jboss.logging	Logger	1	debugf	2	arg1	-	log-injection	-
sink	org.jboss.logging	Logger	1	debugf	3	arg0	-	log-injection	-
sink	org.jboss.logging	Logger	1	debugf	3	arg1	-	log-injection	-
sink	org.jboss.logging	Logger	1	debugf	3	arg2	-	log-injection	-
sink	org.jboss.logging	Logger	1	debugf	4	arg0	-	log-injection	-
sink	org.jboss.logging	Logger	1	debugf	4	arg1	-	log-injection	-
sink	org.jboss.logging	Logger	1	debugf	4	arg2	-	log-injection	-
sink	org.jboss.logging	Logger	1	debugf	4	arg3	-	log-injection	-
sink	org.jboss.logging	Logger	1	debugf	5	arg0	-	log-injection	-
sink	org.jboss.logging	Logger	1	debugf	5	arg1	-	log-injection	-
sink	org.jboss.logging	Logger	1	debugf	5	arg2	-	log-injection	-
sink	org.jboss.logging	Logger	1	debugf	5	arg3	-	log-injection	-
sink	org.jboss.logging	Logger	1	debugf	5	arg4	-	log-injection	-
sink	org.jboss.logging	Logger	1	debugv	2	arg0	-	log-injection	-
sink	org.jboss.logging	Logger	1	debugv	2	arg1	-	log-injection	-
sink	org.jboss.logging	Logger	1	debugv	3	arg0	-	log-injection	-
sink	org.jboss.logging	Logger	1	debugv	3	arg1	-	log-injection	-
sink	org.jboss.logging	Logger	1	debugv	3	arg2	-	log-injection	-
sink	org.jboss.logging	Logger	1	debugv	4	arg0	-	log-injection	-
sink	org.jboss.logging	Logger	1	debugv	4	arg1	-	log-injection	-
sink	org.jboss.logging	Logger	1	debugv	4	arg2	-	log-injection	-
sink	org.jboss.logging	Logger	1	debugv	4	arg3	-	log-injection	-
sink	org.jboss.logging	Logger	1	debugv	5	arg0	-	log-injection	-
sink	org.jboss.logging	Logger	1	debugv	5	arg1	-	log-injection	-
sink	org.jboss.logging	Logger	1	debugv	5	arg2	-	log-injection	-
sink	org.jboss.logging	Logger	1	debugv	5	arg3	-	log-injection	-
sink	org.jboss.logging	Logger	1	debugv	5	arg4	-	log-injection	-
sink	org.jboss.logging	Logger	1	error	1	arg0	-	log-injection	-
sink	org.jboss.logging	Logger	1	error	2	arg0	-	log-injection	-
sink	org.jboss.logging	Logger	1	error	2	arg1	-	log-injection	-
sink	org.jboss.logging	Logger	1	error	3	arg0	-	log-injection	-
sink	org.jboss.logging	Logger	1	error	3	arg1	-	log-injection	-
sink	org.jboss.logging	Logger	1	error	4	arg1	-	log-injection	-
sink	org.jboss.logging	Logger	1	error	4	arg2	-	log-injection	-
sink	org.jboss.logging	Logger	1	errorf	2	arg0	-	log-injection	-
sink	org.jboss.logging	Logger	1	errorf	2	arg1	-	log-injection	-
sink	org.jboss.logging	Logger	1	errorf	3	arg0	-	log-injection	-
sink	org.jboss.logging	Logger	1	errorf	3	arg1	-	log-injection	-
sink	org.jboss.logging	Logger	1	errorf	3	arg2	-	log-injection	-
sink	org.jboss.logging	Logger	1	errorf	4	arg0	-	log-injection	-
sink	org.jboss.logging	Logger	1	errorf	4	arg1	-	log-injection	-
sink	org.jboss.logging	Logger	1	errorf	4	arg2	-	log-injection	-
sink	org.jboss.logging	Logger	1	errorf	4	arg3	-	log-injection	-
sink	org.jboss.logging	Logger	1	errorf	5	arg0	-	log-injection	-
sink	org.jboss.logging	Logger	1	errorf	5	arg1	-	log-injection	-
sink	org.jboss.logging	Logger	1	errorf	5	arg2	-	log-injection	-
sink	org.jboss.logging	Logger	1	errorf	5	arg3	-	log-injection	-
sink	org.jboss.logging	Logger	1	errorf	5	arg4	-	log-injection	-
sink	org.jboss.logging	Logger	1	errorv	2	arg0	-	log-injection	-
sink	org.jboss.logging	Logger	1	errorv	2	arg1	-	log-injection	-
sink	org.jboss.logging	Logger	1	errorv	3	arg0	-	log-injection	-
sink	org.jboss.logging	Logger	1	errorv	3	arg1	-	log-injection	-
sink	org.jboss.logging	Logger	1	errorv	3	arg2	-	log-injection	-
sink	org.jboss.logging	Logger	1	errorv	4	arg0	-	log-injection	-
sink	org.jboss.logging	Logger	1	errorv	4	arg1	-	log-injection	-
sink	org.jboss.logging	Logger	1	errorv	4	arg2	-	log-injection	-
sink	org.jboss.logging	Logger	1	errorv	4	arg3	-	log-injection	-
sink	org.jboss.logging	Logger	1	errorv	5	arg0	-	log-injection	-
sink	org.jboss.logging	Logger	1	errorv	5	arg1	-	log-injection	-
sink	org.jboss.logging	Logger	1	errorv	5	arg2	-	log-injection	-
sink	org.jboss.logging	Logger	1	errorv	5	arg3	-	log-injection	-
sink	org.jboss.logging	Logger	1	errorv	5	arg4	-	log-injection	-
sink	org.jboss.logging	Logger	1	fatal	1	arg0	-	log-injection	-
sink	org.jboss.logging	Logger	1	fatal	2	arg0	-	log-injection	-
sink	org.jboss.logging	Logger	1	fatal	2	arg1	-	log-injection	-
sink	org.jboss.logging	Logger	1	fatal	3	arg0	-	log-injection	-
sink	org.jboss.logging	Logger	1	fatal	3	arg1	-	log-injection	-
sink	org.jboss.logging	Logger	1	fatal	4	arg1	-	log-injection	-
sink	org.jboss.logging	Logger	1	fatal	4	arg2	-	log-injection	-
sink	org.jboss.logging	Logger	1	fatalf	2	arg0	-	log-injection	-
sink	org.jboss.logging	Logger	1	fatalf	2	arg1	-	log-injection	-
sink	org.jboss.logging	Logger	1	fatalf	3	arg0	-	log-injection	-
sink	org.jboss.logging	Logger	1	fatalf	3	arg1	-	log-injection	-
sink	org.jboss.logging	Logger	1	fatalf	3	arg2	-	log-injection	-
sink	org.jboss.logging	Logger	1	fatalf	4	arg0	-	log-injection	-
sink	org.jboss.logging	Logger	1	fatalf	4	arg1	-	log-injection	-
sink	org.jboss.logging	Logger	1	fatalf	4	arg2	-	log-injection	-
sink	org.jboss.logging	Logger	1	fatalf	4	arg3	-	log-injection	-
sink	org.jboss.logging	Logger	1	fatalf	5	arg0	-	log-injection	-
sink	org.jboss.logging	Logger	1	fatalf	5	arg1	-	log-injection	-
sink	org.jboss.logging	Logger	1	fatalf	5	arg2	-	log-injection	-
sink	org.jboss.logging	Logger	1	fatalf	5	arg3	-	log-injection	-
sink	org.jboss.logging	Logger	1	fatalf	5	arg4	-	log-injection	-
sink	org.jboss.logging	Logger	1	fatalv	2	arg0	-	log-injection	-
sink	org.jboss.logging	Logger	1	fatalv	2	arg1	-	log-injection	-
sink	org.jboss.logging	Logger	1	fatalv	3	arg0	-	log-injection	-
sink	org.jboss.logging	Logger	1	fatalv	3	arg1	-	log-injection	-
sink	org.jboss.logging	Logger	1	fatalv	3	arg2	-	log-injection	-
sink	org.jboss.logging	Logger	1	fatalv	4	arg0	-	log-injection	-
sink	org.jboss.logging	Logger	1	fatalv	4	arg1	-	log-injection	-
sink	org.jboss.logging	Logger	1	fatalv	4	arg2	-	log-injection	-
sink	org.jboss.logging	Logger	1	fatalv	4	arg3	-	log-injection	-
sink	org.jboss.logging	Logger	1	fatalv	5	arg0	-	log-injection	-
sink	org.jboss.logging	Logger	1	fatalv	5	arg1	-	log-injection	-
sink	org.jboss.logging	Logger	1	fatalv	5	arg2	-	log-injection	-
sink	org.jboss.logging	Logger	1	fatalv	5	arg3	-	log-injection	-
sink	org.jboss.logging	Logger	1	fatalv	5	arg4	-	log-injection	-
sink	org.jboss.logging	Logger	1	info	1	arg0	-	log-injection	-
sink	org.jboss.logging	Logger	1	info	2	arg0	-	log-injection	-
sink	org.jboss.logging	Logger	1	info	2	arg1	-	log-injection	-
sink	org.jboss.logging	Logger	1	info	3	arg0	-	log-injection	-
sink	org.jboss.logging	Logger	1	info	3	arg1	-	log-injection	-
sink	org.jboss.logging	Logger	1	info	4	arg1	-	log-injection	-
sink	org.jboss.logging	Logger	1	info	4	arg2	-	log-injection	-
sink	org.jboss.logging	Logger	1	infof	2	arg0	-	log-injection	-
sink	org.jboss.logging	Logger	1	infof	2	arg1	-	log-injection	-
sink	org.jboss.logging	Logger	1	infof	3	arg0	-	log-injection	-
sink	org.jboss.logging	Logger	1	infof	3	arg1	-	log-injection	-
sink	org.jboss.logging	Logger	1	infof	3	arg2	-	log-injection	-
sink	org.jboss.logging	Logger	1	infof	4	arg0	-	log-injection	-
sink	org.jboss.logging	Logger	1	infof	4	arg1	-	log-injection	-
sink	org.jboss.logging	Logger	1	infof	4	arg2	-	log-injection	-
sink	org.jboss.logging	Logger	1	infof	4	arg3	-	log-injection	-
sink	org.jboss.logging	Logger	1	infof	5	arg0	-	log-injection	-
sink	org.jboss.logging	Logger	1	infof	5	arg1	-	log-injection	-
sink	org.jboss.logging	Logger	1	infof	5	arg2	-	log-injection	-
sink	org.jboss.logging	Logger	1	infof	5	arg3	-	log-injection	-
sink	org.jboss.logging	Logger	1	infof	5	arg4	-	log-injection	-
sink	org.jboss.logging	Logger	1	infov	2	arg0	-	log-injection	-
sink	org.jboss.logging	Logger	1	infov	2	arg1	-	log-injection	-
sink	org.jboss.logging	Logger	1	infov	3	arg0	-	log-injection	-
sink	org.jboss.logging	Logger	1	infov	3	arg1	-	log-injection	-
sink	org.jboss.logging	Logger	1	infov	3	arg2	-	log-injection	-
sink	org.jboss.logging	Logger	1	infov	4	arg0	-	log-injection	-
sink	org.jboss.logging	Logger	1	infov	4	arg1	-	log-injection	-
sink	org.jboss.logging	Logger	1	infov	4	arg2	-	log-injection	-
sink	org.jboss.logging	Logger	1	infov	4	arg3	-	log-injection	-
sink	org.jboss.logging	Logger	1	infov	5	arg0	-	log-injection	-
sink	org.jboss.logging	Logger	1	infov	5	arg1	-	log-injection	-
sink	org.jboss.logging	Logger	1	infov	5	arg2	-	log-injection	-
sink	org.jboss.logging	Logger	1	infov	5	arg3	-	log-injection	-
sink	org.jboss.logging	Logger	1	infov	5	arg4	-	log-injection	-
sink	org.jboss.logging	Logger	1	log	2	arg1	-	log-injection	-
sink	org.jboss.logging	Logger	1	log	3	arg1	-	log-injection	-
sink	org.jboss.logging	Logger	1	log	3	arg2	-	log-injection	-
sink	org.jboss.logging	Logger	1	log	4	arg1	-	log-injection	-
sink	org.jboss.logging	Logger	1	log	4	arg2	-	log-injection	-
sink	org.jboss.logging	Logger	1	log	5	arg2	-	log-injection	-
sink	org.jboss.logging	Logger	1	log	5	arg3	-	log-injection	-
sink	org.jboss.logging	Logger	1	logf	3	arg1	-	log-injection	-
sink	org.jboss.logging	Logger	1	logf	3	arg2	-	log-injection	-
sink	org.jboss.logging	Logger	1	logf	4	arg1	-	log-injection	-
sink	org.jboss.logging	Logger	1	logf	4	arg2	-	log-injection	-
sink	org.jboss.logging	Logger	1	logf	4	arg3	-	log-injection	-
sink	org.jboss.logging	Logger	1	logf	5	arg1	-	log-injection	-
sink	org.jboss.logging	Logger	1	logf	5	arg2	-	log-injection	-
sink	org.jboss.logging	Logger	1	logf	5	arg3	-	log-injection	-
sink	org.jboss.logging	Logger	1	logf	5	arg4	-	log-injection	-
sink	org.jboss.logging	Logger	1	logf	6	arg1	-	log-injection	-
sink	org.jboss.logging	Logger	1	logf	6	arg2	-	log-injection	-
sink	org.jboss.logging	Logger	1	logf	6	arg3	-	log-injection	-
sink	org.jboss.logging	Logger	1	logf	6	arg4	-	log-injection	-
sink	org.jboss.logging	Logger	1	logf	6	arg5	-	log-injection	-
sink	org.jboss.logging	Logger	1	logf	7	arg3	-	log-injection	-
sink	org.jboss.logging	Logger	1	logf	7	arg4	-	log-injection	-
sink	org.jboss.logging	Logger	1	logf	7	arg5	-	log-injection	-
sink	org.jboss.logging	Logger	1	logf	7	arg6	-	log-injection	-
sink	org.jboss.logging	Logger	1	logv	3	arg1	-	log-injection	-
sink	org.jboss.logging	Logger	1	logv	3	arg2	-	log-injection	-
sink	org.jboss.logging	Logger	1	logv	4	arg1	-	log-injection	-
sink	org.jboss.logging	Logger	1	logv	4	arg2	-	log-injection	-
sink	org.jboss.logging	Logger	1	logv	4	arg3	-	log-injection	-
sink	org.jboss.logging	Logger	1	logv	5	arg1	-	log-injection	-
sink	org.jboss.logging	Logger	1	logv	5	arg2	-	log-injection	-
sink	org.jboss.logging	Logger	1	logv	5	arg3	-	log-injection	-
sink	org.jboss.logging	Logger	1	logv	5	arg4	-	log-injection	-
sink	org.jboss.logging	Logger	1	logv	6	arg1	-	log-injection	-
sink	org.jboss.logging	Logger	1	logv	6	arg2	-	log-injection	-
sink	org.jboss.logging	Logger	1	logv	6	arg3	-	log-injection	-
sink	org.jboss.logging	Logger	1	logv	6	arg4	-	log-injection	-
sink	org.jboss.logging	Logger	1	logv	6	arg5	-	log-injection	-
sink	org.jboss.logging	Logger	1	logv	7	arg3	-	log-injection	-
sink	org.jboss.logging	Logger	1	logv	7	arg4	-	log-injection	-
sink	org.jboss.logging	Logger	1	logv	7	arg5	-	log-injection	-
sink	org.jboss.logging	Logger	1	logv	7	arg6	-	log-injection	-
sink	org.jboss.logging	Logger	1	trace	1	arg0	-	log-injection	-
sink	org.jboss.logging	Logger	1	trace	2	arg0	-	log-injection	-
sink	org.jboss.logging	Logger	1	trace	2	arg1	-	log-injection	-
sink	org.jboss.logging	Logger	1	trace	3	arg0	-	log-injection	-
sink	org.jboss.logging	Logger	1	trace	3	arg1	-	log-injection	-
sink	org.jboss.logging	Logger	1	trace	4	arg1	-	log-injection	-
sink	org.jboss.logging	Logger	1	trace	4	arg2	-	log-injection	-
sink	org.jboss.logging	Logger	1	tracef	2	arg0	-	log-injection	-
sink	org.jboss.logging	Logger	1	tracef	2	arg1	-	log-injection	-
sink	org.jboss.logging	Logger	1	tracef	3	arg0	-	log-injection	-
sink	org.jboss.logging	Logger	1	tracef	3	arg1	-	log-injection	-
sink	org.jboss.logging	Logger	1	tracef	3	arg2	-	log-injection	-
sink	org.jboss.logging	Logger	1	tracef	4	arg0	-	log-injection	-
sink	org.jboss.logging	Logger	1	tracef	4	arg1	-	log-injection	-
sink	org.jboss.logging	Logger	1	tracef	4	arg2	-	log-injection	-
sink	org.jboss.logging	Logger	1	tracef	4	arg3	-	log-injection	-
sink	org.jboss.logging	Logger	1	tracef	5	arg0	-	log-injection	-
sink	org.jboss.logging	Logger	1	tracef	5	arg1	-	log-injection	-
sink	org.jboss.logging	Logger	1	tracef	5	arg2	-	log-injection	-
sink	org.jboss.logging	Logger	1	tracef	5	arg3	-	log-injection	-
sink	org.jboss.logging	Logger	1	tracef	5	arg4	-	log-injection	-
sink	org.jboss.logging	Logger	1	tracev	2	arg0	-	log-injection	-
sink	org.jboss.logging	Logger	1	tracev	2	arg1	-	log-injection	-
sink	org.jboss.logging	Logger	1	tracev	3	arg0	-	log-injection	-
sink	org.jboss.logging	Logger	1	tracev	3	arg1	-	log-injection	-
sink	org.jboss.logging	Logger	1	tracev	3	arg2	-	log-injection	-
sink	org.jboss.logging	Logger	1	tracev	4	arg0	-	log-injection	-
sink	org.jboss.logging	Logger	1	tracev	4	arg1	-	log-injection	-
sink	org.jboss.logging	Logger	1	tracev	4	arg2	-	log-injection	-
sink	org.jboss.logging	Logger	1	tracev	4	arg3	-	log-injection	-
sink	org.jboss.logging	Logger	1	tracev	5	arg0	-	log-injection	-
sink	org.jboss.logging	Logger	1	tracev	5	arg1	-	log-injection	-
sink	org.jboss.logging	Logger	1	tracev	5	arg2	-	log-injection	-
sink	org.jboss.logging	Logger	1	tracev	5	arg3	-	log-injection	-
sink	org.jboss.logging	Logger	1	tracev	5	arg4	-	log-injection	-
sink	org.jboss.logging	Logger	1	warn	1	arg0	-	log-injection	-
sink	org.jboss.logging	Logger	1	warn	2	arg0	-	log-injection	-
sink	org.jboss.logging	Logger	1	warn	2	arg1	-	log-injection	-
sink	org.jboss.logging	Logger	1	warn	3	arg0	-	log-injection	-
sink	org.jboss.logging	Logger	1	warn	3	arg1	-	log-injection	-
sink	org.jboss.logging	Logger	1	warn	4	arg1	-	log-injection	-
sink	org.jboss.logging	Logger	1	warn	4	arg2	-	log-injection	-
sink	org.jboss.logging	Logger	1	warnf	2	arg0	-	log-injection	-
sink	org.jboss.logging	Logger	1	warnf	2	arg1	-	log-injection	-
sink	org.jboss.logging	Logger	1	warnf	3	arg0	-	log-injection	-
sink	org.jboss.logging	Logger	1	warnf	3	arg1	-	log-injection	-
sink	org.jboss.logging	Logger	1	warnf	3	arg2	-	log-injection	-
sink	org.jboss.logging	Logger	1	warnf	4	arg0	-	log-injection	-
sink	org.jboss.logging	Logger	1	warnf	4	arg1	-	log-injection	-
sink	org.jboss.logging	Logger	1	warnf	4	arg2	-	log-injection	-
sink	org.jboss.logging	Logger	1	warnf	4	arg3	-	log-injection	-
sink	org.jboss.logging	Logger	1	warnf	5	arg0	-	log-injection	-
sink	org.jboss.logging	Logger	1	warnf	5	arg1	-	log-injection	-
sink	org.jboss.logging	Logger	1	warnf	5	arg2	-	log-injection	-
sink	org.jboss.logging	Logger	1	warnf	5	arg3	-	log-injection	-
sink	org.jboss.logging	Logger	1	warnf	5	arg4	-	log-injection	-
sink	org.jboss.logging	Logger	1	warnv	2	arg0	-	log-injection	-
sink	org.jboss.logging	Logger	1	warnv	2	arg1	-	log-injection	-
sink	org.jboss.logging	Logger	1	warnv	3	arg0	-	log-injection	-
sink	org.jboss.logging	Logger	1	warnv	3	arg1	-	log-injection	-
sink	org.jboss.logging	Logger	1	warnv	3	arg2	-	log-injection	-
sink	org.jboss.logging	Logger	1	warnv	4	arg0	-	log-injection	-
sink	org.jboss.logging	Logger	1	warnv	4	arg1	-	log-injection	-
sink	org.jboss.logging	Logger	1	warnv	4	arg2	-	log-injection	-
sink	org.jboss.logging	Logger	1	warnv	4	arg3	-	log-injection	-
sink	org.jboss.logging	Logger	1	warnv	5	arg0	-	log-injection	-
sink	org.jboss.logging	Logger	1	warnv	5	arg1	-	log-injection	-
sink	org.jboss.logging	Logger	1	warnv	5	arg2	-	log-injection	-
sink	org.jboss.logging	Logger	1	warnv	5	arg3	-	log-injection	-
sink	org.jboss.logging	Logger	1	warnv	5	arg4	-	log-injection	-
sink	org.jboss.vfs	VirtualFile	1	getChild	-	arg0	-	path-injection	-
sink	org.jdbi.v3.core	Jdbi	0	create	1	arg0	-	request-forgery	-
sink	org.jdbi.v3.core	Jdbi	0	create	2	arg0	-	request-forgery	-
sink	org.jdbi.v3.core	Jdbi	0	create	3	arg0	-	request-forgery	-
sink	org.jdbi.v3.core	Jdbi	0	open	1	arg0	-	request-forgery	-
sink	org.jdbi.v3.core	Jdbi	0	open	2	arg0	-	request-forgery	-
sink	org.jdbi.v3.core	Jdbi	0	open	3	arg0	-	request-forgery	-
sink	org.keycloak.models.map.storage	MapStorage	1	delete	1	arg0	-	sql-injection	-
sink	org.kohsuke.stapler	HttpResponses	1	html	1	arg0	-	html-injection	-
sink	org.kohsuke.stapler	HttpResponses	1	literalHtml	1	arg0	-	html-injection	-
sink	org.kohsuke.stapler	HttpResponses	1	redirectTo	1	arg0	-	url-redirection	-
sink	org.kohsuke.stapler	HttpResponses	1	redirectTo	2	arg1	-	url-redirection	-
sink	org.kohsuke.stapler	HttpResponses	1	staticResource	1	arg0	-	request-forgery	-
sink	org.kohsuke.stapler	HttpResponses	1	staticResource	2	arg0	-	request-forgery	-
sink	org.kohsuke.stapler	StaplerResponse	1	forward	3	arg1	-	url-forward	-
sink	org.kohsuke.stapler	StaplerResponse	1	reverseProxyTo	2	arg0	-	request-forgery	-
sink	org.kohsuke.stapler	StaplerResponse	1	sendRedirect	1	arg0	-	url-redirection	-
sink	org.kohsuke.stapler	StaplerResponse	1	sendRedirect	2	arg1	-	url-redirection	-
sink	org.kohsuke.stapler	StaplerResponse	1	sendRedirect2	1	arg0	-	url-redirection	-
sink	org.kohsuke.stapler	StaplerResponse	1	serveFile	2	arg1	-	path-injection	-
sink	org.kohsuke.stapler	StaplerResponse	1	serveFile	3	arg1	-	path-injection	-
sink	org.kohsuke.stapler	StaplerResponse	1	serveFile	5	arg1	-	path-injection	-
sink	org.kohsuke.stapler	StaplerResponse	1	serveFile	6	arg1	-	path-injection	-
sink	org.kohsuke.stapler	StaplerResponse	1	serveLocalizedFile	2	arg1	-	path-injection	-
sink	org.kohsuke.stapler	StaplerResponse	1	serveLocalizedFile	3	arg1	-	path-injection	-
sink	org.kohsuke.stapler.framework.io	LargeText	1	LargeText	4	arg0	-	path-injection	a
sink	org.mvel2	MVEL	0	eval	-	arg0	-	mvel-injection	-
sink	org.mvel2	MVEL	0	evalToBoolean	-	arg0	-	mvel-injection	-
sink	org.mvel2	MVEL	0	evalToString	-	arg0	-	mvel-injection	-
sink	org.mvel2	MVEL	0	executeAllExpression	-	arg0	-	mvel-injection	-
sink	org.mvel2	MVEL	0	executeExpression	-	arg0	-	mvel-injection	-
sink	org.mvel2	MVEL	0	executeSetExpression	-	arg0	-	mvel-injection	-
sink	org.mvel2	MVELRuntime	0	execute	-	arg1	-	mvel-injection	-
sink	org.mvel2.compiler	Accessor	0	getValue	-	recv	-	mvel-injection	-
sink	org.mvel2.compiler	CompiledAccExpression	0	getValue	-	recv	-	mvel-injection	-
sink	org.mvel2.compiler	CompiledExpression	0	getDirectValue	-	recv	-	mvel-injection	-
sink	org.mvel2.compiler	ExecutableStatement	0	getValue	-	recv	-	mvel-injection	-
sink	org.mvel2.jsr223	MvelCompiledScript	0	eval	-	recv	-	mvel-injection	-
sink	org.mvel2.jsr223	MvelScriptEngine	0	eval	-	arg0	-	mvel-injection	-
sink	org.mvel2.jsr223	MvelScriptEngine	0	evaluate	-	arg0	-	mvel-injection	-
sink	org.mvel2.templates	TemplateRuntime	0	eval	-	arg0	-	mvel-injection	-
sink	org.mvel2.templates	TemplateRuntime	0	execute	-	arg0	-	mvel-injection	-
sink	org.openjdk.jmh.runner.options	ChainedOptionsBuilder	1	result	1	arg0	-	path-injection	-
sink	org.pac4j.jwt.config.encryption	SecretEncryptionConfiguration	1	SecretEncryptionConfiguration	-	arg0	-	credentials-key	-
sink	org.pac4j.jwt.config.encryption	SecretEncryptionConfiguration	1	setSecret	-	arg0	-	credentials-key	-
sink	org.pac4j.jwt.config.encryption	SecretEncryptionConfiguration	1	setSecretBase64	-	arg0	-	credentials-key	-
sink	org.pac4j.jwt.config.encryption	SecretEncryptionConfiguration	1	setSecretBytes	-	arg0	-	credentials-key	-
sink	org.pac4j.jwt.config.signature	SecretSignatureConfiguration	1	SecretEncryptionConfiguration	-	arg0	-	credentials-key	-
sink	org.pac4j.jwt.config.signature	SecretSignatureConfiguration	1	setSecret	-	arg0	-	credentials-key	-
sink	org.pac4j.jwt.config.signature	SecretSignatureConfiguration	1	setSecretBase64	-	arg0	-	credentials-key	-
sink	org.pac4j.jwt.config.signature	SecretSignatureConfiguration	1	setSecretBytes	-	arg0	-	credentials-key	-
sink	org.scijava.log	Logger	1	alwaysLog	3	arg1	-	log-injection	-
sink	org.scijava.log	Logger	1	debug	1	arg0	-	log-injection	-
sink	org.scijava.log	Logger	1	debug	2	arg0	-	log-injection	-
sink	org.scijava.log	Logger	1	error	1	arg0	-	log-injection	-
sink	org.scijava.log	Logger	1	error	2	arg0	-	log-injection	-
sink	org.scijava.log	Logger	1	info	1	arg0	-	log-injection	-
sink	org.scijava.log	Logger	1	info	2	arg0	-	log-injection	-
sink	org.scijava.log	Logger	1	log	2	arg1	-	log-injection	-
sink	org.scijava.log	Logger	1	log	3	arg1	-	log-injection	-
sink	org.scijava.log	Logger	1	trace	1	arg0	-	log-injection	-
sink	org.scijava.log	Logger	1	trace	2	arg0	-	log-injection	-
sink	org.scijava.log	Logger	1	warn	1	arg0	-	log-injection	-
sink	org.scijava.log	Logger	1	warn	2	arg0	-	log-injection	-
sink	org.slf4j	Logger	1	debug	1	arg0	-	log-injection	-
sink	org.slf4j	Logger	1	debug	2	arg0	-	log-injection	-
sink	org.slf4j	Logger	1	debug	2	arg1	-	log-injection	-
sink	org.slf4j	Logger	1	debug	3	arg0	-	log-injection	-
sink	org.slf4j	Logger	1	debug	3	arg1	-	log-injection	-
sink	org.slf4j	Logger	1	debug	3	arg2	-	log-injection	-
sink	org.slf4j	Logger	1	debug	4	arg1	-	log-injection	-
sink	org.slf4j	Logger	1	debug	4	arg2	-	log-injection	-
sink	org.slf4j	Logger	1	debug	4	arg3	-	log-injection	-
sink	org.slf4j	Logger	1	debug	5	arg1	-	log-injection	-
sink	org.slf4j	Logger	1	debug	5	arg2	-	log-injection	-
sink	org.slf4j	Logger	1	debug	5	arg3	-	log-injection	-
sink	org.slf4j	Logger	1	debug	5	arg4	-	log-injection	-
sink	org.slf4j	Logger	1	error	1	arg0	-	log-injection	-
sink	org.slf4j	Logger	1	error	2	arg0	-	log-injection	-
sink	org.slf4j	Logger	1	error	2	arg1	-	log-injection	-
sink	org.slf4j	Logger	1	error	3	arg0	-	log-injection	-
sink	org.slf4j	Logger	1	error	3	arg1	-	log-injection	-
sink	org.slf4j	Logger	1	error	3	arg2	-	log-injection	-
sink	org.slf4j	Logger	1	error	4	arg1	-	log-injection	-
sink	org.slf4j	Logger	1	error	4	arg2	-	log-injection	-
sink	org.slf4j	Logger	1	error	4	arg3	-	log-injection	-
sink	org.slf4j	Logger	1	error	5	arg1	-	log-injection	-
sink	org.slf4j	Logger	1	error	5	arg2	-	log-injection	-
sink	org.slf4j	Logger	1	error	5	arg3	-	log-injection	-
sink	org.slf4j	Logger	1	error	5	arg4	-	log-injection	-
sink	org.slf4j	Logger	1	info	1	arg0	-	log-injection	-
sink	org.slf4j	Logger	1	info	2	arg0	-	log-injection	-
sink	org.slf4j	Logger	1	info	2	arg1	-	log-injection	-
sink	org.slf4j	Logger	1	info	3	arg0	-	log-injection	-
sink	org.slf4j	Logger	1	info	3	arg1	-	log-injection	-
sink	org.slf4j	Logger	1	info	3	arg2	-	log-injection	-
sink	org.slf4j	Logger	1	info	4	arg1	-	log-injection	-
sink	org.slf4j	Logger	1	info	4	arg2	-	log-injection	-
sink	org.slf4j	Logger	1	info	4	arg3	-	log-injection	-
sink	org.slf4j	Logger	1	info	5	arg1	-	log-injection	-
sink	org.slf4j	Logger	1	info	5	arg2	-	log-injection	-
sink	org.slf4j	Logger	1	info	5	arg3	-	log-injection	-
sink	org.slf4j	Logger	1	info	5	arg4	-	log-injection	-
sink	org.slf4j	Logger	1	trace	1	arg0	-	log-injection	-
sink	org.slf4j	Logger	1	trace	2	arg0	-	log-injection	-
sink	org.slf4j	Logger	1	trace	2	arg1	-	log-injection	-
sink	org.slf4j	Logger	1	trace	3	arg0	-	log-injection	-
sink	org.slf4j	Logger	1	trace	3	arg1	-	log-injection	-
sink	org.slf4j	Logger	1	trace	3	arg2	-	log-injection	-
sink	org.slf4j	Logger	1	trace	4	arg1	-	log-injection	-
sink	org.slf4j	Logger	1	trace	4	arg2	-	log-injection	-
sink	org.slf4j	Logger	1	trace	4	arg3	-	log-injection	-
sink	org.slf4j	Logger	1	trace	5	arg1	-	log-injection	-
sink	org.slf4j	Logger	1	trace	5	arg2	-	log-injection	-
sink	org.slf4j	Logger	1	trace	5	arg3	-	log-injection	-
sink	org.slf4j	Logger	1	trace	5	arg4	-	log-injection	-
sink	org.slf4j	Logger	1	warn	1	arg0	-	log-injection	-
sink	org.slf4j	Logger	1	warn	2	arg0	-	log-injection	-
sink	org.slf4j	Logger	1	warn	2	arg1	-	log-injection	-
sink	org.slf4j	Logger	1	warn	3	arg0	-	log-injection	-
sink	org.slf4j	Logger	1	warn	3	arg1	-	log-injection	-
sink	org.slf4j	Logger	1	warn	3	arg2	-	log-injection	-
sink	org.slf4j	Logger	1	warn	4	arg1	-	log-injection	-
sink	org.slf4j	Logger	1	warn	4	arg2	-	log-injection	-
sink	org.slf4j	Logger	1	warn	4	arg3	-	log-injection	-
sink	org.slf4j	Logger	1	warn	5	arg1	-	log-injection	-
sink	org.slf4j	Logger	1	warn	5	arg2	-	log-injection	-
sink	org.slf4j	Logger	1	warn	5	arg3	-	log-injection	-
sink	org.slf4j	Logger	1	warn	5	arg4	-	log-injection	-
sink	org.slf4j.spi	LoggingEventBuilder	1	log	-	arg0	-	log-injection	-
sink	org.slf4j.spi	LoggingEventBuilder	1	log	1	arg0	-	log-injection	-
sink	org.slf4j.spi	LoggingEventBuilder	1	log	2	arg0	-	log-injection	-
sink	org.slf4j.spi	LoggingEventBuilder	1	log	2	arg1	-	log-injection	-
sink	org.slf4j.spi	LoggingEventBuilder	1	log	3	arg0	-	log-injection	-
sink	org.slf4j.spi	LoggingEventBuilder	1	log	3	arg1	-	log-injection	-
sink	org.slf4j.spi	LoggingEventBuilder	1	log	3	arg2	-	log-injection	-
sink	org.springframework.boot.jdbc	DataSourceBuilder	0	url	1	arg0	-	request-forgery	-
sink	org.springframework.core.io	FileSystemResource	1	FileSystemResource	1	arg0	-	path-injection	-
sink	org.springframework.core.io	FileSystemResource	1	FileSystemResource	2	arg1	-	path-injection	-
sink	org.springframework.core.io	FileUrlResource	1	FileUrlResource	1	arg0	-	path-injection	-
sink	org.springframework.core.io	PathResource	1	PathResource	1	arg0	-	path-injection	-
sink	org.springframework.core.io	Resource	1	createRelative	1	arg0	-	path-injection	-
sink	org.springframework.core.io	ResourceLoader	1	getResource	1	arg0	-	path-injection	-
sink	org.springframework.core.io	ResourceLoader	1	getResource	1	arg0	-	request-forgery	-
sink	org.springframework.core.io	UrlResource	1	UrlResource	1	arg0	-	path-injection	-
sink	org.springframework.core.io	UrlResource	1	UrlResource	2	arg1	-	path-injection	-
sink	org.springframework.core.io	UrlResource	1	UrlResource	3	arg1	-	path-injection	-
sink	org.springframework.http	RequestEntity	0	RequestEntity	2	arg1	-	request-forgery	-
sink	org.springframework.http	RequestEntity	0	RequestEntity	3	arg2	-	request-forgery	-
sink	org.springframework.http	RequestEntity	0	RequestEntity	4	arg2	-	request-forgery	-
sink	org.springframework.http	RequestEntity	0	RequestEntity	4	arg3	-	request-forgery	-
sink	org.springframework.http	RequestEntity	0	RequestEntity	5	arg3	-	request-forgery	-
sink	org.springframework.http	RequestEntity	0	delete	-	arg0	-	request-forgery	-
sink	org.springframework.http	RequestEntity	0	get	-	arg0	-	request-forgery	-
sink	org.springframework.http	RequestEntity	0	head	-	arg0	-	request-forgery	-
sink	org.springframework.http	RequestEntity	0	method	-	arg1	-	request-forgery	-
sink	org.springframework.http	RequestEntity	0	options	-	arg0	-	request-forgery	-
sink	org.springframework.http	RequestEntity	0	patch	-	arg0	-	request-forgery	-
sink	org.springframework.http	RequestEntity	0	post	-	arg0	-	request-forgery	-
sink	org.springframework.http	RequestEntity	0	put	-	arg0	-	request-forgery	-
sink	org.springframework.jdbc.core	JdbcTemplate	0	batchUpdate	-	arg0	-	sql-injection	-
sink	org.springframework.jdbc.core	JdbcTemplate	0	batchUpdate	1	arg0	-	sql-injection	-
sink	org.springframework.jdbc.core	JdbcTemplate	0	execute	-	arg0	-	sql-injection	-
sink	org.springframework.jdbc.core	JdbcTemplate	0	query	-	arg0	-	sql-injection	-
sink	org.springframework.jdbc.core	JdbcTemplate	0	queryForList	-	arg0	-	sql-injection	-
sink	org.springframework.jdbc.core	JdbcTemplate	0	queryForMap	-	arg0	-	sql-injection	-
sink	org.springframework.jdbc.core	JdbcTemplate	0	queryForObject	-	arg0	-	sql-injection	-
sink	org.springframework.jdbc.core	JdbcTemplate	0	queryForRowSet	-	arg0	-	sql-injection	-
sink	org.springframework.jdbc.core	JdbcTemplate	0	queryForStream	-	arg0	-	sql-injection	-
sink	org.springframework.jdbc.core	JdbcTemplate	0	update	-	arg0	-	sql-injection	-
sink	org.springframework.jdbc.core.namedparam	NamedParameterJdbcOperations	1	batchUpdate	-	arg0	-	sql-injection	-
sink	org.springframework.jdbc.core.namedparam	NamedParameterJdbcOperations	1	execute	-	arg0	-	sql-injection	-
sink	org.springframework.jdbc.core.namedparam	NamedParameterJdbcOperations	1	query	-	arg0	-	sql-injection	-
sink	org.springframework.jdbc.core.namedparam	NamedParameterJdbcOperations	1	queryForList	-	arg0	-	sql-injection	-
sink	org.springframework.jdbc.core.namedparam	NamedParameterJdbcOperations	1	queryForMap	-	arg0	-	sql-injection	-
sink	org.springframework.jdbc.core.namedparam	NamedParameterJdbcOperations	1	queryForObject	-	arg0	-	sql-injection	-
sink	org.springframework.jdbc.core.namedparam	NamedParameterJdbcOperations	1	queryForRowSet	-	arg0	-	sql-injection	-
sink	org.springframework.jdbc.core.namedparam	NamedParameterJdbcOperations	1	queryForStream	-	arg0	-	sql-injection	-
sink	org.springframework.jdbc.core.namedparam	NamedParameterJdbcOperations	1	update	-	arg0	-	sql-injection	-
sink	org.springframework.jdbc.datasource	AbstractDriverBasedDataSource	0	setUrl	1	arg0	-	request-forgery	-
sink	org.springframework.jdbc.datasource	DriverManagerDataSource	0	DriverManagerDataSource	1	arg0	-	request-forgery	-
sink	org.springframework.jdbc.datasource	DriverManagerDataSource	0	DriverManagerDataSource	2	arg0	-	request-forgery	-
sink	org.springframework.jdbc.datasource	DriverManagerDataSource	0	DriverManagerDataSource	3	arg0	-	request-forgery	-
sink	org.springframework.jdbc.object	BatchSqlUpdate	0	BatchSqlUpdate	-	arg1	-	sql-injection	-
sink	org.springframework.jdbc.object	MappingSqlQuery	0	MappingSqlQuery	-	arg1	-	sql-injection	-
sink	org.springframework.jdbc.object	MappingSqlQueryWithParameters	0	MappingSqlQueryWithParameters	-	arg1	-	sql-injection	-
sink	org.springframework.jdbc.object	RdbmsOperation	1	setSql	-	arg0	-	sql-injection	-
sink	org.springframework.jdbc.object	SqlCall	0	SqlCall	-	arg1	-	sql-injection	-
sink	org.springframework.jdbc.object	SqlFunction	0	SqlFunction	-	arg1	-	sql-injection	-
sink	org.springframework.jdbc.object	SqlQuery	0	SqlQuery	-	arg1	-	sql-injection	-
sink	org.springframework.jdbc.object	SqlUpdate	0	SqlUpdate	-	arg1	-	sql-injection	-
sink	org.springframework.jdbc.object	UpdatableSqlQuery	0	UpdatableSqlQuery	-	arg1	-	sql-injection	-
sink	org.springframework.jndi	JndiTemplate	0	lookup	-	arg0	-	jndi-injection	-
sink	org.springframework.ldap	LdapOperations	1	findByDn	-	arg0	-	jndi-injection	-
sink	org.springframework.ldap	LdapOperations	1	list	-	arg0	-	jndi-injection	-
sink	org.springframework.ldap	LdapOperations	1	listBindings	-	arg0	-	jndi-injection	-
sink	org.springframework.ldap	LdapOperations	1	lookup	-	arg0	-	jndi-injection	-
sink	org.springframework.ldap	LdapOperations	1	lookupContext	-	arg0	-	jndi-injection	-
sink	org.springframework.ldap	LdapOperations	1	rename	-	arg0	-	jndi-injection	-
sink	org.springframework.ldap	LdapOperations	1	search	3	arg0	-	jndi-injection	-
sink	org.springframework.ldap	LdapOperations	1	search	4	arg0	-	jndi-injection	-
sink	org.springframework.ldap	LdapOperations	1	search	5	arg0	-	jndi-injection	-
sink	org.springframework.ldap	LdapOperations	1	searchForObject	3	arg0	-	jndi-injection	-
sink	org.springframework.ldap.core	LdapOperations	1	findByDn	-	arg0	-	jndi-injection	-
sink	org.springframework.ldap.core	LdapOperations	1	list	-	arg0	-	jndi-injection	-
sink	org.springframework.ldap.core	LdapOperations	1	listBindings	-	arg0	-	jndi-injection	-
sink	org.springframework.ldap.core	LdapOperations	1	lookup	1	arg0	-	jndi-injection	-
sink	org.springframework.ldap.core	LdapOperations	1	lookup	2	arg0	-	jndi-injection	-
sink	org.springframework.ldap.core	LdapOperations	1	lookup	3	arg0	-	jndi-injection	-
sink	org.springframework.ldap.core	LdapOperations	1	lookupContext	-	arg0	-	jndi-injection	-
sink	org.springframework.ldap.core	LdapOperations	1	rename	-	arg0	-	jndi-injection	-
sink	org.springframework.ldap.core	LdapOperations	1	search	3	arg0	-	jndi-injection	-
sink	org.springframework.ldap.core	LdapOperations	1	search	4	arg0	-	jndi-injection	-
sink	org.springframework.ldap.core	LdapOperations	1	search	5	arg0	-	jndi-injection	-
sink	org.springframework.ldap.core	LdapOperations	1	searchForObject	3	arg0	-	jndi-injection	-
sink	org.springframework.ldap.core	LdapTemplate	0	authenticate	2	arg0	-	ldap-injection	-
sink	org.springframework.ldap.core	LdapTemplate	0	authenticate	3	arg0	-	ldap-injection	-
sink	org.springframework.ldap.core	LdapTemplate	0	authenticate	3	arg1	-	ldap-injection	-
sink	org.springframework.ldap.core	LdapTemplate	0	authenticate	4	arg0	-	ldap-injection	-
sink	org.springframework.ldap.core	LdapTemplate	0	authenticate	4	arg1	-	ldap-injection	-
sink	org.springframework.ldap.core	LdapTemplate	0	authenticate	5	arg0	-	ldap-injection	-
sink	org.springframework.ldap.core	LdapTemplate	0	authenticate	5	arg1	-	ldap-injection	-
sink	org.springframework.ldap.core	LdapTemplate	0	find	-	arg0	-	ldap-injection	-
sink	org.springframework.ldap.core	LdapTemplate	0	find	-	arg1	-	ldap-injection	-
sink	org.springframework.ldap.core	LdapTemplate	0	findOne	-	arg0	-	ldap-injection	-
sink	org.springframework.ldap.core	LdapTemplate	0	findOne	-	arg1	-	ldap-injection	-
sink	org.springframework.ldap.core	LdapTemplate	0	search	-	arg0	-	ldap-injection	-
sink	org.springframework.ldap.core	LdapTemplate	0	search	-	arg1	-	ldap-injection	-
sink	org.springframework.ldap.core	LdapTemplate	0	searchForContext	-	arg0	-	ldap-injection	-
sink	org.springframework.ldap.core	LdapTemplate	0	searchForContext	-	arg1	-	ldap-injection	-
sink	org.springframework.ldap.core	LdapTemplate	0	searchForObject	-	arg0	-	ldap-injection	-
sink	org.springframework.ldap.core	LdapTemplate	0	searchForObject	-	arg1	-	ldap-injection	-
sink	org.springframework.r2dbc.core	DatabaseClient	1	sql	1	arg0	-	sql-injection	-
sink	org.springframework.r2dbc.core	GenericExecuteSpec	1	fetch	-	recv	-	sql-injection	-
sink	org.springframework.r2dbc.core	GenericExecuteSpec	1	flatMap	1	recv	-	sql-injection	-
sink	org.springframework.r2dbc.core	GenericExecuteSpec	1	map	1	recv	-	sql-injection	-
sink	org.springframework.r2dbc.core	GenericExecuteSpec	1	mapProperties	1	recv	-	sql-injection	-
sink	org.springframework.r2dbc.core	GenericExecuteSpec	1	mapValue	1	recv	-	sql-injection	-
sink	org.springframework.r2dbc.core	GenericExecuteSpec	1	then	-	recv	-	sql-injection	-
sink	org.springframework.security.core.userdetails	User	0	User	7	arg0	-	credentials-username	-
sink	org.springframework.security.core.userdetails	User	0	User	7	arg1	-	credentials-password	-
sink	org.springframework.util	FileCopyUtils	0	copy	2	arg0	-	path-injection	a
sink	org.springframework.util	FileCopyUtils	0	copy	2	arg1	-	path-injection	-
sink	org.springframework.util	FileCopyUtils	1	copyToByteArray	1	arg0	-	path-injection	-
sink	org.springframework.util	FileSystemUtils	1	copyRecursively	2	arg0	-	path-injection	-
sink	org.springframework.util	FileSystemUtils	1	copyRecursively	2	arg1	-	path-injection	-
sink	org.springframework.util	FileSystemUtils	1	deleteRecursively	1	arg0	-	path-injection	-
sink	org.springframework.util	ResourceUtils	1	getFile	1	arg0	-	path-injection	-
sink	org.springframework.web.client	RestTemplate	0	delete	-	arg0	-	request-forgery	-
sink	org.springframework.web.client	RestTemplate	0	doExecute	-	arg0	-	request-forgery	-
sink	org.springframework.web.client	RestTemplate	0	exchange	-	arg0	-	request-forgery	-
sink	org.springframework.web.client	RestTemplate	0	execute	-	arg0	-	request-forgery	-
sink	org.springframework.web.client	RestTemplate	0	getForEntity	-	arg0	-	request-forgery	-
sink	org.springframework.web.client	RestTemplate	0	getForObject	-	arg0	-	request-forgery	-
sink	org.springframework.web.client	RestTemplate	0	headForHeaders	-	arg0	-	request-forgery	-
sink	org.springframework.web.client	RestTemplate	0	optionsForAllow	-	arg0	-	request-forgery	-
sink	org.springframework.web.client	RestTemplate	0	patchForObject	-	arg0	-	request-forgery	-
sink	org.springframework.web.client	RestTemplate	0	postForEntity	-	arg0	-	request-forgery	-
sink	org.springframework.web.client	RestTemplate	0	postForLocation	-	arg0	-	request-forgery	-
sink	org.springframework.web.client	RestTemplate	0	postForObject	-	arg0	-	request-forgery	-
sink	org.springframework.web.client	RestTemplate	0	put	-	arg0	-	request-forgery	-
sink	org.springframework.web.portlet	ModelAndView	0	ModelAndView	-	arg0	-	url-forward	-
sink	org.springframework.web.portlet	ModelAndView	0	setViewName	-	arg0	-	url-forward	-
sink	org.springframework.web.reactive.function.client	Builder	0	baseUrl	-	arg0	-	request-forgery	-
sink	org.springframework.web.reactive.function.client	UriSpec	1	uri	-	arg0	-	request-forgery	-
sink	org.springframework.web.reactive.function.client	WebClient	0	create	-	arg0	-	request-forgery	-
sink	org.springframework.web.servlet	ModelAndView	0	ModelAndView	-	arg0	-	url-forward	-
sink	org.springframework.web.servlet	ModelAndView	0	setViewName	-	arg0	-	url-forward	-
sink	org.thymeleaf	ITemplateEngine	1	process	-	arg0	-	template-injection	-
sink	org.thymeleaf	ITemplateEngine	1	processThrottled	-	arg0	-	template-injection	-
sink	play.libs.ws	StandaloneWSClient	1	url	-	arg0	-	request-forgery	-
sink	play.libs.ws	WSClient	1	url	-	arg0	-	request-forgery	-
sink	play.mvc	Result	0	addingToSession	-	arg1	-	trust-boundary-violation	-
sink	play.mvc	Result	0	addingToSession	-	arg2	-	trust-boundary-violation	-
sink	retrofit2	Builder	1	baseUrl	-	arg0	-	request-forgery	-
sink	software.amazon.awssdk.transfer.s3.model	Builder	1	destination	1	arg0	-	path-injection	-
sink	software.amazon.awssdk.transfer.s3.model	Builder	1	source	1	arg0	-	path-injection	-
sink	software.amazon.awssdk.transfer.s3.model	ResumableFileDownload	1	fromFile	1	arg0	-	path-injection	-
sink	software.amazon.awssdk.transfer.s3.model	ResumableFileDownload	1	serializeToFile	1	arg0	-	path-injection	-
sink	software.amazon.awssdk.transfer.s3.model	ResumableFileUpload	1	fromFile	1	arg0	-	path-injection	-
sink	software.amazon.awssdk.transfer.s3.model	ResumableFileUpload	1	serializeToFile	1	arg0	-	path-injection	-
sink	sun.jvmstat.perfdata.monitor.protocol.local	LocalVmManager	0	LocalVmManager	1	arg0	-	credentials-username	g
sink	sun.jvmstat.perfdata.monitor.protocol.local	PerfDataFile	0	getFile	2	arg0	-	credentials-username	g
sink	sun.jvmstat.perfdata.monitor.protocol.local	PerfDataFile	0	getTempDirectory	1	arg0	-	credentials-username	g
sink	sun.jvmstat.perfdata.monitor.protocol.rmi	RemoteVmManager	0	RemoteVmManager	2	arg1	-	credentials-username	g
sink	sun.misc	Perf	0	attach	3	arg0	-	credentials-username	g
sink	sun.misc	Perf	0	attachImpl	3	arg0	-	credentials-username	g
sink	sun.net.ftp	FtpClient	1	login	2	arg0	-	credentials-username	g
sink	sun.net.ftp	FtpClient	1	login	2	arg1	-	credentials-password	g
sink	sun.net.ftp	FtpClient	1	login	3	arg0	-	credentials-username	g
sink	sun.net.ftp	FtpClient	1	login	3	arg1	-	credentials-password	g
sink	sun.net.ftp	FtpDirEntry	1	setUser	1	arg0	-	credentials-username	g
sink	sun.net.www.protocol.http	DigestAuthentication	0	computeDigest	-	arg1	-	credentials-username	g
sink	sun.net.www.protocol.http	DigestAuthentication	0	computeDigest	-	arg2	-	credentials-password	g
sink	sun.net.www.protocol.http	DigestAuthentication	0	encode	-	arg1	-	credentials-password	g
sink	sun.security.acl	PrincipalImpl	0	PrincipalImpl	1	arg0	-	credentials-username	g
sink	sun.security.jgss.krb5	Krb5InitCredential	0	Krb5InitCredential	12	arg4	-	credentials-key	g
sink	sun.security.jgss.krb5	Krb5InitCredential	0	Krb5InitCredential	13	arg5	-	credentials-key	g
sink	sun.security.krb5	Credentials	0	Credentials	11	arg3	-	credentials-key	g
sink	sun.security.krb5	EncryptionKey	0	EncryptionKey	2	arg1	-	credentials-key	g
sink	sun.security.krb5	EncryptionKey	0	EncryptionKey	3	arg0	-	credentials-key	g
sink	sun.security.krb5	EncryptionKey	0	EncryptionKey	3	arg0	-	credentials-password	g
sink	sun.security.krb5	EncryptionKey	0	acquireSecretKey	4	arg0	-	credentials-password	g
sink	sun.security.krb5	EncryptionKey	0	acquireSecretKey	4	arg1	-	credentials-password	g
sink	sun.security.krb5	EncryptionKey	0	acquireSecretKeys	2	arg0	-	credentials-password	g
sink	sun.security.krb5	EncryptionKey	0	stringToKey	4	arg0	-	credentials-password	g
sink	sun.security.krb5	KrbAsRep	0	decryptUsingPassword	3	arg0	-	credentials-password	g
sink	sun.security.pkcs	PKCS8Key	0	PKCS8Key	2	arg1	-	credentials-key	g
sink	sun.security.pkcs	PKCS8Key	0	buildPKCS8Key	2	arg1	-	credentials-key	g
sink	sun.security.pkcs	PKCS8Key	0	decode	1	arg0	-	credentials-key	g
sink	sun.security.pkcs	PKCS8Key	0	encode	3	arg2	-	credentials-key	g
sink	sun.security.pkcs11	KeyStoreLoadParameter	0	KeyStoreLoadParameter	2	arg1	-	credentials-password	g
sink	sun.security.pkcs11	P11SecretKeyFactory	0	fixDESParity	2	arg0	-	credentials-key	g
sink	sun.security.pkcs11	PasswordCallbackHandler	0	PasswordCallbackHandler	1	arg0	-	credentials-password	g
sink	sun.security.provider	JavaKeyStore	0	getPreKeyedHash	1	arg0	-	credentials-password	g
sink	sun.security.provider	KeyProtector	0	KeyProtector	1	arg0	-	credentials-password	g
sink	sun.security.ssl	SunX509	0	engineInit	2	arg1	-	credentials-password	g
sink	sun.security.ssl	SunX509KeyManagerImpl	0	SunX509KeyManagerImpl	2	arg1	-	credentials-password	g
sink	sun.security.ssl	X509	0	engineInit	2	arg1	-	credentials-password	g
sink	sun.security.x509	X509Key	0	decode	1	arg0	-	credentials-key	g
sink	sun.tools.jconsole	ConnectDialog	0	setConnectionParameters	6	arg3	-	credentials-username	g
sink	sun.tools.jconsole	ConnectDialog	0	setConnectionParameters	6	arg4	-	credentials-password	g
sink	sun.tools.jconsole	JConsole	0	addHost	4	arg2	-	credentials-username	g
sink	sun.tools.jconsole	JConsole	0	addHost	4	arg3	-	credentials-password	g
sink	sun.tools.jconsole	JConsole	0	addHost	5	arg2	-	credentials-username	g
sink	sun.tools.jconsole	JConsole	0	addHost	5	arg3	-	credentials-password	g
sink	sun.tools.jconsole	JConsole	0	addUrl	4	arg1	-	credentials-username	g
sink	sun.tools.jconsole	JConsole	0	addUrl	4	arg2	-	credentials-password	g
sink	sun.tools.jconsole	JConsole	0	failed	4	arg2	-	credentials-username	g
sink	sun.tools.jconsole	JConsole	0	failed	4	arg3	-	credentials-password	g
sink	sun.tools.jconsole	JConsole	0	showConnectDialog	6	arg3	-	credentials-username	g
sink	sun.tools.jconsole	JConsole	0	showConnectDialog	6	arg4	-	credentials-password	g
sink	sun.tools.jconsole	ProxyClient	0	ProxyClient	3	arg1	-	credentials-username	g
sink	sun.tools.jconsole	ProxyClient	0	ProxyClient	3	arg2	-	credentials-password	g
sink	sun.tools.jconsole	ProxyClient	0	ProxyClient	4	arg2	-	credentials-username	g
sink	sun.tools.jconsole	ProxyClient	0	ProxyClient	4	arg3	-	credentials-password	g
sink	sun.tools.jconsole	ProxyClient	0	getCacheKey	3	arg1	-	credentials-username	g
sink	sun.tools.jconsole	ProxyClient	0	getCacheKey	3	arg2	-	credentials-password	g
sink	sun.tools.jconsole	ProxyClient	0	getCacheKey	4	arg2	-	credentials-username	g
sink	sun.tools.jconsole	ProxyClient	0	getCacheKey	4	arg3	-	credentials-password	g
sink	sun.tools.jconsole	ProxyClient	0	getConnectionName	2	arg1	-	credentials-username	g
sink	sun.tools.jconsole	ProxyClient	0	getConnectionName	3	arg2	-	credentials-username	g
sink	sun.tools.jconsole	ProxyClient	0	getProxyClient	3	arg1	-	credentials-username	g
sink	sun.tools.jconsole	ProxyClient	0	getProxyClient	3	arg2	-	credentials-password	g
sink	sun.tools.jconsole	ProxyClient	0	getProxyClient	4	arg2	-	credentials-username	g
sink	sun.tools.jconsole	ProxyClient	0	getProxyClient	4	arg3	-	credentials-password	g
sink	sun.tools.jconsole	ProxyClient	0	setParameters	3	arg1	-	credentials-username	g
sink	sun.tools.jconsole	ProxyClient	0	setParameters	3	arg2	-	credentials-password	g
summary	android.app	Action	1	Action	3	arg2	recv	taint	-
summary	android.app	Action	1	getExtras	-	recv	ret	value	a
summary	android.app	BigPictureStyle	1	BigPictureStyle	1	arg0	recv	taint	-
summary	android.app	BigPictureStyle	1	bigLargeIcon	-	recv	ret	value	-
summary	android.app	BigPictureStyle	1	bigPicture	-	recv	ret	value	-
summary	android.app	BigPictureStyle	1	setBigContentTitle	-	recv	ret	value	-
summary	android.app	BigPictureStyle	1	setContentDescription	-	recv	ret	value	-
summary	android.app	BigPictureStyle	1	setSummaryText	-	recv	ret	value	-
summary	android.app	BigPictureStyle	1	showBigPictureWhenCollapsed	-	recv	ret	value	-
summary	android.app	BigTextStyle	1	BigTextStyle	1	arg0	recv	taint	-
summary	android.app	BigTextStyle	1	bigText	-	recv	ret	value	-
summary	android.app	BigTextStyle	1	setBigContentTitle	-	recv	ret	value	-
summary	android.app	BigTextStyle	1	setSummaryText	-	recv	ret	value	-
summary	android.app	Builder	1	Builder	1	arg0	recv	taint	-
summary	android.app	Builder	1	Builder	3	arg2	recv	taint	-
summary	android.app	Builder	1	addAction	-	recv	ret	value	-
summary	android.app	Builder	1	addAction	1	arg0	recv	taint	-
summary	android.app	Builder	1	addAction	3	arg2	recv	taint	-
summary	android.app	Builder	1	addExtras	-	recv	ret	value	-
summary	android.app	Builder	1	addExtras	-	arg0	recv	value	a
summary	android.app	Builder	1	addPerson	-	recv	ret	value	-
summary	android.app	Builder	1	addRemoteInput	-	recv	ret	value	-
summary	android.app	Builder	1	build	-	recv	ret	taint	-
summary	android.app	Builder	1	build	-	recv	ret	value	a
summary	android.app	Builder	1	extend	-	recv	ret	value	-
summary	android.app	Builder	1	getExtras	-	recv	ret	value	a
summary	android.app	Builder	1	recoverBuilder	-	arg1	ret	taint	-
summary	android.app	Builder	1	setActions	-	recv	ret	value	-
summary	android.app	Builder	1	setActions	-	arg0	recv	taint	a
summary	android.app	Builder	1	setAllowGeneratedReplies	-	recv	ret	value	-
summary	android.app	Builder	1	setAuthenticationRequired	-	recv	ret	value	-
summary	android.app	Builder	1	setAutoCancel	-	recv	ret	value	-
summary	android.app	Builder	1	setBadgeIconType	-	recv	ret	value	-
summary	android.app	Builder	1	setBubbleMetadata	-	recv	ret	value	-
summary	android.app	Builder	1	setCategory	-	recv	ret	value	-
summary	android.app	Builder	1	setChannelId	-	recv	ret	value	-
summary	android.app	Builder	1	setChronometerCountDown	-	recv	ret	value	-
summary	android.app	Builder	1	setColor	-	recv	ret	value	-
summary	android.app	Builder	1	setColorized	-	recv	ret	value	-
summary	android.app	Builder	1	setContent	-	recv	ret	value	-
summary	android.app	Builder	1	setContentInfo	-	recv	ret	value	-
summary	android.app	Builder	1	setContentIntent	-	recv	ret	value	-
summary	android.app	Builder	1	setContentIntent	-	arg0	recv	taint	-
summary	android.app	Builder	1	setContentText	-	recv	ret	value	-
summary	android.app	Builder	1	setContentTitle	-	recv	ret	value	-
summary	android.app	Builder	1	setContextual	-	recv	ret	value	-
summary	android.app	Builder	1	setCustomBigContentView	-	recv	ret	value	-
summary	android.app	Builder	1	setCustomHeadsUpContentView	-	recv	ret	value	-
summary	android.app	Builder	1	setDefaults	-	recv	ret	value	-
summary	android.app	Builder	1	setDeleteIntent	-	recv	ret	value	-
summary	android.app	Builder	1	setDeleteIntent	-	arg0	recv	taint	-
summary	android.app	Builder	1	setExtras	-	recv	ret	value	-
summary	android.app	Builder	1	setExtras	-	arg0	recv	value	a
summary	android.app	Builder	1	setFlag	-	recv	ret	value	-
summary	android.app	Builder	1	setForegroundServiceBehavior	-	recv	ret	value	-
summary	android.app	Builder	1	setFullScreenIntent	-	recv	ret	value	-
summary	android.app	Builder	1	setGroup	-	recv	ret	value	-
summary	android.app	Builder	1	setGroupAlertBehavior	-	recv	ret	value	-
summary	android.app	Builder	1	setGroupSummary	-	recv	ret	value	-
summary	android.app	Builder	1	setLargeIcon	-	recv	ret	value	-
summary	android.app	Builder	1	setLights	-	recv	ret	value	-
summary	android.app	Builder	1	setLocalOnly	-	recv	ret	value	-
summary	android.app	Builder	1	setLocusId	-	recv	ret	value	-
summary	android.app	Builder	1	setNumber	-	recv	ret	value	-
summary	android.app	Builder	1	setOngoing	-	recv	ret	value	-
summary	android.app	Builder	1	setOnlyAlertOnce	-	recv	ret	value	-
summary	android.app	Builder	1	setPriority	-	recv	ret	value	-
summary	android.app	Builder	1	setProgress	-	recv	ret	value	-
summary	android.app	Builder	1	setPublicVersion	-	recv	ret	value	-
summary	android.app	Builder	1	setPublicVersion	-	arg0	recv	taint	-
summary	android.app	Builder	1	setRemoteInputHistory	-	recv	ret	value	-
summary	android.app	Builder	1	setSemanticAction	-	recv	ret	value	-
summary	android.app	Builder	1	setSettingsText	-	recv	ret	value	-
summary	android.app	Builder	1	setShortcutId	-	recv	ret	value	-
summary	android.app	Builder	1	setShowWhen	-	recv	ret	value	-
summary	android.app	Builder	1	setSmallIcon	-	recv	ret	value	-
summary	android.app	Builder	1	setSortKey	-	recv	ret	value	-
summary	android.app	Builder	1	setSound	-	recv	ret	value	-
summary	android.app	Builder	1	setStyle	-	recv	ret	value	-
summary	android.app	Builder	1	setSubText	-	recv	ret	value	-
summary	android.app	Builder	1	setTicker	-	recv	ret	value	-
summary	android.app	Builder	1	setTimeoutAfter	-	recv	ret	value	-
summary	android.app	Builder	1	setUsesChronometer	-	recv	ret	value	-
summary	android.app	Builder	1	setVibrate	-	recv	ret	value	-
summary	android.app	Builder	1	setVisibility	-	recv	ret	value	-
summary	android.app	Builder	1	setWhen	-	recv	ret	value	-
summary	android.app	InboxStyle	1	InboxStyle	1	arg0	recv	taint	-
summary	android.app	InboxStyle	1	addLine	-	recv	ret	value	-
summary	android.app	InboxStyle	1	setBigContentTitle	-	recv	ret	value	-
summary	android.app	InboxStyle	1	setSummaryText	-	recv	ret	value	-
summary	android.app	MediaStyle	1	MediaStyle	1	arg0	recv	taint	-
summary	android.app	MediaStyle	1	setMediaSession	-	recv	ret	value	-
summary	android.app	MediaStyle	1	setShowActionsInCompactView	-	recv	ret	value	-
summary	android.app	Style	1	build	-	recv	ret	taint	-
summary	android.content	Builder	0	build	-	recv	ret	taint	-
summary	android.content	Builder	0	withExceptionAllowed	-	recv	ret	value	-
summary	android.content	Builder	0	withExpectedCount	-	recv	ret	value	-
summary	android.content	Builder	0	withExtra	-	recv	ret	value	-
summary	android.content	Builder	0	withExtraBackReference	-	recv	ret	value	-
summary	android.content	Builder	0	withExtras	-	recv	ret	value	-
summary	android.content	Builder	0	withSelection	-	recv	ret	value	-
summary	android.content	Builder	0	withSelectionBackReference	-	recv	ret	value	-
summary	android.content	Builder	0	withValue	-	recv	ret	value	-
summary	android.content	Builder	0	withValueBackReference	-	recv	ret	value	-
summary	android.content	Builder	0	withValues	-	recv	ret	value	-
summary	android.content	Builder	0	withYieldAllowed	-	recv	ret	value	-
summary	android.content	ComponentName	0	ComponentName	1	arg0	recv	taint	-
summary	android.content	ComponentName	0	ComponentName	2	arg0	recv	taint	-
summary	android.content	ComponentName	0	ComponentName	2	arg1	recv	taint	-
summary	android.content	ComponentName	0	createRelative	2	arg0	ret	taint	-
summary	android.content	ComponentName	0	createRelative	2	arg1	ret	taint	-
summary	android.content	ComponentName	0	flattenToShortString	-	recv	ret	taint	-
summary	android.content	ComponentName	0	flattenToString	-	recv	ret	taint	-
summary	android.content	ComponentName	0	getClassName	-	recv	ret	taint	-
summary	android.content	ComponentName	0	getPackageName	-	recv	ret	taint	-
summary	android.content	ComponentName	0	getShortClassName	-	recv	ret	taint	-
summary	android.content	ComponentName	0	unflattenFromString	-	arg0	ret	taint	-
summary	android.content	ContentProvider	1	query	5	arg0	ret	taint	-
summary	android.content	ContentProvider	1	query	6	arg0	ret	taint	-
summary	android.content	ContentProviderClient	1	applyBatch	-	recv	ret	taint	-
summary	android.content	ContentProviderClient	1	call	-	recv	ret	taint	-
summary	android.content	ContentProviderClient	1	canonicalize	-	recv	ret	taint	-
summary	android.content	ContentProviderClient	1	getLocalContentProvider	-	recv	ret	taint	-
summary	android.content	ContentProviderClient	1	getStreamTypes	-	recv	ret	taint	-
summary	android.content	ContentProviderClient	1	insert	-	recv	ret	taint	-
summary	android.content	ContentProviderClient	1	query	-	recv	ret	taint	-
summary	android.content	ContentProviderClient	1	uncanonicalize	-	recv	ret	taint	-
summary	android.content	ContentProviderOperation	0	apply	-	recv	ret	taint	-
summary	android.content	ContentProviderOperation	0	apply	-	arg0	ret	taint	-
summary	android.content	ContentProviderOperation	0	getUri	-	recv	ret	taint	-
summary	android.content	ContentProviderOperation	0	newAssertQuery	-	arg0	ret	taint	-
summary	android.content	ContentProviderOperation	0	newCall	-	arg0	ret	taint	-
summary	android.content	ContentProviderOperation	0	newDelete	-	arg0	ret	taint	-
summary	android.content	ContentProviderOperation	0	newInsert	-	arg0	ret	taint	-
summary	android.content	ContentProviderOperation	0	newUpdate	-	arg0	ret	taint	-
summary	android.content	ContentProviderOperation	0	resolveExtrasBackReferences	-	arg0	ret	taint	-
summary	android.content	ContentProviderOperation	0	resolveSelectionArgsBackReferences	-	arg0	ret	taint	-
summary	android.content	ContentProviderOperation	0	resolveValueBackReferences	-	arg0	ret	taint	-
summary	android.content	ContentProviderResult	0	ContentProviderResult	1	arg0	recv	taint	-
summary	android.content	ContentProviderResult	0	ContentProviderResult	1	arg0	recv	value	a
summary	android.content	ContentResolver	1	acquireContentProviderClient	-	arg0	ret	taint	-
summary	android.content	ContentResolver	1	acquireUnstableContentProviderClient	-	arg0	ret	taint	-
summary	android.content	ContentResolver	1	applyBatch	-	arg1	ret	taint	-
summary	android.content	ContentResolver	1	call	-	arg0	ret	taint	-
summary	android.content	ContentResolver	1	canonicalize	-	arg0	ret	taint	-
summary	android.content	ContentResolver	1	getStreamTypes	-	arg0	ret	taint	-
summary	android.content	ContentResolver	1	getType	-	arg0	ret	taint	-
summary	android.content	ContentResolver	1	insert	-	arg0	ret	taint	-
summary	android.content	ContentResolver	1	query	-	arg0	ret	taint	-
summary	android.content	ContentResolver	1	query	5	arg0	ret	taint	-
summary	android.content	ContentResolver	1	query	6	arg0	ret	taint	-
summary	android.content	ContentResolver	1	uncanonicalize	-	arg0	ret	taint	-
summary	android.content	ContentResolver	1	wrap	-	arg0	ret	taint	-
summary	android.content	ContentValues	0	put	-	arg0	recv	value	a
summary	android.content	ContentValues	0	put	-	arg1	recv	value	a
summary	android.content	ContentValues	0	putAll	-	arg0	recv	value	a
summary	android.content	Editor	1	clear	-	recv	ret	value	-
summary	android.content	Editor	1	putBoolean	-	recv	ret	value	-
summary	android.content	Editor	1	putFloat	-	recv	ret	value	-
summary	android.content	Editor	1	putInt	-	recv	ret	value	-
summary	android.content	Editor	1	putLong	-	recv	ret	value	-
summary	android.content	Editor	1	putString	-	recv	ret	value	-
summary	android.content	Editor	1	putStringSet	-	recv	ret	value	-
summary	android.content	Editor	1	remove	-	recv	ret	value	-
summary	android.content	Intent	0	Intent	1	arg0	recv	value	a
summary	android.content	Intent	0	Intent	2	arg1	recv	value	a
summary	android.content	Intent	0	Intent	4	arg1	recv	value	a
summary	android.content	Intent	0	createChooser	-	arg0	ret	value	a
summary	android.content	Intent	0	createChooser	-	arg1	ret	value	a
summary	android.content	Intent	0	createChooser	-	arg2	ret	value	a
summary	android.content	Intent	0	getIntent	-	arg0	ret	taint	a
summary	android.content	Intent	0	getIntentOld	-	arg0	ret	taint	a
summary	android.content	Intent	0	parseUri	-	arg0	ret	taint	a
summary	android.content	Intent	1	Intent	1	arg0	recv	taint	-
summary	android.content	Intent	1	Intent	2	arg1	recv	taint	-
summary	android.content	Intent	1	Intent	4	arg3	recv	taint	-
summary	android.content	Intent	1	addCategory	-	recv	ret	value	-
summary	android.content	Intent	1	addFlags	-	recv	ret	value	-
summary	android.content	Intent	1	getBundleExtra	1	recv	ret	value	a
summary	android.content	Intent	1	getByteArrayExtra	1	recv	ret	value	a
summary	android.content	Intent	1	getCharArrayExtra	1	recv	ret	value	a
summary	android.content	Intent	1	getCharSequenceArrayExtra	1	recv	ret	value	a
summary	android.content	Intent	1	getCharSequenceArrayListExtra	1	recv	ret	value	a
summary	android.content	Intent	1	getCharSequenceExtra	1	recv	ret	value	a
summary	android.content	Intent	1	getData	-	recv	ret	value	a
summary	android.content	Intent	1	getDataString	-	recv	ret	taint	a
summary	android.content	Intent	1	getExtras	0	recv	ret	value	a
summary	android.content	Intent	1	getIntent	1	arg0	ret	taint	-
summary	android.content	Intent	1	getIntentOld	1	arg0	ret	taint	-
summary	android.content	Intent	1	getParcelableArrayExtra	1	recv	ret	value	a
summary	android.content	Intent	1	getParcelableArrayListExtra	1	recv	ret	value	a
summary	android.content	Intent	1	getParcelableExtra	1	recv	ret	value	a
summary	android.content	Intent	1	getSerializableExtra	1	recv	ret	value	a
summary	android.content	Intent	1	getStringArrayExtra	1	recv	ret	value	a
summary	android.content	Intent	1	getStringArrayListExtra	1	recv	ret	value	a
summary	android.content	Intent	1	getStringExtra	1	recv	ret	value	a
summary	android.content	Intent	1	parseUri	2	arg0	ret	taint	-
summary	android.content	Intent	1	putCharSequenceArrayListExtra	-	recv	ret	value	-
summary	android.content	Intent	1	putCharSequenceArrayListExtra	-	arg0	recv	value	a
summary	android.content	Intent	1	putCharSequenceArrayListExtra	-	arg1	recv	value	a
summary	android.content	Intent	1	putExtra	-	recv	ret	value	-
summary	android.content	Intent	1	putExtra	-	arg0	recv	value	a
summary	android.content	Intent	1	putExtra	-	arg1	recv	value	a
summary	android.content	Intent	1	putExtras	1	recv	ret	value	-
summary	android.content	Intent	1	putExtras	1	arg0	recv	value	a
summary	android.content	Intent	1	putIntegerArrayListExtra	-	recv	ret	value	-
summary	android.content	Intent	1	putIntegerArrayListExtra	-	arg0	recv	value	a
summary	android.content	Intent	1	putParcelableArrayListExtra	-	recv	ret	value	-
summary	android.content	Intent	1	putParcelableArrayListExtra	-	arg0	recv	value	a
summary	android.content	Intent	1	putParcelableArrayListExtra	-	arg1	recv	value	a
summary	android.content	Intent	1	putStringArrayListExtra	-	recv	ret	value	-
summary	android.content	Intent	1	putStringArrayListExtra	-	arg0	recv	value	a
summary	android.content	Intent	1	putStringArrayListExtra	-	arg1	recv	value	a
summary	android.content	Intent	1	replaceExtras	1	recv	ret	value	-
summary	android.content	Intent	1	replaceExtras	1	arg0	recv	value	a
summary	android.content	Intent	1	setAction	-	recv	ret	value	-
summary	android.content	Intent	1	setClass	-	recv	ret	value	-
summary	android.content	Intent	1	setClass	-	arg1	recv	taint	-
summary	android.content	Intent	1	setClassName	-	recv	ret	value	-
summary	android.content	Intent	1	setClassName	2	arg0	recv	taint	-
summary	android.content	Intent	1	setClassName	2	arg1	recv	taint	-
summary	android.content	Intent	1	setComponent	-	recv	ret	value	-
summary	android.content	Intent	1	setComponent	-	arg0	recv	taint	-
summary	android.content	Intent	1	setData	-	recv	ret	value	-
summary	android.content	Intent	1	setData	-	arg0	recv	value	a
summary	android.content	Intent	1	setDataAndNormalize	-	recv	ret	value	-
summary	android.content	Intent	1	setDataAndNormalize	-	arg0	recv	value	a
summary	android.content	Intent	1	setDataAndType	-	recv	ret	value	-
summary	android.content	Intent	1	setDataAndType	-	arg0	recv	value	a
summary	android.content	Intent	1	setDataAndTypeAndNormalize	-	recv	ret	value	-
summary	android.content	Intent	1	setDataAndTypeAndNormalize	-	arg0	recv	value	a
summary	android.content	Intent	1	setFlags	-	recv	ret	value	-
summary	android.content	Intent	1	setIdentifier	-	recv	ret	value	-
summary	android.content	Intent	1	setPackage	-	recv	ret	value	-
summary	android.content	Intent	1	setPackage	-	arg0	recv	taint	-
summary	android.content	Intent	1	setType	-	recv	ret	value	-
summary	android.content	Intent	1	setTypeAndNormalize	-	recv	ret	value	-
summary	android.database	Cursor	1	copyStringToBuffer	-	recv	arg1	taint	-
summary	android.database	Cursor	1	getBlob	-	recv	ret	taint	-
summary	android.database	Cursor	1	getColumnName	-	recv	ret	taint	-
summary	android.database	Cursor	1	getColumnNames	-	recv	ret	taint	-
summary	android.database	Cursor	1	getExtras	-	recv	ret	taint	-
summary	android.database	Cursor	1	getNotificationUri	-	recv	ret	taint	-
summary	android.database	Cursor	1	getNotificationUris	-	recv	ret	taint	-
summary	android.database	Cursor	1	getString	-	recv	ret	taint	-
summary	android.database	Cursor	1	respond	-	recv	ret	taint	-
summary	android.database	DatabaseUtils	0	appendSelectionArgs	2	arg0	ret	taint	a
summary	android.database	DatabaseUtils	0	appendSelectionArgs	2	arg1	ret	taint	a
summary	android.database	DatabaseUtils	0	concatenateWhere	2	arg0	ret	taint	-
summary	android.database	DatabaseUtils	0	concatenateWhere	2	arg1	ret	taint	-
summary	android.database.sqlite	SQLiteQueryBuilder	1	appendColumns	2	arg1	arg0	taint	a
summary	android.database.sqlite	SQLiteQueryBuilder	1	appendWhere	1	arg0	recv	taint	-
summary	android.database.sqlite	SQLiteQueryBuilder	1	appendWhereStandalone	1	arg0	recv	taint	-
summary	android.database.sqlite	SQLiteQueryBuilder	1	buildQuery	6	recv	ret	taint	-
summary	android.database.sqlite	SQLiteQueryBuilder	1	buildQuery	6	arg0	ret	taint	a
summary	android.database.sqlite	SQLiteQueryBuilder	1	buildQuery	6	arg1	ret	taint	-
summary	android.database.sqlite	SQLiteQueryBuilder	1	buildQuery	6	arg2	ret	taint	-
summary	android.database.sqlite	SQLiteQueryBuilder	1	buildQuery	6	arg3	ret	taint	-
summary	android.database.sqlite	SQLiteQueryBuilder	1	buildQuery	6	arg4	ret	taint	-
summary	android.database.sqlite	SQLiteQueryBuilder	1	buildQuery	6	arg5	ret	taint	-
summary	android.database.sqlite	SQLiteQueryBuilder	1	buildQuery	7	recv	ret	taint	-
summary	android.database.sqlite	SQLiteQueryBuilder	1	buildQuery	7	arg0	ret	taint	a
summary	android.database.sqlite	SQLiteQueryBuilder	1	buildQuery	7	arg1	ret	taint	-
summary	android.database.sqlite	SQLiteQueryBuilder	1	buildQuery	7	arg3	ret	taint	-
summary	android.database.sqlite	SQLiteQueryBuilder	1	buildQuery	7	arg4	ret	taint	-
summary	android.database.sqlite	SQLiteQueryBuilder	1	buildQuery	7	arg5	ret	taint	-
summary	android.database.sqlite	SQLiteQueryBuilder	1	buildQuery	7	arg6	ret	taint	-
summary	android.database.sqlite	SQLiteQueryBuilder	1	buildQueryString	8	arg1	ret	taint	-
summary	android.database.sqlite	SQLiteQueryBuilder	1	buildQueryString	8	arg2	ret	taint	a
summary	android.database.sqlite	SQLiteQueryBuilder	1	buildQueryString	8	arg3	ret	taint	-
summary	android.database.sqlite	SQLiteQueryBuilder	1	buildQueryString	8	arg4	ret	taint	-
summary	android.database.sqlite	SQLiteQueryBuilder	1	buildQueryString	8	arg5	ret	taint	-
summary	android.database.sqlite	SQLiteQueryBuilder	1	buildQueryString	8	arg6	ret	taint	-
summary	android.database.sqlite	SQLiteQueryBuilder	1	buildQueryString	8	arg7	ret	taint	-
summary	android.database.sqlite	SQLiteQueryBuilder	1	buildUnionQuery	3	recv	ret	taint	-
summary	android.database.sqlite	SQLiteQueryBuilder	1	buildUnionQuery	3	arg0	ret	taint	a
summary	android.database.sqlite	SQLiteQueryBuilder	1	buildUnionQuery	3	arg1	ret	taint	-
summary	android.database.sqlite	SQLiteQueryBuilder	1	buildUnionQuery	3	arg2	ret	taint	-
summary	android.database.sqlite	SQLiteQueryBuilder	1	buildUnionSubQuery	8	recv	ret	taint	-
summary	android.database.sqlite	SQLiteQueryBuilder	1	buildUnionSubQuery	8	arg0	ret	taint	-
summary	android.database.sqlite	SQLiteQueryBuilder	1	buildUnionSubQuery	8	arg1	ret	taint	a
summary	android.database.sqlite	SQLiteQueryBuilder	1	buildUnionSubQuery	8	arg2	ret	taint	a
summary	android.database.sqlite	SQLiteQueryBuilder	1	buildUnionSubQuery	8	arg4	ret	taint	-
summary	android.database.sqlite	SQLiteQueryBuilder	1	buildUnionSubQuery	8	arg5	ret	taint	-
summary	android.database.sqlite	SQLiteQueryBuilder	1	buildUnionSubQuery	8	arg6	ret	taint	-
summary	android.database.sqlite	SQLiteQueryBuilder	1	buildUnionSubQuery	8	arg7	ret	taint	-
summary	android.database.sqlite	SQLiteQueryBuilder	1	buildUnionSubQuery	9	recv	ret	taint	-
summary	android.database.sqlite	SQLiteQueryBuilder	1	buildUnionSubQuery	9	arg0	ret	taint	-
summary	android.database.sqlite	SQLiteQueryBuilder	1	buildUnionSubQuery	9	arg1	ret	taint	a
summary	android.database.sqlite	SQLiteQueryBuilder	1	buildUnionSubQuery	9	arg2	ret	taint	a
summary	android.database.sqlite	SQLiteQueryBuilder	1	buildUnionSubQuery	9	arg4	ret	taint	-
summary	android.database.sqlite	SQLiteQueryBuilder	1	buildUnionSubQuery	9	arg5	ret	taint	-
summary	android.database.sqlite	SQLiteQueryBuilder	1	buildUnionSubQuery	9	arg7	ret	taint	-
summary	android.database.sqlite	SQLiteQueryBuilder	1	buildUnionSubQuery	9	arg8	ret	taint	-
summary	android.database.sqlite	SQLiteQueryBuilder	1	setProjectionMap	1	arg0	recv	taint	a
summary	android.database.sqlite	SQLiteQueryBuilder	1	setTables	1	arg0	recv	taint	-
summary	android.net	Builder	0	appendEncodedPath	-	recv	ret	value	-
summary	android.net	Builder	0	appendEncodedPath	-	arg0	recv	taint	-
summary	android.net	Builder	0	appendPath	-	recv	ret	value	-
summary	android.net	Builder	0	appendPath	-	arg0	recv	taint	-
summary	android.net	Builder	0	appendQueryParameter	-	recv	ret	value	-
summary	android.net	Builder	0	appendQueryParameter	-	arg0	recv	taint	-
summary	android.net	Builder	0	appendQueryParameter	-	arg1	recv	taint	-
summary	android.net	Builder	0	authority	-	recv	ret	value	-
summary	android.net	Builder	0	authority	-	arg0	recv	taint	-
summary	android.net	Builder	0	build	-	recv	ret	taint	-
summary	android.net	Builder	0	clearQuery	-	recv	ret	value	-
summary	android.net	Builder	0	encodedAuthority	-	recv	ret	value	-
summary	android.net	Builder	0	encodedAuthority	-	arg0	recv	taint	-
summary	android.net	Builder	0	encodedFragment	-	recv	ret	value	-
summary	android.net	Builder	0	encodedFragment	-	arg0	recv	taint	-
summary	android.net	Builder	0	encodedOpaquePart	-	recv	ret	value	-
summary	android.net	Builder	0	encodedOpaquePart	-	arg0	recv	taint	-
summary	android.net	Builder	0	encodedPath	-	recv	ret	value	-
summary	android.net	Builder	0	encodedPath	-	arg0	recv	taint	-
summary	android.net	Builder	0	encodedQuery	-	recv	ret	value	-
summary	android.net	Builder	0	encodedQuery	-	arg0	recv	taint	-
summary	android.net	Builder	0	fragment	-	recv	ret	value	-
summary	android.net	Builder	0	fragment	-	arg0	recv	taint	-
summary	android.net	Builder	0	opaquePart	-	recv	ret	value	-
summary	android.net	Builder	0	opaquePart	-	arg0	recv	taint	-
summary	android.net	Builder	0	path	-	recv	ret	value	-
summary	android.net	Builder	0	path	-	arg0	recv	taint	-
summary	android.net	Builder	0	query	-	recv	ret	value	-
summary	android.net	Builder	0	query	-	arg0	recv	taint	-
summary	android.net	Builder	0	scheme	-	recv	ret	value	-
summary	android.net	Builder	0	scheme	-	arg0	recv	taint	-
summary	android.net	Builder	0	toString	-	recv	ret	taint	-
summary	android.net	Uri	0	decode	-	arg0	ret	taint	-
summary	android.net	Uri	0	encode	-	arg0	ret	taint	-
summary	android.net	Uri	0	fromFile	-	arg0	ret	taint	-
summary	android.net	Uri	0	fromParts	-	arg0	ret	taint	-
summary	android.net	Uri	0	fromParts	-	arg1	ret	taint	-
summary	android.net	Uri	0	fromParts	-	arg2	ret	taint	-
summary	android.net	Uri	0	parse	-	arg0	ret	taint	-
summary	android.net	Uri	0	withAppendedPath	-	arg0	ret	taint	-
summary	android.net	Uri	0	withAppendedPath	-	arg1	ret	taint	-
summary	android.net	Uri	0	writeToParcel	-	arg1	arg0	taint	-
summary	android.net	Uri	1	buildUpon	-	recv	ret	taint	-
summary	android.net	Uri	1	getAuthority	-	recv	ret	taint	-
summary	android.net	Uri	1	getEncodedAuthority	-	recv	ret	taint	-
summary	android.net	Uri	1	getEncodedFragment	-	recv	ret	taint	-
summary	android.net	Uri	1	getEncodedPath	-	recv	ret	taint	-
summary	android.net	Uri	1	getEncodedQuery	-	recv	ret	taint	-
summary	android.net	Uri	1	getEncodedSchemeSpecificPart	-	recv	ret	taint	-
summary	android.net	Uri	1	getEncodedUserInfo	-	recv	ret	taint	-
summary	android.net	Uri	1	getFragment	-	recv	ret	taint	-
summary	android.net	Uri	1	getHost	-	recv	ret	taint	-
summary	android.net	Uri	1	getLastPathSegment	-	recv	ret	taint	-
summary	android.net	Uri	1	getPath	-	recv	ret	taint	-
summary	android.net	Uri	1	getPathSegments	-	recv	ret	taint	-
summary	android.net	Uri	1	getQuery	-	recv	ret	taint	-
summary	android.net	Uri	1	getQueryParameter	-	recv	ret	taint	-
summary	android.net	Uri	1	getQueryParameterNames	-	recv	ret	taint	-
summary	android.net	Uri	1	getQueryParameters	-	recv	ret	taint	-
summary	android.net	Uri	1	getScheme	-	recv	ret	taint	-
summary	android.net	Uri	1	getSchemeSpecificPart	-	recv	ret	taint	-
summary	android.net	Uri	1	getUserInfo	-	recv	ret	taint	-
summary	android.net	Uri	1	normalizeScheme	-	recv	ret	taint	-
summary	android.net	Uri	1	toString	-	recv	ret	taint	-
summary	android.os	BaseBundle	1	get	1	recv	ret	value	a
summary	android.os	BaseBundle	1	getString	1	recv	ret	value	a
summary	android.os	BaseBundle	1	getString	2	recv	ret	value	a
summary	android.os	BaseBundle	1	getString	2	arg1	ret	value	-
summary	android.os	BaseBundle	1	getStringArray	1	recv	ret	value	a
summary	android.os	BaseBundle	1	keySet	0	recv	ret	value	a
summary	android.os	BaseBundle	1	putAll	1	arg0	recv	value	a
summary	android.os	BaseBundle	1	putBoolean	-	arg0	recv	value	a
summary	android.os	BaseBundle	1	putBooleanArray	-	arg0	recv	value	a
summary	android.os	BaseBundle	1	putDouble	-	arg0	recv	value	a
summary	android.os	BaseBundle	1	putDoubleArray	-	arg0	recv	value	a
summary	android.os	BaseBundle	1	putInt	-	arg0	recv	value	a
summary	android.os	BaseBundle	1	putIntArray	-	arg0	recv	value	a
summary	android.os	BaseBundle	1	putLong	-	arg0	recv	value	a
summary	android.os	BaseBundle	1	putLongArray	-	arg0	recv	value	a
summary	android.os	BaseBundle	1	putString	-	arg0	recv	value	a
summary	android.os	BaseBundle	1	putString	-	arg1	recv	value	a
summary	android.os	BaseBundle	1	putStringArray	-	arg0	recv	value	a
summary	android.os	BaseBundle	1	putStringArray	-	arg1	recv	value	a
summary	android.os	Bundle	0	Bundle	1	arg0	recv	value	a
summary	android.os	Bundle	1	clone	0	recv	ret	value	a
summary	android.os	Bundle	1	deepCopy	0	recv	ret	value	a
summary	android.os	Bundle	1	getBinder	1	recv	ret	value	a
summary	android.os	Bundle	1	getBundle	1	recv	ret	value	a
summary	android.os	Bundle	1	getByteArray	1	recv	ret	value	a
summary	android.os	Bundle	1	getCharArray	1	recv	ret	value	a
summary	android.os	Bundle	1	getCharSequence	1	recv	ret	value	a
summary	android.os	Bundle	1	getCharSequence	2	recv	ret	value	a
summary	android.os	Bundle	1	getCharSequence	2	arg1	ret	value	-
summary	android.os	Bundle	1	getCharSequenceArray	1	recv	ret	value	a
summary	android.os	Bundle	1	getCharSequenceArrayList	1	recv	ret	value	a
summary	android.os	Bundle	1	getParcelable	1	recv	ret	value	a
summary	android.os	Bundle	1	getParcelableArray	1	recv	ret	value	a
summary	android.os	Bundle	1	getParcelableArrayList	1	recv	ret	value	a
summary	android.os	Bundle	1	getSerializable	1	recv	ret	value	a
summary	android.os	Bundle	1	getSparseParcelableArray	1	recv	ret	value	a
summary	android.os	Bundle	1	getStringArrayList	1	recv	ret	value	a
summary	android.os	Bundle	1	putAll	1	arg0	recv	value	a
summary	android.os	Bundle	1	putBinder	-	arg0	recv	value	a
summary	android.os	Bundle	1	putBinder	-	arg1	recv	value	a
summary	android.os	Bundle	1	putBundle	-	arg0	recv	value	a
summary	android.os	Bundle	1	putBundle	-	arg1	recv	value	a
summary	android.os	Bundle	1	putByte	-	arg0	recv	value	a
summary	android.os	Bundle	1	putByteArray	-	arg0	recv	value	a
summary	android.os	Bundle	1	putByteArray	-	arg1	recv	value	a
summary	android.os	Bundle	1	putChar	-	arg0	recv	value	a
summary	android.os	Bundle	1	putCharArray	-	arg0	recv	value	a
summary	android.os	Bundle	1	putCharArray	-	arg1	recv	value	a
summary	android.os	Bundle	1	putCharSequence	-	arg0	recv	value	a
summary	android.os	Bundle	1	putCharSequence	-	arg1	recv	value	a
summary	android.os	Bundle	1	putCharSequenceArray	-	arg0	recv	value	a
summary	android.os	Bundle	1	putCharSequenceArray	-	arg1	recv	value	a
summary	android.os	Bundle	1	putCharSequenceArrayList	-	arg0	recv	value	a
summary	android.os	Bundle	1	putCharSequenceArrayList	-	arg1	recv	value	a
summary	android.os	Bundle	1	putFloat	-	arg0	recv	value	a
summary	android.os	Bundle	1	putFloatArray	-	arg0	recv	value	a
summary	android.os	Bundle	1	putIntegerArrayList	-	arg0	recv	value	a
summary	android.os	Bundle	1	putParcelable	-	arg0	recv	value	a
summary	android.os	Bundle	1	putParcelable	-	arg1	recv	value	a
summary	android.os	Bundle	1	putParcelableArray	-	arg0	recv	value	a
summary	android.os	Bundle	1	putParcelableArray	-	arg1	recv	value	a
summary	android.os	Bundle	1	putParcelableArrayList	-	arg0	recv	value	a
summary	android.os	Bundle	1	putParcelableArrayList	-	arg1	recv	value	a
summary	android.os	Bundle	1	putSerializable	-	arg0	recv	value	a
summary	android.os	Bundle	1	putSerializable	-	arg1	recv	value	a
summary	android.os	Bundle	1	putShort	-	arg0	recv	value	a
summary	android.os	Bundle	1	putShortArray	-	arg0	recv	value	a
summary	android.os	Bundle	1	putSize	-	arg0	recv	value	a
summary	android.os	Bundle	1	putSizeF	-	arg0	recv	value	a
summary	android.os	Bundle	1	putSparseParcelableArray	-	arg0	recv	value	a
summary	android.os	Bundle	1	putSparseParcelableArray	-	arg1	recv	value	a
summary	android.os	Bundle	1	putStringArrayList	-	arg0	recv	value	a
summary	android.os	Bundle	1	putStringArrayList	-	arg1	recv	value	a
summary	android.os	Bundle	1	readFromParcel	-	arg0	recv	taint	a
summary	android.os	Parcel	0	readArray	-	recv	ret	taint	-
summary	android.os	Parcel	0	readArrayList	-	recv	ret	taint	-
summary	android.os	Parcel	0	readBinderArray	-	recv	arg0	taint	-
summary	android.os	Parcel	0	readBinderList	-	recv	arg0	taint	-
summary	android.os	Parcel	0	readBoolean	-	recv	ret	taint	-
summary	android.os	Parcel	0	readBooleanArray	-	recv	arg0	taint	-
summary	android.os	Parcel	0	readBundle	-	recv	ret	taint	-
summary	android.os	Parcel	0	readByte	-	recv	ret	taint	-
summary	android.os	Parcel	0	readByteArray	-	recv	arg0	taint	-
summary	android.os	Parcel	0	readCharArray	-	recv	arg0	taint	-
summary	android.os	Parcel	0	readDouble	-	recv	ret	taint	-
summary	android.os	Parcel	0	readDoubleArray	-	recv	arg0	taint	-
summary	android.os	Parcel	0	readFileDescriptor	-	recv	ret	taint	-
summary	android.os	Parcel	0	readFloat	-	recv	ret	taint	-
summary	android.os	Parcel	0	readFloatArray	-	recv	arg0	taint	-
summary	android.os	Parcel	0	readHashMap	-	recv	ret	taint	-
summary	android.os	Parcel	0	readInt	-	recv	ret	taint	-
summary	android.os	Parcel	0	readIntArray	-	recv	arg0	taint	-
summary	android.os	Parcel	0	readList	-	recv	arg0	taint	-
summary	android.os	Parcel	0	readLong	-	recv	ret	taint	-
summary	android.os	Parcel	0	readLongArray	-	recv	arg0	taint	-
summary	android.os	Parcel	0	readMap	-	recv	arg0	taint	-
summary	android.os	Parcel	0	readParcelable	-	recv	ret	taint	-
summary	android.os	Parcel	0	readParcelableArray	-	recv	ret	taint	-
summary	android.os	Parcel	0	readParcelableList	-	recv	arg0	taint	-
summary	android.os	Parcel	0	readParcelableList	-	arg0	ret	value	-
summary	android.os	Parcel	0	readPersistableBundle	-	recv	ret	taint	-
summary	android.os	Parcel	0	readSerializable	-	recv	ret	taint	-
summary	android.os	Parcel	0	readSize	-	recv	ret	taint	-
summary	android.os	Parcel	0	readSizeF	-	recv	ret	taint	-
summary	android.os	Parcel	0	readSparseArray	-	recv	ret	taint	-
summary	android.os	Parcel	0	readSparseBooleanArray	-	recv	ret	taint	-
summary	android.os	Parcel	0	readString	-	recv	ret	taint	-
summary	android.os	Parcel	0	readStringArray	-	recv	arg0	taint	-
summary	android.os	Parcel	0	readStringList	-	recv	arg0	taint	-
summary	android.os	Parcel	0	readStrongBinder	-	recv	ret	taint	-
summary	android.os	Parcel	0	readTypedArray	-	recv	arg0	taint	-
summary	android.os	Parcel	0	readTypedList	-	recv	arg0	taint	-
summary	android.os	Parcel	0	readTypedObject	-	recv	ret	taint	-
summary	android.os	Parcel	0	readValue	-	recv	ret	taint	-
summary	android.widget	EditText	1	getText	-	recv	ret	taint	-
summary	androidx.core.app	Action	1	Action	3	arg2	recv	taint	-
summary	androidx.core.app	Action	1	getExtras	-	recv	ret	value	a
summary	androidx.core.app	BigPictureStyle	1	bigLargeIcon	-	recv	ret	value	-
summary	androidx.core.app	BigPictureStyle	1	bigPicture	-	recv	ret	value	-
summary	androidx.core.app	BigPictureStyle	1	setBigContentTitle	-	recv	ret	value	-
summary	androidx.core.app	BigPictureStyle	1	setContentDescription	-	recv	ret	value	-
summary	androidx.core.app	BigPictureStyle	1	setSummaryText	-	recv	ret	value	-
summary	androidx.core.app	BigPictureStyle	1	showBigPictureWhenCollapsed	-	recv	ret	value	-
summary	androidx.core.app	BigTextStyle	1	bigText	-	recv	ret	value	-
summary	androidx.core.app	BigTextStyle	1	setBigContentTitle	-	recv	ret	value	-
summary	androidx.core.app	BigTextStyle	1	setSummaryText	-	recv	ret	value	-
summary	androidx.core.app	Builder	1	Builder	1	arg0	recv	taint	-
summary	androidx.core.app	Builder	1	Builder	3	arg2	recv	taint	-
summary	androidx.core.app	Builder	1	addAction	-	recv	ret	value	-
summary	androidx.core.app	Builder	1	addAction	1	arg0	recv	taint	-
summary	androidx.core.app	Builder	1	addAction	3	arg2	recv	taint	-
summary	androidx.core.app	Builder	1	addExtras	-	recv	ret	value	-
summary	androidx.core.app	Builder	1	addExtras	-	arg0	recv	value	a
summary	androidx.core.app	Builder	1	addPerson	-	recv	ret	value	-
summary	androidx.core.app	Builder	1	addRemoteInput	-	recv	ret	value	-
summary	androidx.core.app	Builder	1	build	-	recv	ret	taint	-
summary	androidx.core.app	Builder	1	build	-	recv	ret	value	a
summary	androidx.core.app	Builder	1	extend	-	recv	ret	value	-
summary	androidx.core.app	Builder	1	getExtras	-	recv	ret	value	a
summary	androidx.core.app	Builder	1	setActions	-	recv	ret	value	-
summary	androidx.core.app	Builder	1	setAllowGeneratedReplies	-	recv	ret	value	-
summary	androidx.core.app	Builder	1	setAuthenticationRequired	-	recv	ret	value	-
summary	androidx.core.app	Builder	1	setAutoCancel	-	recv	ret	value	-
summary	androidx.core.app	Builder	1	setBadgeIconType	-	recv	ret	value	-
summary	androidx.core.app	Builder	1	setBubbleMetadata	-	recv	ret	value	-
summary	androidx.core.app	Builder	1	setCategory	-	recv	ret	value	-
summary	androidx.core.app	Builder	1	setChannelId	-	recv	ret	value	-
summary	androidx.core.app	Builder	1	setChronometerCountDown	-	recv	ret	value	-
summary	androidx.core.app	Builder	1	setColor	-	recv	ret	value	-
summary	androidx.core.app	Builder	1	setColorized	-	recv	ret	value	-
summary	androidx.core.app	Builder	1	setContent	-	recv	ret	value	-
summary	androidx.core.app	Builder	1	setContentInfo	-	recv	ret	value	-
summary	androidx.core.app	Builder	1	setContentIntent	-	recv	ret	value	-
summary	androidx.core.app	Builder	1	setContentIntent	-	arg0	recv	taint	-
summary	androidx.core.app	Builder	1	setContentText	-	recv	ret	value	-
summary	androidx.core.app	Builder	1	setContentTitle	-	recv	ret	value	-
summary	androidx.core.app	Builder	1	setContextual	-	recv	ret	value	-
summary	androidx.core.app	Builder	1	setCustomBigContentView	-	recv	ret	value	-
summary	androidx.core.app	Builder	1	setCustomHeadsUpContentView	-	recv	ret	value	-
summary	androidx.core.app	Builder	1	setDefaults	-	recv	ret	value	-
summary	androidx.core.app	Builder	1	setDeleteIntent	-	recv	ret	value	-
summary	androidx.core.app	Builder	1	setDeleteIntent	-	arg0	recv	taint	-
summary	androidx.core.app	Builder	1	setExtras	-	recv	ret	value	-
summary	androidx.core.app	Builder	1	setExtras	-	arg0	recv	value	a
summary	androidx.core.app	Builder	1	setFlag	-	recv	ret	value	-
summary	androidx.core.app	Builder	1	setForegroundServiceBehavior	-	recv	ret	value	-
summary	androidx.core.app	Builder	1	setFullScreenIntent	-	recv	ret	value	-
summary	androidx.core.app	Builder	1	setGroup	-	recv	ret	value	-
summary	androidx.core.app	Builder	1	setGroupAlertBehavior	-	recv	ret	value	-
summary	androidx.core.app	Builder	1	setGroupSummary	-	recv	ret	value	-
summary	androidx.core.app	Builder	1	setLargeIcon	-	recv	ret	value	-
summary	androidx.core.app	Builder	1	setLights	-	recv	ret	value	-
summary	androidx.core.app	Builder	1	setLocalOnly	-	recv	ret	value	-
summary	androidx.core.app	Builder	1	setLocusId	-	recv	ret	value	-
summary	androidx.core.app	Builder	1	setNumber	-	recv	ret	value	-
summary	androidx.core.app	Builder	1	setOngoing	-	recv	ret	value	-
summary	androidx.core.app	Builder	1	setOnlyAlertOnce	-	recv	ret	value	-
summary	androidx.core.app	Builder	1	setPriority	-	recv	ret	value	-
summary	androidx.core.app	Builder	1	setProgress	-	recv	ret	value	-
summary	androidx.core.app	Builder	1	setPublicVersion	-	recv	ret	value	-
summary	androidx.core.app	Builder	1	setPublicVersion	-	arg0	recv	taint	-
summary	androidx.core.app	Builder	1	setRemoteInputHistory	-	recv	ret	value	-
summary	androidx.core.app	Builder	1	setSemanticAction	-	recv	ret	value	-
summary	androidx.core.app	Builder	1	setSettingsText	-	recv	ret	value	-
summary	androidx.core.app	Builder	1	setShortcutId	-	recv	ret	value	-
summary	androidx.core.app	Builder	1	setShowWhen	-	recv	ret	value	-
summary	androidx.core.app	Builder	1	setSmallIcon	-	recv	ret	value	-
summary	androidx.core.app	Builder	1	setSortKey	-	recv	ret	value	-
summary	androidx.core.app	Builder	1	setSound	-	recv	ret	value	-
summary	androidx.core.app	Builder	1	setStyle	-	recv	ret	value	-
summary	androidx.core.app	Builder	1	setSubText	-	recv	ret	value	-
summary	androidx.core.app	Builder	1	setTicker	-	recv	ret	value	-
summary	androidx.core.app	Builder	1	setTimeoutAfter	-	recv	ret	value	-
summary	androidx.core.app	Builder	1	setUsesChronometer	-	recv	ret	value	-
summary	androidx.core.app	Builder	1	setVibrate	-	recv	ret	value	-
summary	androidx.core.app	Builder	1	setVisibility	-	recv	ret	value	-
summary	androidx.core.app	Builder	1	setWhen	-	recv	ret	value	-
summary	androidx.core.app	InboxStyle	1	addLine	-	recv	ret	value	-
summary	androidx.core.app	InboxStyle	1	setBigContentTitle	-	recv	ret	value	-
summary	androidx.core.app	InboxStyle	1	setSummaryText	-	recv	ret	value	-
summary	androidx.slice.builders	HeaderBuilder	1	setContentDescription	-	recv	ret	value	-
summary	androidx.slice.builders	HeaderBuilder	1	setLayoutDirection	-	recv	ret	value	-
summary	androidx.slice.builders	HeaderBuilder	1	setPrimaryAction	-	recv	ret	value	-
summary	androidx.slice.builders	HeaderBuilder	1	setPrimaryAction	-	arg0	recv	taint	a
summary	androidx.slice.builders	HeaderBuilder	1	setSubtitle	-	recv	ret	value	-
summary	androidx.slice.builders	HeaderBuilder	1	setSummary	-	recv	ret	value	-
summary	androidx.slice.builders	HeaderBuilder	1	setTitle	-	recv	ret	value	-
summary	androidx.slice.builders	InputRangeBuilder	1	addEndItem	-	recv	ret	value	-
summary	androidx.slice.builders	InputRangeBuilder	1	addEndItem	-	arg0	recv	taint	a
summary	androidx.slice.builders	InputRangeBuilder	1	setContentDescription	-	recv	ret	value	-
summary	androidx.slice.builders	InputRangeBuilder	1	setInputAction	-	recv	ret	value	-
summary	androidx.slice.builders	InputRangeBuilder	1	setInputAction	1	arg0	recv	taint	a
summary	androidx.slice.builders	InputRangeBuilder	1	setLayoutDirection	-	recv	ret	value	-
summary	androidx.slice.builders	InputRangeBuilder	1	setMax	-	recv	ret	value	-
summary	androidx.slice.builders	InputRangeBuilder	1	setMin	-	recv	ret	value	-
summary	androidx.slice.builders	InputRangeBuilder	1	setPrimaryAction	-	recv	ret	value	-
summary	androidx.slice.builders	InputRangeBuilder	1	setPrimaryAction	-	arg0	recv	taint	a
summary	androidx.slice.builders	InputRangeBuilder	1	setSubtitle	-	recv	ret	value	-
summary	androidx.slice.builders	InputRangeBuilder	1	setThumb	-	recv	ret	value	-
summary	androidx.slice.builders	InputRangeBuilder	1	setTitle	-	recv	ret	value	-
summary	androidx.slice.builders	InputRangeBuilder	1	setTitleItem	-	recv	ret	value	-
summary	androidx.slice.builders	InputRangeBuilder	1	setValue	-	recv	ret	value	-
summary	androidx.slice.builders	ListBuilder	1	addAction	-	recv	ret	value	-
summary	androidx.slice.builders	ListBuilder	1	addAction	-	arg0	recv	taint	a
summary	androidx.slice.builders	ListBuilder	1	addGridRow	-	recv	ret	value	-
summary	androidx.slice.builders	ListBuilder	1	addGridRow	-	arg0	recv	taint	a
summary	androidx.slice.builders	ListBuilder	1	addInputRange	-	recv	ret	value	-
summary	androidx.slice.builders	ListBuilder	1	addInputRange	-	arg0	recv	taint	a
summary	androidx.slice.builders	ListBuilder	1	addRange	-	recv	ret	value	-
summary	androidx.slice.builders	ListBuilder	1	addRange	-	arg0	recv	taint	a
summary	androidx.slice.builders	ListBuilder	1	addRating	-	recv	ret	value	-
summary	androidx.slice.builders	ListBuilder	1	addRating	-	arg0	recv	taint	a
summary	androidx.slice.builders	ListBuilder	1	addRow	-	recv	ret	value	-
summary	androidx.slice.builders	ListBuilder	1	addRow	-	arg0	recv	taint	a
summary	androidx.slice.builders	ListBuilder	1	addSelection	-	recv	ret	value	-
summary	androidx.slice.builders	ListBuilder	1	addSelection	-	arg0	recv	taint	a
summary	androidx.slice.builders	ListBuilder	1	build	-	recv	ret	taint	a
summary	androidx.slice.builders	ListBuilder	1	setAccentColor	-	recv	ret	value	-
summary	androidx.slice.builders	ListBuilder	1	setHeader	-	recv	ret	value	-
summary	androidx.slice.builders	ListBuilder	1	setHeader	-	arg0	recv	taint	a
summary	androidx.slice.builders	ListBuilder	1	setHostExtras	-	recv	ret	value	-
summary	androidx.slice.builders	ListBuilder	1	setIsError	-	recv	ret	value	-
summary	androidx.slice.builders	ListBuilder	1	setKeywords	-	recv	ret	value	-
summary	androidx.slice.builders	ListBuilder	1	setLayoutDirection	-	recv	ret	value	-
summary	androidx.slice.builders	ListBuilder	1	setSeeMoreAction	-	recv	ret	value	-
summary	androidx.slice.builders	ListBuilder	1	setSeeMoreAction	1	arg0	recv	taint	a
summary	androidx.slice.builders	ListBuilder	1	setSeeMoreRow	-	recv	ret	value	-
summary	androidx.slice.builders	ListBuilder	1	setSeeMoreRow	-	arg0	recv	taint	a
summary	androidx.slice.builders	RangeBuilder	1	setContentDescription	-	recv	ret	value	-
summary	androidx.slice.builders	RangeBuilder	1	setMax	-	recv	ret	value	-
summary	androidx.slice.builders	RangeBuilder	1	setMode	-	recv	ret	value	-
summary	androidx.slice.builders	RangeBuilder	1	setPrimaryAction	-	recv	ret	value	-
summary	androidx.slice.builders	RangeBuilder	1	setPrimaryAction	-	arg0	recv	taint	a
summary	androidx.slice.builders	RangeBuilder	1	setSubtitle	-	recv	ret	value	-
summary	androidx.slice.builders	RangeBuilder	1	setTitle	-	recv	ret	value	-
summary	androidx.slice.builders	RangeBuilder	1	setTitleItem	-	recv	ret	value	-
summary	androidx.slice.builders	RangeBuilder	1	setValue	-	recv	ret	value	-
summary	androidx.slice.builders	RatingBuilder	1	setContentDescription	-	recv	ret	value	-
summary	androidx.slice.builders	RatingBuilder	1	setInputAction	-	recv	ret	value	-
summary	androidx.slice.builders	RatingBuilder	1	setInputAction	1	arg0	recv	taint	a
summary	androidx.slice.builders	RatingBuilder	1	setMax	-	recv	ret	value	-
summary	androidx.slice.builders	RatingBuilder	1	setMin	-	recv	ret	value	-
summary	androidx.slice.builders	RatingBuilder	1	setPrimaryAction	-	recv	ret	value	-
summary	androidx.slice.builders	RatingBuilder	1	setPrimaryAction	-	arg0	recv	taint	a
summary	androidx.slice.builders	RatingBuilder	1	setSubtitle	-	recv	ret	value	-
summary	androidx.slice.builders	RatingBuilder	1	setTitle	-	recv	ret	value	-
summary	androidx.slice.builders	RatingBuilder	1	setTitleItem	-	recv	ret	value	-
summary	androidx.slice.builders	RatingBuilder	1	setValue	-	recv	ret	value	-
summary	androidx.slice.builders	RowBuilder	1	addEndItem	-	recv	ret	value	-
summary	androidx.slice.builders	RowBuilder	1	addEndItem	1	arg0	recv	taint	a
summary	androidx.slice.builders	RowBuilder	1	addEndItem	2	arg0	recv	taint	a
summary	androidx.slice.builders	RowBuilder	1	setContentDescription	-	recv	ret	value	-
summary	androidx.slice.builders	RowBuilder	1	setEndOfSection	-	recv	ret	value	-
summary	androidx.slice.builders	RowBuilder	1	setLayoutDirection	-	recv	ret	value	-
summary	androidx.slice.builders	RowBuilder	1	setPrimaryAction	-	recv	ret	value	-
summary	androidx.slice.builders	RowBuilder	1	setPrimaryAction	-	arg0	recv	taint	a
summary	androidx.slice.builders	RowBuilder	1	setSubtitle	-	recv	ret	value	-
summary	androidx.slice.builders	RowBuilder	1	setTitle	-	recv	ret	value	-
summary	androidx.slice.builders	RowBuilder	1	setTitleItem	-	recv	ret	value	-
summary	androidx.slice.builders	RowBuilder	1	setTitleItem	1	arg0	recv	taint	a
summary	androidx.slice.builders	RowBuilder	1	setTitleItem	2	arg0	recv	taint	a
summary	androidx.slice.builders	SliceAction	1	create	4	arg0	ret	taint	a
summary	androidx.slice.builders	SliceAction	1	createDeeplink	4	arg0	ret	taint	a
summary	androidx.slice.builders	SliceAction	1	createToggle	3	arg0	ret	taint	a
summary	androidx.slice.builders	SliceAction	1	getAction	-	recv	ret	taint	a
summary	androidx.slice.builders	SliceAction	1	setChecked	-	recv	ret	value	-
summary	androidx.slice.builders	SliceAction	1	setContentDescription	-	recv	ret	value	-
summary	androidx.slice.builders	SliceAction	1	setPriority	-	recv	ret	value	-
summary	cn.hutool.core.codec	Base64	1	decode	-	arg0	ret	taint	-
summary	com.alibaba.druid.sql	SQLUtils	0	toMySqlString	1	arg0	ret	taint	-
summary	com.alibaba.fastjson2	JSON	0	parseArray	2	arg0	ret	taint	a
summary	com.couchbase.client.core.env	UsernameAndPassword	1	UsernameAndPassword	2	arg0	recv	taint	-
summary	com.couchbase.client.core.env	UsernameAndPassword	1	UsernameAndPassword	2	arg1	recv	taint	-
summary	com.esotericsoftware.kryo.io	Input	0	Input	-	arg0	recv	taint	-
summary	com.esotericsoftware.kryo5.io	Input	0	Input	-	arg0	recv	taint	-
summary	com.fasterxml.jackson.core	JsonFactory	0	createParser	-	arg0	ret	taint	-
summary	com.fasterxml.jackson.databind	ObjectMapper	0	createParser	-	arg0	ret	taint	-
summary	com.fasterxml.jackson.databind	ObjectMapper	1	convertValue	-	arg0	ret	taint	-
summary	com.fasterxml.jackson.databind	ObjectMapper	1	readTree	1	arg0	ret	taint	-
summary	com.fasterxml.jackson.databind	ObjectMapper	1	readValue	2	arg0	ret	taint	-
summary	com.fasterxml.jackson.databind	ObjectMapper	1	valueToTree	-	arg0	ret	taint	-
summary	com.fasterxml.jackson.databind	ObjectMapper	1	valueToTree	-	arg0	ret	taint	a
summary	com.fasterxml.jackson.databind	ObjectReader	0	createParser	-	arg0	ret	taint	-
summary	com.google.common.base	Ascii	0	toLowerCase	1	arg0	ret	taint	-
summary	com.google.common.base	Ascii	0	toUpperCase	1	arg0	ret	taint	-
summary	com.google.common.base	Ascii	0	truncate	3	arg0	ret	taint	-
summary	com.google.common.base	Ascii	0	truncate	3	arg2	ret	taint	-
summary	com.google.common.base	CaseFormat	1	to	2	arg1	ret	taint	-
summary	com.google.common.base	Converter	1	apply	1	arg0	ret	taint	-
summary	com.google.common.base	Converter	1	convert	1	arg0	ret	taint	-
summary	com.google.common.base	Converter	1	convertAll	1	arg0	ret	taint	a
summary	com.google.common.base	Joiner	0	appendTo	-	recv	arg0	taint	-
summary	com.google.common.base	Joiner	0	appendTo	-	arg0	ret	value	-
summary	com.google.common.base	Joiner	0	appendTo	2	arg1	recv	taint	a
summary	com.google.common.base	Joiner	0	appendTo	4	arg1	arg0	taint	-
summary	com.google.common.base	Joiner	0	appendTo	4	arg2	arg0	taint	-
summary	com.google.common.base	Joiner	0	appendTo	4	arg3	arg0	taint	a
summary	com.google.common.base	Joiner	0	join	-	recv	ret	taint	-
summary	com.google.common.base	Joiner	0	join	-	arg0	ret	taint	-
summary	com.google.common.base	Joiner	0	join	-	arg1	ret	taint	-
summary	com.google.common.base	Joiner	0	join	-	arg2	ret	taint	-
summary	com.google.common.base	Joiner	0	on	1	arg0	ret	taint	-
summary	com.google.common.base	Joiner	0	skipNulls	0	recv	ret	taint	-
summary	com.google.common.base	Joiner	0	useForNull	1	recv	ret	taint	-
summary	com.google.common.base	Joiner	0	useForNull	1	arg0	ret	taint	-
summary	com.google.common.base	Joiner	0	withKeyValueSeparator	1	recv	ret	taint	-
summary	com.google.common.base	Joiner	0	withKeyValueSeparator	1	arg0	ret	taint	-
summary	com.google.common.base	MapJoiner	0	appendTo	-	arg0	ret	value	-
summary	com.google.common.base	MapJoiner	0	appendTo	-	arg1	arg0	taint	-
summary	com.google.common.base	MapJoiner	0	join	-	recv	ret	taint	-
summary	com.google.common.base	MapJoiner	0	join	1	arg0	ret	taint	a
summary	com.google.common.base	MapJoiner	0	useForNull	1	recv	ret	taint	-
summary	com.google.common.base	MapJoiner	0	useForNull	1	arg0	ret	taint	-
summary	com.google.common.base	MapSplitter	0	split	1	arg0	ret	taint	-
summary	com.google.common.base	MoreObjects	0	firstNonNull	2	arg0	ret	value	-
summary	com.google.common.base	MoreObjects	0	firstNonNull	2	arg1	ret	value	-
summary	com.google.common.base	MoreObjects	0	toStringHelper	1	arg0	ret	taint	-
summary	com.google.common.base	Optional	1	asSet	0	recv	ret	value	a
summary	com.google.common.base	Optional	1	fromJavaUtil	1	arg0	ret	value	a
summary	com.google.common.base	Optional	1	fromNullable	1	arg0	ret	value	a
summary	com.google.common.base	Optional	1	get	0	recv	ret	value	a
summary	com.google.common.base	Optional	1	of	1	arg0	ret	value	a
summary	com.google.common.base	Optional	1	or	1	recv	ret	value	a
summary	com.google.common.base	Optional	1	or	1	arg0	ret	taint	-
summary	com.google.common.base	Optional	1	or	1	arg0	ret	value	-
summary	com.google.common.base	Optional	1	or	1	arg0	ret	value	a
summary	com.google.common.base	Optional	1	orNull	0	recv	ret	value	a
summary	com.google.common.base	Optional	1	presentInstances	1	arg0	ret	value	a
summary	com.google.common.base	Optional	1	toJavaUtil	0	recv	ret	value	a
summary	com.google.common.base	Optional	1	toJavaUtil	1	arg0	ret	value	a
summary	com.google.common.base	Preconditions	0	checkNotNull	-	arg0	ret	value	-
summary	com.google.common.base	Splitter	0	split	1	arg0	ret	taint	-
summary	com.google.common.base	Splitter	0	splitToList	1	arg0	ret	taint	-
summary	com.google.common.base	Splitter	0	splitToStream	1	arg0	ret	taint	-
summary	com.google.common.base	Strings	0	emptyToNull	1	arg0	ret	value	-
summary	com.google.common.base	Strings	0	lenientFormat	2	arg0	ret	taint	-
summary	com.google.common.base	Strings	0	lenientFormat	2	arg1	ret	taint	a
summary	com.google.common.base	Strings	0	nullToEmpty	1	arg0	ret	value	-
summary	com.google.common.base	Strings	0	padEnd	3	arg0	ret	taint	-
summary	com.google.common.base	Strings	0	padStart	3	arg0	ret	taint	-
summary	com.google.common.base	Strings	0	repeat	2	arg0	ret	taint	-
summary	com.google.common.base	Supplier	1	get	0	recv	ret	taint	-
summary	com.google.common.base	Suppliers	0	memoize	1	arg0	ret	taint	-
summary	com.google.common.base	Suppliers	0	memoizeWithExpiration	3	arg0	ret	taint	-
summary	com.google.common.base	Suppliers	0	ofInstance	1	arg0	ret	taint	-
summary	com.google.common.base	Suppliers	0	synchronizedSupplier	1	arg0	ret	taint	-
summary	com.google.common.base	ToStringHelper	0	add	-	recv	ret	value	-
summary	com.google.common.base	ToStringHelper	0	add	-	arg0	ret	taint	-
summary	com.google.common.base	ToStringHelper	0	add	-	arg0	recv	taint	-
summary	com.google.common.base	ToStringHelper	0	add	2	arg1	ret	taint	-
summary	com.google.common.base	ToStringHelper	0	add	2	arg1	recv	taint	-
summary	com.google.common.base	ToStringHelper	0	addValue	-	recv	ret	value	-
summary	com.google.common.base	ToStringHelper	0	addValue	1	arg0	ret	taint	-
summary	com.google.common.base	ToStringHelper	0	addValue	1	arg0	recv	taint	-
summary	com.google.common.base	ToStringHelper	0	omitNullValues	0	recv	ret	value	-
summary	com.google.common.base	ToStringHelper	0	toString	0	recv	ret	taint	-
summary	com.google.common.base	Verify	0	verifyNotNull	-	arg0	ret	value	-
summary	com.google.common.cache	Cache	1	asMap	0	recv	ret	value	a
summary	com.google.common.cache	Cache	1	get	2	recv	ret	value	a
summary	com.google.common.cache	Cache	1	getAllPresent	1	recv	ret	value	a
summary	com.google.common.cache	Cache	1	getAllPresent	1	arg0	ret	value	a
summary	com.google.common.cache	Cache	1	getIfPresent	1	recv	ret	value	a
summary	com.google.common.cache	Cache	1	put	2	arg0	recv	value	a
summary	com.google.common.cache	Cache	1	put	2	arg1	recv	value	a
summary	com.google.common.cache	Cache	1	putAll	1	arg0	recv	value	a
summary	com.google.common.cache	LoadingCache	1	apply	1	recv	ret	value	a
summary	com.google.common.cache	LoadingCache	1	get	1	recv	ret	value	a
summary	com.google.common.cache	LoadingCache	1	getAll	1	recv	ret	value	a
summary	com.google.common.cache	LoadingCache	1	getAll	1	arg0	ret	value	a
summary	com.google.common.cache	LoadingCache	1	getAll	1	arg0	recv	value	a
summary	com.google.common.cache	LoadingCache	1	getUnchecked	1	recv	ret	value	a
summary	com.google.common.collect	ArrayListMultimap	1	create	1	arg0	ret	value	a
summary	com.google.common.collect	ArrayTable	1	create	1	arg0	ret	value	a
summary	com.google.common.collect	ArrayTable	1	create	2	arg0	ret	value	a
summary	com.google.common.collect	ArrayTable	1	create	2	arg1	ret	value	a
summary	com.google.common.collect	BiMap	1	forcePut	2	arg0	recv	value	a
summary	com.google.common.collect	BiMap	1	forcePut	2	arg1	recv	value	a
summary	com.google.common.collect	BiMap	1	inverse	0	recv	ret	value	a
summary	com.google.common.collect	Builder	1	add	-	recv	ret	value	-
summary	com.google.common.collect	Builder	1	add	1	arg0	recv	value	a
summary	com.google.common.collect	Builder	1	addAll	-	recv	ret	value	-
summary	com.google.common.collect	Builder	1	addAll	1	arg0	recv	value	a
summary	com.google.common.collect	Builder	1	addCopies	2	recv	ret	value	-
summary	com.google.common.collect	Builder	1	addCopies	2	arg0	recv	value	a
summary	com.google.common.collect	Builder	1	build	0	recv	ret	value	a
summary	com.google.common.collect	Builder	1	orderColumnsBy	1	recv	ret	value	-
summary	com.google.common.collect	Builder	1	orderEntriesByValue	1	recv	ret	value	-
summary	com.google.common.collect	Builder	1	orderKeysBy	1	recv	ret	value	-
summary	com.google.common.collect	Builder	1	orderRowsBy	1	recv	ret	value	-
summary	com.google.common.collect	Builder	1	orderValuesBy	1	recv	ret	value	-
summary	com.google.common.collect	Builder	1	put	-	recv	ret	value	-
summary	com.google.common.collect	Builder	1	put	1	recv	ret	value	-
summary	com.google.common.collect	Builder	1	put	1	arg0	recv	value	a
summary	com.google.common.collect	Builder	1	put	2	arg0	recv	value	a
summary	com.google.common.collect	Builder	1	put	2	arg1	recv	value	a
summary	com.google.common.collect	Builder	1	put	3	recv	ret	value	-
summary	com.google.common.collect	Builder	1	put	3	arg0	recv	value	a
summary	com.google.common.collect	Builder	1	put	3	arg1	recv	value	a
summary	com.google.common.collect	Builder	1	put	3	arg2	recv	value	a
summary	com.google.common.collect	Builder	1	putAll	-	recv	ret	value	-
summary	com.google.common.collect	Builder	1	putAll	1	recv	ret	value	-
summary	com.google.common.collect	Builder	1	putAll	1	arg0	recv	value	a
summary	com.google.common.collect	Builder	1	putAll	2	arg0	recv	value	a
summary	com.google.common.collect	Builder	1	putAll	2	arg1	recv	value	a
summary	com.google.common.collect	Builder	1	setCount	2	arg0	recv	value	a
summary	com.google.common.collect	Cell	1	getColumnKey	0	recv	ret	value	a
summary	com.google.common.collect	Cell	1	getRowKey	0	recv	ret	value	a
summary	com.google.common.collect	Cell	1	getValue	0	recv	ret	value	a
summary	com.google.common.collect	ClassToInstanceMap	1	getInstance	1	recv	ret	value	a
summary	com.google.common.collect	ClassToInstanceMap	1	putInstance	2	recv	ret	value	a
summary	com.google.common.collect	ClassToInstanceMap	1	putInstance	2	arg1	recv	value	a
summary	com.google.common.collect	Collections2	0	filter	2	arg0	ret	value	a
summary	com.google.common.collect	Collections2	0	orderedPermutations	1	arg0	ret	value	a
summary	com.google.common.collect	Collections2	0	orderedPermutations	2	arg0	ret	value	a
summary	com.google.common.collect	Collections2	0	permutations	1	arg0	ret	value	a
summary	com.google.common.collect	ConcurrentHashMultiset	1	create	1	arg0	ret	value	a
summary	com.google.common.collect	Entry	1	getElement	0	recv	ret	value	a
summary	com.google.common.collect	HashBasedTable	1	create	1	arg0	ret	value	a
summary	com.google.common.collect	HashBiMap	1	create	1	arg0	ret	value	a
summary	com.google.common.collect	HashMultimap	1	create	1	arg0	ret	value	a
summary	com.google.common.collect	HashMultiset	1	create	1	arg0	ret	value	a
summary	com.google.common.collect	ImmutableBiMap	1	of	-	arg0	ret	value	a
summary	com.google.common.collect	ImmutableBiMap	1	of	-	arg1	ret	value	a
summary	com.google.common.collect	ImmutableBiMap	1	of	-	arg2	ret	value	a
summary	com.google.common.collect	ImmutableBiMap	1	of	-	arg3	ret	value	a
summary	com.google.common.collect	ImmutableBiMap	1	of	-	arg4	ret	value	a
summary	com.google.common.collect	ImmutableBiMap	1	of	-	arg5	ret	value	a
summary	com.google.common.collect	ImmutableBiMap	1	of	-	arg6	ret	value	a
summary	com.google.common.collect	ImmutableBiMap	1	of	-	arg7	ret	value	a
summary	com.google.common.collect	ImmutableBiMap	1	of	-	arg8	ret	value	a
summary	com.google.common.collect	ImmutableBiMap	1	of	-	arg9	ret	value	a
summary	com.google.common.collect	ImmutableClassToInstanceMap	1	copyOf	1	arg0	ret	value	a
summary	com.google.common.collect	ImmutableClassToInstanceMap	1	of	2	arg0	ret	value	a
summary	com.google.common.collect	ImmutableClassToInstanceMap	1	of	2	arg1	ret	value	a
summary	com.google.common.collect	ImmutableCollection	1	asList	0	recv	ret	value	a
summary	com.google.common.collect	ImmutableList	1	copyOf	1	arg0	ret	value	a
summary	com.google.common.collect	ImmutableList	1	of	-	arg0	ret	value	a
summary	com.google.common.collect	ImmutableList	1	of	-	arg1	ret	value	a
summary	com.google.common.collect	ImmutableList	1	of	-	arg2	ret	value	a
summary	com.google.common.collect	ImmutableList	1	of	-	arg3	ret	value	a
summary	com.google.common.collect	ImmutableList	1	of	-	arg4	ret	value	a
summary	com.google.common.collect	ImmutableList	1	of	-	arg5	ret	value	a
summary	com.google.common.collect	ImmutableList	1	of	-	arg6	ret	value	a
summary	com.google.common.collect	ImmutableList	1	of	-	arg7	ret	value	a
summary	com.google.common.collect	ImmutableList	1	of	-	arg8	ret	value	a
summary	com.google.common.collect	ImmutableList	1	of	-	arg9	ret	value	a
summary	com.google.common.collect	ImmutableList	1	of	-	arg10	ret	value	a
summary	com.google.common.collect	ImmutableList	1	of	-	arg11	ret	value	a
summary	com.google.common.collect	ImmutableList	1	of	-	arg12	ret	value	a
summary	com.google.common.collect	ImmutableList	1	reverse	0	recv	ret	value	a
summary	com.google.common.collect	ImmutableList	1	sortedCopyOf	1	arg0	ret	value	a
summary	com.google.common.collect	ImmutableList	1	sortedCopyOf	2	arg1	ret	value	a
summary	com.google.common.collect	ImmutableListMultimap	1	of	-	arg0	ret	value	a
summary	com.google.common.collect	ImmutableListMultimap	1	of	-	arg1	ret	value	a
summary	com.google.common.collect	ImmutableListMultimap	1	of	-	arg2	ret	value	a
summary	com.google.common.collect	ImmutableListMultimap	1	of	-	arg3	ret	value	a
summary	com.google.common.collect	ImmutableListMultimap	1	of	-	arg4	ret	value	a
summary	com.google.common.collect	ImmutableListMultimap	1	of	-	arg5	ret	value	a
summary	com.google.common.collect	ImmutableListMultimap	1	of	-	arg6	ret	value	a
summary	com.google.common.collect	ImmutableListMultimap	1	of	-	arg7	ret	value	a
summary	com.google.common.collect	ImmutableListMultimap	1	of	-	arg8	ret	value	a
summary	com.google.common.collect	ImmutableListMultimap	1	of	-	arg9	ret	value	a
summary	com.google.common.collect	ImmutableMap	1	copyOf	1	arg0	ret	value	a
summary	com.google.common.collect	ImmutableMap	1	of	-	arg0	ret	value	a
summary	com.google.common.collect	ImmutableMap	1	of	-	arg1	ret	value	a
summary	com.google.common.collect	ImmutableMap	1	of	-	arg2	ret	value	a
summary	com.google.common.collect	ImmutableMap	1	of	-	arg3	ret	value	a
summary	com.google.common.collect	ImmutableMap	1	of	-	arg4	ret	value	a
summary	com.google.common.collect	ImmutableMap	1	of	-	arg5	ret	value	a
summary	com.google.common.collect	ImmutableMap	1	of	-	arg6	ret	value	a
summary	com.google.common.collect	ImmutableMap	1	of	-	arg7	ret	value	a
summary	com.google.common.collect	ImmutableMap	1	of	-	arg8	ret	value	a
summary	com.google.common.collect	ImmutableMap	1	of	-	arg9	ret	value	a
summary	com.google.common.collect	ImmutableMultimap	1	copyOf	1	arg0	ret	value	a
summary	com.google.common.collect	ImmutableMultimap	1	inverse	0	recv	ret	value	a
summary	com.google.common.collect	ImmutableMultimap	1	of	-	arg0	ret	value	a
summary	com.google.common.collect	ImmutableMultimap	1	of	-	arg1	ret	value	a
summary	com.google.common.collect	ImmutableMultimap	1	of	-	arg2	ret	value	a
summary	com.google.common.collect	ImmutableMultimap	1	of	-	arg3	ret	value	a
summary	com.google.common.collect	ImmutableMultimap	1	of	-	arg4	ret	value	a
summary	com.google.common.collect	ImmutableMultimap	1	of	-	arg5	ret	value	a
summary	com.google.common.collect	ImmutableMultimap	1	of	-	arg6	ret	value	a
summary	com.google.common.collect	ImmutableMultimap	1	of	-	arg7	ret	value	a
summary	com.google.common.collect	ImmutableMultimap	1	of	-	arg8	ret	value	a
summary	com.google.common.collect	ImmutableMultimap	1	of	-	arg9	ret	value	a
summary	com.google.common.collect	ImmutableMultiset	1	copyOf	1	arg0	ret	value	a
summary	com.google.common.collect	ImmutableMultiset	1	of	-	arg0	ret	value	a
summary	com.google.common.collect	ImmutableMultiset	1	of	-	arg1	ret	value	a
summary	com.google.common.collect	ImmutableMultiset	1	of	-	arg2	ret	value	a
summary	com.google.common.collect	ImmutableMultiset	1	of	-	arg3	ret	value	a
summary	com.google.common.collect	ImmutableMultiset	1	of	-	arg4	ret	value	a
summary	com.google.common.collect	ImmutableMultiset	1	of	-	arg5	ret	value	a
summary	com.google.common.collect	ImmutableMultiset	1	of	-	arg6	ret	value	a
summary	com.google.common.collect	ImmutableSet	1	copyOf	1	arg0	ret	value	a
summary	com.google.common.collect	ImmutableSet	1	of	-	arg0	ret	value	a
summary	com.google.common.collect	ImmutableSet	1	of	-	arg1	ret	value	a
summary	com.google.common.collect	ImmutableSet	1	of	-	arg2	ret	value	a
summary	com.google.common.collect	ImmutableSet	1	of	-	arg3	ret	value	a
summary	com.google.common.collect	ImmutableSet	1	of	-	arg4	ret	value	a
summary	com.google.common.collect	ImmutableSet	1	of	-	arg5	ret	value	a
summary	com.google.common.collect	ImmutableSet	1	of	-	arg6	ret	value	a
summary	com.google.common.collect	ImmutableSetMultimap	1	of	-	arg0	ret	value	a
summary	com.google.common.collect	ImmutableSetMultimap	1	of	-	arg1	ret	value	a
summary	com.google.common.collect	ImmutableSetMultimap	1	of	-	arg2	ret	value	a
summary	com.google.common.collect	ImmutableSetMultimap	1	of	-	arg3	ret	value	a
summary	com.google.common.collect	ImmutableSetMultimap	1	of	-	arg4	ret	value	a
summary	com.google.common.collect	ImmutableSetMultimap	1	of	-	arg5	ret	value	a
summary	com.google.common.collect	ImmutableSetMultimap	1	of	-	arg6	ret	value	a
summary	com.google.common.collect	ImmutableSetMultimap	1	of	-	arg7	ret	value	a
summary	com.google.common.collect	ImmutableSetMultimap	1	of	-	arg8	ret	value	a
summary	com.google.common.collect	ImmutableSetMultimap	1	of	-	arg9	ret	value	a
summary	com.google.common.collect	ImmutableSortedMap	1	copyOf	1	arg0	ret	value	a
summary	com.google.common.collect	ImmutableSortedMap	1	copyOf	2	arg0	ret	value	a
summary	com.google.common.collect	ImmutableSortedMap	1	copyOfSorted	1	arg0	ret	value	a
summary	com.google.common.collect	ImmutableSortedMap	1	of	-	arg0	ret	value	a
summary	com.google.common.collect	ImmutableSortedMap	1	of	-	arg1	ret	value	a
summary	com.google.common.collect	ImmutableSortedMap	1	of	-	arg2	ret	value	a
summary	com.google.common.collect	ImmutableSortedMap	1	of	-	arg3	ret	value	a
summary	com.google.common.collect	ImmutableSortedMap	1	of	-	arg4	ret	value	a
summary	com.google.common.collect	ImmutableSortedMap	1	of	-	arg5	ret	value	a
summary	com.google.common.collect	ImmutableSortedMap	1	of	-	arg6	ret	value	a
summary	com.google.common.collect	ImmutableSortedMap	1	of	-	arg7	ret	value	a
summary	com.google.common.collect	ImmutableSortedMap	1	of	-	arg8	ret	value	a
summary	com.google.common.collect	ImmutableSortedMap	1	of	-	arg9	ret	value	a
summary	com.google.common.collect	ImmutableSortedMultiset	1	copyOf	1	arg0	ret	value	a
summary	com.google.common.collect	ImmutableSortedMultiset	1	copyOf	2	arg1	ret	value	a
summary	com.google.common.collect	ImmutableSortedMultiset	1	copyOfSorted	1	arg0	ret	value	a
summary	com.google.common.collect	ImmutableSortedMultiset	1	of	-	arg0	ret	value	a
summary	com.google.common.collect	ImmutableSortedMultiset	1	of	-	arg1	ret	value	a
summary	com.google.common.collect	ImmutableSortedMultiset	1	of	-	arg2	ret	value	a
summary	com.google.common.collect	ImmutableSortedMultiset	1	of	-	arg3	ret	value	a
summary	com.google.common.collect	ImmutableSortedMultiset	1	of	-	arg4	ret	value	a
summary	com.google.common.collect	ImmutableSortedMultiset	1	of	-	arg5	ret	value	a
summary	com.google.common.collect	ImmutableSortedMultiset	1	of	-	arg6	ret	value	a
summary	com.google.common.collect	ImmutableSortedSet	1	copyOf	1	arg0	ret	value	a
summary	com.google.common.collect	ImmutableSortedSet	1	copyOf	2	arg1	ret	value	a
summary	com.google.common.collect	ImmutableSortedSet	1	copyOfSorted	1	arg0	ret	value	a
summary	com.google.common.collect	ImmutableSortedSet	1	of	-	arg0	ret	value	a
summary	com.google.common.collect	ImmutableSortedSet	1	of	-	arg1	ret	value	a
summary	com.google.common.collect	ImmutableSortedSet	1	of	-	arg2	ret	value	a
summary	com.google.common.collect	ImmutableSortedSet	1	of	-	arg3	ret	value	a
summary	com.google.common.collect	ImmutableSortedSet	1	of	-	arg4	ret	value	a
summary	com.google.common.collect	ImmutableSortedSet	1	of	-	arg5	ret	value	a
summary	com.google.common.collect	ImmutableSortedSet	1	of	-	arg6	ret	value	a
summary	com.google.common.collect	ImmutableTable	1	copyOf	1	arg0	ret	value	a
summary	com.google.common.collect	ImmutableTable	1	of	3	arg0	ret	value	a
summary	com.google.common.collect	ImmutableTable	1	of	3	arg1	ret	value	a
summary	com.google.common.collect	ImmutableTable	1	of	3	arg2	ret	value	a
summary	com.google.common.collect	Iterables	0	addAll	2	arg1	arg0	value	a
summary	com.google.common.collect	Iterables	0	concat	1	arg0	ret	value	a
summary	com.google.common.collect	Iterables	0	concat	2	arg0	ret	value	a
summary	com.google.common.collect	Iterables	0	concat	2	arg1	ret	value	a
summary	com.google.common.collect	Iterables	0	concat	3	arg0	ret	value	a
summary	com.google.common.collect	Iterables	0	concat	3	arg1	ret	value	a
summary	com.google.common.collect	Iterables	0	concat	3	arg2	ret	value	a
summary	com.google.common.collect	Iterables	0	concat	4	arg0	ret	value	a
summary	com.google.common.collect	Iterables	0	concat	4	arg1	ret	value	a
summary	com.google.common.collect	Iterables	0	concat	4	arg2	ret	value	a
summary	com.google.common.collect	Iterables	0	concat	4	arg3	ret	value	a
summary	com.google.common.collect	Iterables	0	consumingIterable	1	arg0	ret	value	a
summary	com.google.common.collect	Iterables	0	cycle	1	arg0	ret	value	a
summary	com.google.common.collect	Iterables	0	filter	2	arg0	ret	value	a
summary	com.google.common.collect	Iterables	0	find	2	arg0	ret	value	a
summary	com.google.common.collect	Iterables	0	find	3	arg0	ret	value	a
summary	com.google.common.collect	Iterables	0	find	3	arg2	ret	value	-
summary	com.google.common.collect	Iterables	0	get	2	arg0	ret	value	a
summary	com.google.common.collect	Iterables	0	get	3	arg0	ret	value	a
summary	com.google.common.collect	Iterables	0	get	3	arg2	ret	value	-
summary	com.google.common.collect	Iterables	0	getLast	1	arg0	ret	value	a
summary	com.google.common.collect	Iterables	0	getLast	2	arg0	ret	value	a
summary	com.google.common.collect	Iterables	0	getLast	2	arg1	ret	value	-
summary	com.google.common.collect	Iterables	0	getOnlyElement	1	arg0	ret	value	a
summary	com.google.common.collect	Iterables	0	getOnlyElement	2	arg0	ret	value	a
summary	com.google.common.collect	Iterables	0	getOnlyElement	2	arg1	ret	value	-
summary	com.google.common.collect	Iterables	0	limit	2	arg0	ret	value	a
summary	com.google.common.collect	Iterables	0	mergeSorted	2	arg0	ret	value	a
summary	com.google.common.collect	Iterables	0	paddedPartition	2	arg0	ret	value	a
summary	com.google.common.collect	Iterables	0	partition	2	arg0	ret	value	a
summary	com.google.common.collect	Iterables	0	skip	2	arg0	ret	value	a
summary	com.google.common.collect	Iterables	0	toArray	2	arg0	ret	value	a
summary	com.google.common.collect	Iterables	0	tryFind	2	arg0	ret	value	a
summary	com.google.common.collect	Iterables	0	unmodifiableIterable	1	arg0	ret	value	a
summary	com.google.common.collect	Iterators	0	addAll	2	arg1	arg0	value	a
summary	com.google.common.collect	Iterators	0	asEnumeration	1	arg0	ret	value	a
summary	com.google.common.collect	Iterators	0	concat	1	arg0	ret	value	a
summary	com.google.common.collect	Iterators	0	concat	2	arg0	ret	value	a
summary	com.google.common.collect	Iterators	0	concat	2	arg1	ret	value	a
summary	com.google.common.collect	Iterators	0	concat	3	arg0	ret	value	a
summary	com.google.common.collect	Iterators	0	concat	3	arg1	ret	value	a
summary	com.google.common.collect	Iterators	0	concat	3	arg2	ret	value	a
summary	com.google.common.collect	Iterators	0	concat	4	arg0	ret	value	a
summary	com.google.common.collect	Iterators	0	concat	4	arg1	ret	value	a
summary	com.google.common.collect	Iterators	0	concat	4	arg2	ret	value	a
summary	com.google.common.collect	Iterators	0	concat	4	arg3	ret	value	a
summary	com.google.common.collect	Iterators	0	consumingIterator	1	arg0	ret	value	a
summary	com.google.common.collect	Iterators	0	cycle	1	arg0	ret	value	a
summary	com.google.common.collect	Iterators	0	filter	2	arg0	ret	value	a
summary	com.google.common.collect	Iterators	0	find	2	arg0	ret	value	a
summary	com.google.common.collect	Iterators	0	find	3	arg0	ret	value	a
summary	com.google.common.collect	Iterators	0	find	3	arg2	ret	value	-
summary	com.google.common.collect	Iterators	0	forArray	1	arg0	ret	value	a
summary	com.google.common.collect	Iterators	0	forEnumeration	1	arg0	ret	value	a
summary	com.google.common.collect	Iterators	0	get	2	arg0	ret	value	a
summary	com.google.common.collect	Iterators	0	get	3	arg0	ret	value	a
summary	com.google.common.collect	Iterators	0	get	3	arg2	ret	value	-
summary	com.google.common.collect	Iterators	0	getLast	1	arg0	ret	value	a
summary	com.google.common.collect	Iterators	0	getLast	2	arg0	ret	value	a
summary	com.google.common.collect	Iterators	0	getLast	2	arg1	ret	value	-
summary	com.google.common.collect	Iterators	0	getNext	2	arg0	ret	value	a
summary	com.google.common.collect	Iterators	0	getNext	2	arg1	ret	value	-
summary	com.google.common.collect	Iterators	0	getOnlyElement	1	arg0	ret	value	a
summary	com.google.common.collect	Iterators	0	getOnlyElement	2	arg0	ret	value	a
summary	com.google.common.collect	Iterators	0	getOnlyElement	2	arg1	ret	value	-
summary	com.google.common.collect	Iterators	0	limit	2	arg0	ret	value	a
summary	com.google.common.collect	Iterators	0	mergeSorted	2	arg0	ret	value	a
summary	com.google.common.collect	Iterators	0	paddedPartition	2	arg0	ret	value	a
summary	com.google.common.collect	Iterators	0	partition	2	arg0	ret	value	a
summary	com.google.common.collect	Iterators	0	peekingIterator	1	arg0	ret	value	a
summary	com.google.common.collect	Iterators	0	singletonIterator	1	arg0	ret	value	a
summary	com.google.common.collect	Iterators	0	toArray	2	arg0	ret	value	a
summary	com.google.common.collect	Iterators	0	tryFind	2	arg0	ret	value	a
summary	com.google.common.collect	Iterators	0	unmodifiableIterator	1	arg0	ret	value	a
summary	com.google.common.collect	LinkedHashMultimap	1	create	1	arg0	ret	value	a
summary	com.google.common.collect	LinkedHashMultiset	1	create	1	arg0	ret	value	a
summary	com.google.common.collect	LinkedListMultimap	1	create	1	arg0	ret	value	a
summary	com.google.common.collect	Lists	0	asList	2	arg0	ret	value	a
summary	com.google.common.collect	Lists	0	asList	2	arg1	ret	value	a
summary	com.google.common.collect	Lists	0	asList	3	arg0	ret	value	a
summary	com.google.common.collect	Lists	0	asList	3	arg1	ret	value	a
summary	com.google.common.collect	Lists	0	asList	3	arg2	ret	value	a
summary	com.google.common.collect	Lists	0	cartesianProduct	1	arg0	ret	value	a
summary	com.google.common.collect	Lists	0	charactersOf	1	arg0	ret	taint	a
summary	com.google.common.collect	Lists	0	newArrayList	1	arg0	ret	value	a
summary	com.google.common.collect	Lists	0	newCopyOnWriteArrayList	1	arg0	ret	value	a
summary	com.google.common.collect	Lists	0	newLinkedList	1	arg0	ret	value	a
summary	com.google.common.collect	Lists	0	partition	2	arg0	ret	value	a
summary	com.google.common.collect	Lists	0	reverse	1	arg0	ret	value	a
summary	com.google.common.collect	MapDifference	1	entriesDiffering	0	recv	ret	value	a
summary	com.google.common.collect	MapDifference	1	entriesInCommon	0	recv	ret	value	a
summary	com.google.common.collect	MapDifference	1	entriesOnlyOnLeft	0	recv	ret	value	a
summary	com.google.common.collect	MapDifference	1	entriesOnlyOnRight	0	recv	ret	value	a
summary	com.google.common.collect	Maps	0	asMap	2	arg0	ret	value	a
summary	com.google.common.collect	Maps	0	difference	2	arg0	ret	value	a
summary	com.google.common.collect	Maps	0	difference	2	arg1	ret	value	a
summary	com.google.common.collect	Maps	0	difference	3	arg0	ret	value	a
summary	com.google.common.collect	Maps	0	difference	3	arg1	ret	value	a
summary	com.google.common.collect	Maps	0	filterEntries	-	arg0	ret	value	a
summary	com.google.common.collect	Maps	0	filterKeys	-	arg0	ret	value	a
summary	com.google.common.collect	Maps	0	filterValues	-	arg0	ret	value	a
summary	com.google.common.collect	Maps	0	fromProperties	1	arg0	ret	value	a
summary	com.google.common.collect	Maps	0	immutableEntry	2	arg0	ret	value	a
summary	com.google.common.collect	Maps	0	immutableEntry	2	arg1	ret	value	a
summary	com.google.common.collect	Maps	0	immutableEnumMap	1	arg0	ret	value	a
summary	com.google.common.collect	Maps	0	newEnumMap	1	arg0	ret	value	a
summary	com.google.common.collect	Maps	0	newHashMap	1	arg0	ret	value	a
summary	com.google.common.collect	Maps	0	newLinkedHashMap	1	arg0	ret	value	a
summary	com.google.common.collect	Maps	0	newTreeMap	1	arg0	ret	value	a
summary	com.google.common.collect	Maps	0	subMap	2	arg0	ret	value	a
summary	com.google.common.collect	Maps	0	synchronizedBiMap	1	arg0	ret	value	a
summary	com.google.common.collect	Maps	0	synchronizedNavigableMap	1	arg0	ret	value	a
summary	com.google.common.collect	Maps	0	toMap	2	arg0	ret	value	a
summary	com.google.common.collect	Maps	0	transformValues	2	arg0	ret	value	a
summary	com.google.common.collect	Maps	0	uniqueIndex	2	arg0	ret	value	a
summary	com.google.common.collect	Maps	0	unmodifiableBiMap	1	arg0	ret	value	a
summary	com.google.common.collect	Maps	0	unmodifiableNavigableMap	1	arg0	ret	value	a
summary	com.google.common.collect	Multimap	1	asMap	0	recv	ret	value	a
summary	com.google.common.collect	Multimap	1	entries	0	recv	ret	value	a
summary	com.google.common.collect	Multimap	1	get	1	recv	ret	value	a
summary	com.google.common.collect	Multimap	1	keySet	0	recv	ret	value	a
summary	com.google.common.collect	Multimap	1	keys	0	recv	ret	value	a
summary	com.google.common.collect	Multimap	1	put	2	arg0	recv	value	a
summary	com.google.common.collect	Multimap	1	put	2	arg1	recv	value	a
summary	com.google.common.collect	Multimap	1	putAll	1	arg0	recv	value	a
summary	com.google.common.collect	Multimap	1	putAll	2	arg0	recv	value	a
summary	com.google.common.collect	Multimap	1	putAll	2	arg1	recv	value	a
summary	com.google.common.collect	Multimap	1	removeAll	1	recv	ret	value	a
summary	com.google.common.collect	Multimap	1	replaceValues	2	recv	ret	value	a
summary	com.google.common.collect	Multimap	1	replaceValues	2	arg0	recv	value	a
summary	com.google.common.collect	Multimap	1	replaceValues	2	arg1	recv	value	a
summary	com.google.common.collect	Multimap	1	values	0	recv	ret	value	a
summary	com.google.common.collect	Multimaps	0	asMap	1	arg0	ret	value	a
summary	com.google.common.collect	Multimaps	0	filterEntries	2	arg0	ret	value	a
summary	com.google.common.collect	Multimaps	0	filterKeys	2	arg0	ret	value	a
summary	com.google.common.collect	Multimaps	0	filterValues	2	arg0	ret	value	a
summary	com.google.common.collect	Multimaps	0	forMap	1	arg0	ret	value	a
summary	com.google.common.collect	Multimaps	0	index	2	arg0	ret	value	a
summary	com.google.common.collect	Multimaps	0	invertFrom	2	arg0	arg1	value	a
summary	com.google.common.collect	Multimaps	0	invertFrom	2	arg1	ret	value	-
summary	com.google.common.collect	Multimaps	0	newListMultimap	2	arg0	ret	value	a
summary	com.google.common.collect	Multimaps	0	newMultimap	2	arg0	ret	value	a
summary	com.google.common.collect	Multimaps	0	newSetMultimap	2	arg0	ret	value	a
summary	com.google.common.collect	Multimaps	0	newSortedSetMultimap	2	arg0	ret	value	a
summary	com.google.common.collect	Multimaps	0	synchronizedListMultimap	1	arg0	ret	value	a
summary	com.google.common.collect	Multimaps	0	synchronizedMultimap	1	arg0	ret	value	a
summary	com.google.common.collect	Multimaps	0	synchronizedSetMultimap	1	arg0	ret	value	a
summary	com.google.common.collect	Multimaps	0	synchronizedSortedSetMultimap	1	arg0	ret	value	a
summary	com.google.common.collect	Multimaps	0	transformValues	2	arg0	ret	value	a
summary	com.google.common.collect	Multimaps	0	unmodifiableListMultimap	1	arg0	ret	value	a
summary	com.google.common.collect	Multimaps	0	unmodifiableMultimap	1	arg0	ret	value	a
summary	com.google.common.collect	Multimaps	0	unmodifiableSetMultimap	1	arg0	ret	value	a
summary	com.google.common.collect	Multimaps	0	unmodifiableSortedSetMultimap	1	arg0	ret	value	a
summary	com.google.common.collect	Multiset	1	add	2	arg0	recv	value	a
summary	com.google.common.collect	Multiset	1	elementSet	0	recv	ret	value	a
summary	com.google.common.collect	Multiset	1	entrySet	0	recv	ret	value	a
summary	com.google.common.collect	Multiset	1	setCount	2	arg0	recv	value	a
summary	com.google.common.collect	Multiset	1	setCount	3	arg0	recv	value	a
summary	com.google.common.collect	Multisets	0	copyHighestCountFirst	1	arg0	ret	value	a
summary	com.google.common.collect	Multisets	0	difference	2	arg0	ret	value	a
summary	com.google.common.collect	Multisets	0	filter	2	arg0	ret	value	a
summary	com.google.common.collect	Multisets	0	immutableEntry	2	arg0	ret	value	a
summary	com.google.common.collect	Multisets	0	intersection	2	arg0	ret	value	a
summary	com.google.common.collect	Multisets	0	intersection	2	arg1	ret	value	a
summary	com.google.common.collect	Multisets	0	sum	2	arg0	ret	value	a
summary	com.google.common.collect	Multisets	0	sum	2	arg1	ret	value	a
summary	com.google.common.collect	Multisets	0	union	2	arg0	ret	value	a
summary	com.google.common.collect	Multisets	0	union	2	arg1	ret	value	a
summary	com.google.common.collect	Multisets	0	unmodifiableMultiset	1	arg0	ret	value	a
summary	com.google.common.collect	Multisets	0	unmodifiableSortedMultiset	1	arg0	ret	value	a
summary	com.google.common.collect	MutableClassToInstanceMap	1	create	1	arg0	ret	value	a
summary	com.google.common.collect	ObjectArrays	0	concat	2	arg0	ret	value	a
summary	com.google.common.collect	ObjectArrays	0	concat	2	arg1	ret	value	a
summary	com.google.common.collect	ObjectArrays	0	concat	3	arg0	ret	value	a
summary	com.google.common.collect	ObjectArrays	0	concat	3	arg1	ret	value	a
summary	com.google.common.collect	Queues	0	drain	4	arg0	arg1	value	a
summary	com.google.common.collect	Queues	0	drain	5	arg0	arg1	value	a
summary	com.google.common.collect	Queues	0	newArrayDeque	1	arg0	ret	value	a
summary	com.google.common.collect	Queues	0	newConcurrentLinkedQueue	1	arg0	ret	value	a
summary	com.google.common.collect	Queues	0	newLinkedBlockingDeque	1	arg0	ret	value	a
summary	com.google.common.collect	Queues	0	newLinkedBlockingQueue	1	arg0	ret	value	a
summary	com.google.common.collect	Queues	0	newPriorityBlockingQueue	1	arg0	ret	value	a
summary	com.google.common.collect	Queues	0	newPriorityQueue	1	arg0	ret	value	a
summary	com.google.common.collect	Queues	0	synchronizedDeque	1	arg0	ret	value	a
summary	com.google.common.collect	Queues	0	synchronizedQueue	1	arg0	ret	value	a
summary	com.google.common.collect	SetView	1	copyInto	1	recv	arg0	value	a
summary	com.google.common.collect	SetView	1	immutableCopy	0	recv	ret	value	a
summary	com.google.common.collect	Sets	0	cartesianProduct	1	arg0	ret	value	a
summary	com.google.common.collect	Sets	0	combinations	2	arg0	ret	value	a
summary	com.google.common.collect	Sets	0	difference	2	arg0	ret	value	a
summary	com.google.common.collect	Sets	0	filter	2	arg0	ret	value	a
summary	com.google.common.collect	Sets	0	intersection	2	arg0	ret	value	a
summary	com.google.common.collect	Sets	0	intersection	2	arg1	ret	value	a
summary	com.google.common.collect	Sets	0	newConcurrentHashSet	1	arg0	ret	value	a
summary	com.google.common.collect	Sets	0	newCopyOnWriteArraySet	1	arg0	ret	value	a
summary	com.google.common.collect	Sets	0	newHashSet	1	arg0	ret	value	a
summary	com.google.common.collect	Sets	0	newLinkedHashSet	1	arg0	ret	value	a
summary	com.google.common.collect	Sets	0	newSetFromMap	1	arg0	ret	value	a
summary	com.google.common.collect	Sets	0	newTreeSet	1	arg0	ret	value	a
summary	com.google.common.collect	Sets	0	powerSet	1	arg0	ret	value	a
summary	com.google.common.collect	Sets	0	subSet	2	arg0	ret	value	a
summary	com.google.common.collect	Sets	0	symmetricDifference	2	arg0	ret	value	a
summary	com.google.common.collect	Sets	0	symmetricDifference	2	arg1	ret	value	a
summary	com.google.common.collect	Sets	0	synchronizedNavigableSet	1	arg0	ret	value	a
summary	com.google.common.collect	Sets	0	union	2	arg0	ret	value	a
summary	com.google.common.collect	Sets	0	union	2	arg1	ret	value	a
summary	com.google.common.collect	Sets	0	unmodifiableNavigableSet	1	arg0	ret	value	a
summary	com.google.common.collect	Table	1	cellSet	0	recv	ret	value	a
summary	com.google.common.collect	Table	1	column	1	recv	ret	value	a
summary	com.google.common.collect	Table	1	columnKeySet	0	recv	ret	value	a
summary	com.google.common.collect	Table	1	columnMap	0	recv	ret	value	a
summary	com.google.common.collect	Table	1	get	2	recv	ret	value	a
summary	com.google.common.collect	Table	1	put	3	arg0	recv	value	a
summary	com.google.common.collect	Table	1	put	3	arg1	recv	value	a
summary	com.google.common.collect	Table	1	put	3	arg2	recv	value	a
summary	com.google.common.collect	Table	1	putAll	1	arg0	recv	value	a
summary	com.google.common.collect	Table	1	remove	2	recv	ret	value	a
summary	com.google.common.collect	Table	1	row	1	recv	ret	value	a
summary	com.google.common.collect	Table	1	rowKeySet	0	recv	ret	value	a
summary	com.google.common.collect	Table	1	rowMap	0	recv	ret	value	a
summary	com.google.common.collect	Table	1	values	0	recv	ret	value	a
summary	com.google.common.collect	Tables	0	immutableCell	3	arg0	ret	value	a
summary	com.google.common.collect	Tables	0	immutableCell	3	arg1	ret	value	a
summary	com.google.common.collect	Tables	0	immutableCell	3	arg2	ret	value	a
summary	com.google.common.collect	Tables	0	newCustomTable	2	arg0	ret	value	a
summary	com.google.common.collect	Tables	0	synchronizedTable	1	arg0	ret	value	a
summary	com.google.common.collect	Tables	0	transformValues	2	arg0	ret	value	a
summary	com.google.common.collect	Tables	0	transpose	1	arg0	ret	value	a
summary	com.google.common.collect	Tables	0	unmodifiableRowSortedTable	1	arg0	ret	value	a
summary	com.google.common.collect	Tables	0	unmodifiableTable	1	arg0	ret	value	a
summary	com.google.common.collect	TreeBasedTable	1	create	1	arg0	ret	value	a
summary	com.google.common.collect	TreeMultimap	1	create	1	arg0	ret	value	a
summary	com.google.common.collect	TreeMultiset	1	create	1	arg0	ret	value	a
summary	com.google.common.collect	ValueDifference	1	leftValue	0	recv	ret	value	a
summary	com.google.common.collect	ValueDifference	1	rightValue	0	recv	ret	value	a
summary	com.google.common.io	BaseEncoding	1	decode	1	recv	ret	taint	-
summary	com.google.common.io	BaseEncoding	1	decode	1	arg0	ret	taint	-
summary	com.google.common.io	BaseEncoding	1	decodingSource	1	recv	ret	taint	-
summary	com.google.common.io	BaseEncoding	1	decodingSource	1	arg0	ret	taint	-
summary	com.google.common.io	BaseEncoding	1	decodingStream	1	recv	ret	taint	-
summary	com.google.common.io	BaseEncoding	1	decodingStream	1	arg0	ret	taint	-
summary	com.google.common.io	BaseEncoding	1	encode	1	recv	ret	taint	-
summary	com.google.common.io	BaseEncoding	1	encode	1	arg0	ret	taint	-
summary	com.google.common.io	BaseEncoding	1	encode	3	recv	ret	taint	-
summary	com.google.common.io	BaseEncoding	1	encode	3	arg0	ret	taint	-
summary	com.google.common.io	BaseEncoding	1	lowerCase	0	recv	ret	taint	-
summary	com.google.common.io	BaseEncoding	1	omitPadding	0	recv	ret	taint	-
summary	com.google.common.io	BaseEncoding	1	upperCase	0	recv	ret	taint	-
summary	com.google.common.io	BaseEncoding	1	withPadChar	1	recv	ret	taint	-
summary	com.google.common.io	BaseEncoding	1	withSeparator	2	arg0	ret	taint	-
summary	com.google.common.io	ByteArrayDataOutput	1	toByteArray	0	recv	ret	taint	-
summary	com.google.common.io	ByteArrayDataOutput	1	write	1	arg0	recv	taint	-
summary	com.google.common.io	ByteArrayDataOutput	1	write	3	arg0	recv	taint	-
summary	com.google.common.io	ByteArrayDataOutput	1	writeByte	1	arg0	recv	taint	-
summary	com.google.common.io	ByteArrayDataOutput	1	writeBytes	1	arg0	recv	taint	-
summary	com.google.common.io	ByteArrayDataOutput	1	writeChar	1	arg0	recv	taint	-
summary	com.google.common.io	ByteArrayDataOutput	1	writeChars	1	arg0	recv	taint	-
summary	com.google.common.io	ByteArrayDataOutput	1	writeDouble	1	arg0	recv	taint	-
summary	com.google.common.io	ByteArrayDataOutput	1	writeFloat	1	arg0	recv	taint	-
summary	com.google.common.io	ByteArrayDataOutput	1	writeInt	1	arg0	recv	taint	-
summary	com.google.common.io	ByteArrayDataOutput	1	writeLong	1	arg0	recv	taint	-
summary	com.google.common.io	ByteArrayDataOutput	1	writeShort	1	arg0	recv	taint	-
summary	com.google.common.io	ByteArrayDataOutput	1	writeUTF	1	arg0	recv	taint	-
summary	com.google.common.io	ByteSource	1	asCharSource	1	recv	ret	taint	-
summary	com.google.common.io	ByteSource	1	concat	1	arg0	ret	taint	a
summary	com.google.common.io	ByteSource	1	copyTo	1	recv	arg0	taint	-
summary	com.google.common.io	ByteSource	1	openBufferedStream	0	recv	ret	taint	-
summary	com.google.common.io	ByteSource	1	openStream	0	recv	ret	taint	-
summary	com.google.common.io	ByteSource	1	read	0	recv	ret	taint	-
summary	com.google.common.io	ByteSource	1	slice	2	recv	ret	taint	-
summary	com.google.common.io	ByteSource	1	wrap	1	arg0	ret	taint	-
summary	com.google.common.io	ByteStreams	0	copy	2	arg0	arg1	taint	-
summary	com.google.common.io	ByteStreams	0	limit	2	arg0	ret	taint	-
summary	com.google.common.io	ByteStreams	0	newDataInput	1	arg0	ret	taint	-
summary	com.google.common.io	ByteStreams	0	newDataInput	2	arg0	ret	taint	-
summary	com.google.common.io	ByteStreams	0	newDataOutput	1	arg0	ret	taint	-
summary	com.google.common.io	ByteStreams	0	read	4	arg0	arg1	taint	-
summary	com.google.common.io	ByteStreams	0	readFully	2	arg0	arg1	taint	-
summary	com.google.common.io	ByteStreams	0	readFully	4	arg0	arg1	taint	-
summary	com.google.common.io	ByteStreams	0	toByteArray	1	arg0	ret	taint	-
summary	com.google.common.io	CharSource	1	asByteSource	1	recv	ret	taint	-
summary	com.google.common.io	CharSource	1	concat	1	arg0	ret	taint	a
summary	com.google.common.io	CharSource	1	copyTo	1	recv	arg0	taint	-
summary	com.google.common.io	CharSource	1	lines	0	recv	ret	taint	-
summary	com.google.common.io	CharSource	1	openBufferedStream	0	recv	ret	taint	-
summary	com.google.common.io	CharSource	1	openStream	0	recv	ret	taint	-
summary	com.google.common.io	CharSource	1	read	0	recv	ret	taint	-
summary	com.google.common.io	CharSource	1	readFirstLine	0	recv	ret	taint	-
summary	com.google.common.io	CharSource	1	readLines	0	recv	ret	taint	-
summary	com.google.common.io	CharSource	1	wrap	1	arg0	ret	taint	-
summary	com.google.common.io	CharStreams	0	copy	2	arg0	arg1	taint	-
summary	com.google.common.io	CharStreams	0	readLines	1	arg0	ret	taint	-
summary	com.google.common.io	CharStreams	0	toString	1	arg0	ret	taint	-
summary	com.google.common.io	Closer	1	register	-	arg0	ret	value	-
summary	com.google.common.io	Files	0	getFileExtension	1	arg0	ret	taint	-
summary	com.google.common.io	Files	0	getNameWithoutExtension	1	arg0	ret	taint	-
summary	com.google.common.io	Files	0	simplifyPath	1	arg0	ret	taint	-
summary	com.google.common.io	LineReader	0	LineReader	1	arg0	recv	taint	-
summary	com.google.common.io	LineReader	1	readLine	0	recv	ret	taint	-
summary	com.google.common.io	MoreFiles	0	getFileExtension	1	arg0	ret	taint	-
summary	com.google.common.io	MoreFiles	0	getNameWithoutExtension	1	arg0	ret	taint	-
summary	com.google.gson	Gson	0	fromJson	-	arg0	ret	taint	-
summary	com.google.gson	Gson	0	newJsonReader	-	arg0	ret	taint	-
summary	com.google.gson	Gson	0	newJsonWriter	-	arg0	ret	taint	-
summary	com.google.gson	Gson	0	toJson	1	arg0	ret	taint	-
summary	com.google.gson	Gson	0	toJson	2	arg0	ret	taint	-
summary	com.google.gson	Gson	0	toJson	2	arg0	arg1	taint	-
summary	com.google.gson	Gson	0	toJson	3	arg0	arg2	taint	-
summary	com.google.gson	Gson	0	toJsonTree	1	arg0	ret	taint	-
summary	com.google.gson	Gson	0	toJsonTree	2	arg0	ret	taint	-
summary	com.google.gson	Gson	0	toString	0	arg0	ret	taint	-
summary	com.google.gson	JsonArray	1	add	1	arg0	recv	taint	a
summary	com.google.gson	JsonArray	1	add	1	arg0	recv	value	a
summary	com.google.gson	JsonArray	1	addAll	1	arg0	recv	value	a
summary	com.google.gson	JsonArray	1	asList	-	recv	ret	value	a
summary	com.google.gson	JsonArray	1	get	-	recv	ret	value	a
summary	com.google.gson	JsonArray	1	set	-	arg1	recv	value	a
summary	com.google.gson	JsonElement	1	getAsByte	0	recv	ret	taint	-
summary	com.google.gson	JsonElement	1	getAsCharacter	0	recv	ret	taint	-
summary	com.google.gson	JsonElement	1	getAsJsonArray	0	recv	ret	taint	-
summary	com.google.gson	JsonElement	1	getAsJsonObject	0	recv	ret	taint	-
summary	com.google.gson	JsonElement	1	getAsJsonPrimitive	0	recv	ret	taint	-
summary	com.google.gson	JsonElement	1	getAsString	0	recv	ret	taint	-
summary	com.google.gson	JsonElement	1	toString	0	recv	ret	taint	-
summary	com.google.gson	JsonObject	1	add	-	arg0	recv	value	a
summary	com.google.gson	JsonObject	1	add	-	arg1	recv	value	a
summary	com.google.gson	JsonObject	1	addProperty	2	arg0	recv	value	a
summary	com.google.gson	JsonObject	1	addProperty	2	arg1	recv	taint	a
summary	com.google.gson	JsonObject	1	asMap	-	recv	ret	value	a
summary	com.google.gson	JsonObject	1	entrySet	-	recv	ret	value	a
summary	com.google.gson	JsonObject	1	get	-	recv	ret	value	a
summary	com.google.gson	JsonObject	1	getAsJsonArray	1	recv	ret	taint	-
summary	com.google.gson	JsonObject	1	getAsJsonObject	1	recv	ret	taint	-
summary	com.google.gson	JsonObject	1	getAsJsonPrimitive	1	recv	ret	taint	-
summary	com.google.gson	JsonObject	1	keySet	-	recv	ret	value	a
summary	com.google.gson	JsonParser	1	parseReader	1	arg0	ret	taint	-
summary	com.google.gson	JsonParser	1	parseString	1	arg0	ret	taint	-
summary	com.google.gson	JsonPrimitive	1	JsonPrimitive	1	arg0	recv	taint	-
summary	com.google.gson.stream	JsonReader	0	JsonReader	1	arg0	recv	taint	-
summary	com.google.gson.stream	JsonReader	0	nextName	-	recv	ret	taint	-
summary	com.google.gson.stream	JsonReader	0	nextString	-	recv	ret	taint	-
summary	com.google.gson.stream	JsonWriter	0	JsonWriter	1	arg0	recv	taint	-
summary	com.jcraft.jsch	ChannelSftp	1	realpath	1	arg0	ret	taint	-
summary	com.rabbitmq.client	Delivery	1	getBody	0	recv	ret	taint	-
summary	com.rabbitmq.client	GetResponse	1	GetResponse	-	arg2	recv	taint	-
summary	com.rabbitmq.client	GetResponse	1	getBody	0	recv	ret	taint	-
summary	com.rabbitmq.client	Response	1	getBody	0	recv	ret	taint	-
summary	com.rabbitmq.client.impl	Frame	0	fromBodyFragment	4	arg1	ret	taint	-
summary	com.rabbitmq.client.impl	Frame	0	readFrom	1	arg0	ret	taint	-
summary	com.rabbitmq.client.impl	Frame	1	writeTo	1	recv	arg0	taint	-
summary	flexjson	JSONDeserializer	1	use	-	recv	ret	value	-
summary	hudson	FilePath	1	FilePath	1	arg0	recv	taint	-
summary	hudson	FilePath	1	FilePath	2	arg0	recv	taint	-
summary	hudson	FilePath	1	FilePath	2	arg1	recv	taint	-
summary	hudson	FilePath	1	child	1	arg0	ret	taint	-
summary	hudson	FilePath	1	list	1	recv	ret	taint	-
summary	hudson	FilePath	1	list	2	recv	ret	taint	-
summary	hudson	FilePath	1	list	3	recv	ret	taint	-
summary	hudson	FilePath	1	normalize	1	arg0	ret	taint	-
summary	hudson	FilePath	1	sibling	1	arg0	ret	taint	-
summary	hudson	Util	1	encode	-	arg0	ret	taint	-
summary	hudson	Util	1	encodeRFC2396	-	arg0	ret	taint	-
summary	hudson	Util	1	escape	-	arg0	ret	taint	-
summary	hudson	Util	1	fileToPath	-	arg0	ret	taint	-
summary	hudson	Util	1	fixEmpty	-	arg0	ret	taint	-
summary	hudson	Util	1	fixEmptyAndTrim	-	arg0	ret	taint	-
summary	hudson	Util	1	fixNull	-	arg0	ret	taint	-
summary	hudson	Util	1	fromHexString	-	arg0	ret	taint	-
summary	hudson	Util	1	getFileName	-	arg0	ret	taint	-
summary	hudson	Util	1	join	-	arg0	ret	taint	-
summary	hudson	Util	1	nullify	-	arg0	ret	taint	-
summary	hudson	Util	1	rawEncode	-	arg0	ret	taint	-
summary	hudson	Util	1	singleQuote	-	arg0	ret	taint	-
summary	hudson	Util	1	toHexString	-	arg0	ret	taint	-
summary	hudson	Util	1	tokenize	-	arg0	ret	taint	-
summary	hudson	Util	1	wrapToErrorSpan	-	arg0	ret	taint	-
summary	hudson	Util	1	xmlEscape	-	arg0	ret	taint	-
summary	hudson.console	AnnotatedLargeText	1	AnnotatedLargeText	4	arg0	recv	taint	-
summary	hudson.model	Node	1	createPath	1	arg0	ret	taint	-
summary	hudson.model	Path	0	Path	6	arg0	recv	taint	a
summary	hudson.os	WindowsUtil	1	quoteArgument	1	arg0	ret	taint	-
summary	hudson.remoting	URLDeserializationHelper	1	wrapIfRequired	1	arg0	ret	taint	-
summary	hudson.scm	SCM	1	getModuleRoot	1	arg0	ret	taint	-
summary	hudson.scm	SCM	1	getModuleRoot	2	arg0	ret	taint	-
summary	hudson.scm	SCM	1	getModuleRoots	1	arg0	ret	taint	-
summary	hudson.scm	SCM	1	getModuleRoots	2	arg0	ret	taint	-
summary	hudson.util	ArgumentListBuilder	1	ArgumentListBuilder	-	arg0	recv	taint	-
summary	hudson.util	ArgumentListBuilder	1	add	-	recv	ret	value	-
summary	hudson.util	ArgumentListBuilder	1	add	-	arg0	recv	taint	-
summary	hudson.util	ArgumentListBuilder	1	addKeyValuePair	-	recv	ret	value	-
summary	hudson.util	ArgumentListBuilder	1	addKeyValuePairs	-	recv	ret	value	-
summary	hudson.util	ArgumentListBuilder	1	addKeyValuePairsFromPropertyString	-	recv	ret	value	-
summary	hudson.util	ArgumentListBuilder	1	addMasked	-	recv	ret	value	-
summary	hudson.util	ArgumentListBuilder	1	addQuoted	-	recv	ret	value	-
summary	hudson.util	ArgumentListBuilder	1	addTokenized	-	recv	ret	value	-
summary	hudson.util	ArgumentListBuilder	1	clone	-	recv	ret	taint	-
summary	hudson.util	ArgumentListBuilder	1	prepend	-	recv	ret	value	-
summary	hudson.util	ArgumentListBuilder	1	prepend	-	arg0	recv	taint	-
summary	hudson.util	ArgumentListBuilder	1	toCommandArray	-	recv	ret	taint	-
summary	hudson.util	ArgumentListBuilder	1	toList	-	recv	ret	taint	-
summary	hudson.util	ArgumentListBuilder	1	toWindowsCommand	-	recv	ret	taint	-
summary	hudson.util	QuotedStringTokenizer	1	tokenize	1	arg0	ret	taint	-
summary	hudson.util	TextFile	1	TextFile	1	arg0	recv	taint	-
summary	io.jsonwebtoken	JwsHeader	1	getAlgorithm	-	recv	ret	taint	a
summary	io.jsonwebtoken	JwsHeader	1	getKeyId	-	recv	ret	taint	a
summary	io.jsonwebtoken	JwsHeader	1	setAlgorithm	-	arg0	recv	taint	a
summary	io.jsonwebtoken	JwsHeader	1	setKeyId	-	arg0	recv	taint	a
summary	io.micronaut.core.convert.value	ConvertibleMultiValues	1	get	-	recv	ret	taint	a
summary	io.micronaut.core.convert.value	ConvertibleMultiValues	1	getAll	-	recv	ret	value	a
summary	io.micronaut.core.convert.value	ConvertibleMultiValues	1	getFirst	-	recv	ret	taint	a
summary	io.micronaut.core.convert.value	ConvertibleValues	1	asMap	-	recv	ret	taint	-
summary	io.micronaut.core.convert.value	ConvertibleValues	1	asProperties	-	recv	ret	taint	-
summary	io.micronaut.core.convert.value	ConvertibleValues	1	getValue	-	recv	ret	taint	a
summary	io.micronaut.core.convert.value	ConvertibleValues	1	subMap	-	recv	ret	taint	a
summary	io.micronaut.core.convert.value	ConvertibleValues	1	values	-	recv	ret	taint	a
summary	io.micronaut.http	HttpRequest	1	DELETE	1	arg0	ret	taint	-
summary	io.micronaut.http	HttpRequest	1	DELETE	2	arg0	ret	taint	-
summary	io.micronaut.http	HttpRequest	1	GET	1	arg0	ret	taint	-
summary	io.micronaut.http	HttpRequest	1	HEAD	1	arg0	ret	taint	-
summary	io.micronaut.http	HttpRequest	1	OPTIONS	1	arg0	ret	taint	-
summary	io.micronaut.http	HttpRequest	1	PATCH	2	arg0	ret	taint	-
summary	io.micronaut.http	HttpRequest	1	POST	2	arg0	ret	taint	-
summary	io.micronaut.http	HttpRequest	1	PUT	2	arg0	ret	taint	-
summary	io.micronaut.http.client	HttpClient	1	toBlocking	0	recv	ret	taint	-
summary	io.micronaut.http.cookie	Cookie	1	getDomain	-	recv	ret	taint	-
summary	io.micronaut.http.cookie	Cookie	1	getName	-	recv	ret	taint	-
summary	io.micronaut.http.cookie	Cookie	1	getPath	-	recv	ret	taint	-
summary	io.micronaut.http.cookie	Cookie	1	getValue	-	recv	ret	taint	-
summary	io.micronaut.http.cookie	Cookies	1	findCookie	-	recv	ret	taint	-
summary	io.micronaut.http.cookie	Cookies	1	get	-	recv	ret	taint	-
summary	io.micronaut.http.cookie	Cookies	1	getAll	-	recv	ret	taint	-
summary	io.micronaut.http.uri	UriBuilder	1	build	0	recv	ret	taint	-
summary	io.micronaut.http.uri	UriBuilder	1	expand	1	recv	ret	taint	-
summary	io.micronaut.http.uri	UriBuilder	1	expand	1	arg0	ret	taint	a
summary	io.micronaut.http.uri	UriBuilder	1	fragment	1	recv	ret	value	-
summary	io.micronaut.http.uri	UriBuilder	1	fragment	1	arg0	recv	taint	-
summary	io.micronaut.http.uri	UriBuilder	1	host	1	recv	ret	value	-
summary	io.micronaut.http.uri	UriBuilder	1	host	1	arg0	recv	taint	-
summary	io.micronaut.http.uri	UriBuilder	1	of	1	arg0	ret	taint	-
summary	io.micronaut.http.uri	UriBuilder	1	path	1	recv	ret	value	-
summary	io.micronaut.http.uri	UriBuilder	1	path	1	arg0	recv	taint	-
summary	io.micronaut.http.uri	UriBuilder	1	queryParam	2	recv	ret	value	-
summary	io.micronaut.http.uri	UriBuilder	1	queryParam	2	arg0	recv	taint	-
summary	io.micronaut.http.uri	UriBuilder	1	queryParam	2	arg1	recv	taint	a
summary	io.micronaut.http.uri	UriBuilder	1	replacePath	1	recv	ret	value	-
summary	io.micronaut.http.uri	UriBuilder	1	replacePath	1	arg0	recv	taint	-
summary	io.micronaut.http.uri	UriBuilder	1	replaceQueryParam	2	recv	ret	value	-
summary	io.micronaut.http.uri	UriBuilder	1	replaceQueryParam	2	arg0	recv	taint	-
summary	io.micronaut.http.uri	UriBuilder	1	replaceQueryParam	2	arg1	recv	taint	a
summary	io.micronaut.http.uri	UriBuilder	1	scheme	1	recv	ret	value	-
summary	io.micronaut.http.uri	UriBuilder	1	scheme	1	arg0	recv	taint	-
summary	io.micronaut.http.uri	UriBuilder	1	userInfo	1	recv	ret	value	-
summary	io.micronaut.http.uri	UriBuilder	1	userInfo	1	arg0	recv	taint	-
summary	io.netty.buffer	ByteBuf	1	array	0	recv	ret	taint	-
summary	io.netty.buffer	ByteBuf	1	asReadOnly	0	recv	ret	taint	-
summary	io.netty.buffer	ByteBuf	1	capacity	1	recv	ret	value	-
summary	io.netty.buffer	ByteBuf	1	copy	-	recv	ret	taint	-
summary	io.netty.buffer	ByteBuf	1	discardReadBytes	0	recv	ret	value	-
summary	io.netty.buffer	ByteBuf	1	discardSomeReadBytes	0	recv	ret	value	-
summary	io.netty.buffer	ByteBuf	1	duplicate	0	recv	ret	taint	-
summary	io.netty.buffer	ByteBuf	1	ensureWritable	1	recv	ret	value	-
summary	io.netty.buffer	ByteBuf	1	getBytes	2	recv	ret	value	-
summary	io.netty.buffer	ByteBuf	1	getBytes	2	recv	arg1	taint	-
summary	io.netty.buffer	ByteBuf	1	getBytes	3	recv	ret	value	-
summary	io.netty.buffer	ByteBuf	1	getBytes	3	recv	arg1	taint	-
summary	io.netty.buffer	ByteBuf	1	getBytes	4	recv	ret	value	-
summary	io.netty.buffer	ByteBuf	1	getBytes	4	recv	arg1	taint	-
summary	io.netty.buffer	ByteBuf	1	getChar	-	recv	ret	taint	-
summary	io.netty.buffer	ByteBuf	1	getCharSequence	-	recv	ret	taint	-
summary	io.netty.buffer	ByteBuf	1	markReaderIndex	0	recv	ret	value	-
summary	io.netty.buffer	ByteBuf	1	markWriterIndex	0	recv	ret	value	-
summary	io.netty.buffer	ByteBuf	1	nioBuffer	-	recv	ret	taint	-
summary	io.netty.buffer	ByteBuf	1	nioBuffers	-	recv	ret	taint	-
summary	io.netty.buffer	ByteBuf	1	order	1	recv	ret	taint	-
summary	io.netty.buffer	ByteBuf	1	readBytes	1	recv	ret	taint	-
summary	io.netty.buffer	ByteBuf	1	readBytes	1	recv	ret	value	-
summary	io.netty.buffer	ByteBuf	1	readBytes	1	recv	arg0	taint	-
summary	io.netty.buffer	ByteBuf	1	readBytes	2	recv	ret	value	-
summary	io.netty.buffer	ByteBuf	1	readBytes	2	recv	arg0	taint	-
summary	io.netty.buffer	ByteBuf	1	readBytes	3	recv	ret	value	-
summary	io.netty.buffer	ByteBuf	1	readBytes	3	recv	arg0	taint	-
summary	io.netty.buffer	ByteBuf	1	readChar	-	recv	ret	taint	-
summary	io.netty.buffer	ByteBuf	1	readCharSequence	-	recv	ret	taint	-
summary	io.netty.buffer	ByteBuf	1	readRetainedSlice	1	recv	ret	taint	-
summary	io.netty.buffer	ByteBuf	1	readSlice	1	recv	ret	taint	-
summary	io.netty.buffer	ByteBuf	1	readerIndex	1	recv	ret	value	-
summary	io.netty.buffer	ByteBuf	1	resetReaderIndex	0	recv	ret	value	-
summary	io.netty.buffer	ByteBuf	1	resetWriterIndex	0	recv	ret	value	-
summary	io.netty.buffer	ByteBuf	1	retainedDuplicate	0	recv	ret	taint	-
summary	io.netty.buffer	ByteBuf	1	retainedSlice	-	recv	ret	taint	-
summary	io.netty.buffer	ByteBuf	1	setBoolean	-	recv	ret	value	-
summary	io.netty.buffer	ByteBuf	1	setByte	-	recv	ret	value	-
summary	io.netty.buffer	ByteBuf	1	setBytes	2	recv	ret	value	-
summary	io.netty.buffer	ByteBuf	1	setBytes	2	arg1	recv	taint	-
summary	io.netty.buffer	ByteBuf	1	setBytes	3	recv	ret	value	-
summary	io.netty.buffer	ByteBuf	1	setBytes	3	arg1	recv	taint	-
summary	io.netty.buffer	ByteBuf	1	setBytes	4	recv	ret	value	-
summary	io.netty.buffer	ByteBuf	1	setBytes	4	arg1	recv	taint	-
summary	io.netty.buffer	ByteBuf	1	setChar	-	recv	ret	value	-
summary	io.netty.buffer	ByteBuf	1	setChar	-	arg1	recv	taint	-
summary	io.netty.buffer	ByteBuf	1	setCharSequence	-	arg1	recv	taint	-
summary	io.netty.buffer	ByteBuf	1	setDouble	-	recv	ret	value	-
summary	io.netty.buffer	ByteBuf	1	setDoubleLE	-	recv	ret	value	-
summary	io.netty.buffer	ByteBuf	1	setFloat	-	recv	ret	value	-
summary	io.netty.buffer	ByteBuf	1	setFloatLE	-	recv	ret	value	-
summary	io.netty.buffer	ByteBuf	1	setIndex	-	recv	ret	value	-
summary	io.netty.buffer	ByteBuf	1	setInt	-	recv	ret	value	-
summary	io.netty.buffer	ByteBuf	1	setIntLE	-	recv	ret	value	-
summary	io.netty.buffer	ByteBuf	1	setLong	-	recv	ret	value	-
summary	io.netty.buffer	ByteBuf	1	setLongLE	-	recv	ret	value	-
summary	io.netty.buffer	ByteBuf	1	setMedium	-	recv	ret	value	-
summary	io.netty.buffer	ByteBuf	1	setMediumLE	-	recv	ret	value	-
summary	io.netty.buffer	ByteBuf	1	setShort	-	recv	ret	value	-
summary	io.netty.buffer	ByteBuf	1	setShortLE	-	recv	ret	value	-
summary	io.netty.buffer	ByteBuf	1	setZero	-	recv	ret	value	-
summary	io.netty.buffer	ByteBuf	1	skipBytes	1	recv	ret	value	-
summary	io.netty.buffer	ByteBuf	1	slice	-	recv	ret	taint	-
summary	io.netty.buffer	ByteBuf	1	toString	-	recv	ret	taint	-
summary	io.netty.buffer	ByteBuf	1	unwrap	0	recv	ret	taint	-
summary	io.netty.buffer	ByteBuf	1	writeBoolean	-	recv	ret	value	-
summary	io.netty.buffer	ByteBuf	1	writeByte	-	recv	ret	value	-
summary	io.netty.buffer	ByteBuf	1	writeByte	-	arg0	recv	taint	-
summary	io.netty.buffer	ByteBuf	1	writeBytes	1	recv	ret	value	-
summary	io.netty.buffer	ByteBuf	1	writeBytes	1	arg0	recv	taint	-
summary	io.netty.buffer	ByteBuf	1	writeBytes	2	recv	ret	value	-
summary	io.netty.buffer	ByteBuf	1	writeBytes	2	arg0	recv	taint	-
summary	io.netty.buffer	ByteBuf	1	writeBytes	3	recv	ret	value	-
summary	io.netty.buffer	ByteBuf	1	writeBytes	3	arg0	recv	taint	-
summary	io.netty.buffer	ByteBuf	1	writeChar	-	recv	ret	value	-
summary	io.netty.buffer	ByteBuf	1	writeChar	-	arg0	recv	taint	-
summary	io.netty.buffer	ByteBuf	1	writeCharSequence	-	arg0	recv	taint	-
summary	io.netty.buffer	ByteBuf	1	writeDouble	-	recv	ret	value	-
summary	io.netty.buffer	ByteBuf	1	writeDoubleLE	-	recv	ret	value	-
summary	io.netty.buffer	ByteBuf	1	writeFloat	-	recv	ret	value	-
summary	io.netty.buffer	ByteBuf	1	writeFloatLE	-	recv	ret	value	-
summary	io.netty.buffer	ByteBuf	1	writeInt	-	recv	ret	value	-
summary	io.netty.buffer	ByteBuf	1	writeIntLE	-	recv	ret	value	-
summary	io.netty.buffer	ByteBuf	1	writeLong	-	recv	ret	value	-
summary	io.netty.buffer	ByteBuf	1	writeLongLE	-	recv	ret	value	-
summary	io.netty.buffer	ByteBuf	1	writeMedium	-	recv	ret	value	-
summary	io.netty.buffer	ByteBuf	1	writeMediumLE	-	recv	ret	value	-
summary	io.netty.buffer	ByteBuf	1	writeShort	-	recv	ret	value	-
summary	io.netty.buffer	ByteBuf	1	writeShortLE	-	recv	ret	value	-
summary	io.netty.buffer	ByteBuf	1	writeZero	-	recv	ret	value	-
summary	io.netty.buffer	ByteBuf	1	writerIndex	1	recv	ret	value	-
summary	io.netty.buffer	ByteBufConvertible	1	asByteBuf	0	recv	ret	taint	-
summary	io.netty.buffer	ByteBufHolder	1	content	0	recv	ret	taint	-
summary	io.netty.buffer	ByteBufHolder	1	copy	0	recv	ret	taint	-
summary	io.netty.buffer	ByteBufHolder	1	duplicate	0	recv	ret	taint	-
summary	io.netty.buffer	ByteBufHolder	1	replace	1	arg0	ret	taint	-
summary	io.netty.buffer	ByteBufHolder	1	retainedDuplicate	0	recv	ret	taint	-
summary	io.netty.buffer	ByteBufInputStream	1	ByteBufInputStream	-	arg0	recv	taint	-
summary	io.netty.buffer	ByteBufOutputStream	1	ByteBufOutputStream	-	arg0	recv	taint	-
summary	io.netty.buffer	ByteBufOutputStream	1	buffer	0	recv	ret	taint	-
summary	io.netty.buffer	ByteBufUtil	0	copy	2	arg0	arg1	taint	-
summary	io.netty.buffer	ByteBufUtil	0	copy	4	arg0	arg2	taint	-
summary	io.netty.buffer	ByteBufUtil	0	copy	5	arg0	arg2	taint	-
summary	io.netty.buffer	ByteBufUtil	0	decodeHexDump	1	arg0	ret	taint	-
summary	io.netty.buffer	ByteBufUtil	0	decodeHexDump	3	arg0	ret	taint	-
summary	io.netty.buffer	ByteBufUtil	0	encodeString	3	arg1	ret	taint	-
summary	io.netty.buffer	ByteBufUtil	0	encodeString	4	arg1	ret	taint	-
summary	io.netty.buffer	ByteBufUtil	0	ensureAccessible	1	arg0	ret	value	-
summary	io.netty.buffer	ByteBufUtil	0	getBytes	1	arg0	ret	taint	-
summary	io.netty.buffer	ByteBufUtil	0	getBytes	3	arg0	ret	taint	-
summary	io.netty.buffer	ByteBufUtil	0	getBytes	4	arg0	ret	taint	-
summary	io.netty.buffer	ByteBufUtil	0	readBytes	3	arg1	ret	taint	-
summary	io.netty.buffer	ByteBufUtil	0	reserveAndWriteUtf8	3	arg1	arg0	taint	-
summary	io.netty.buffer	ByteBufUtil	0	reserveAndWriteUtf8	5	arg1	arg0	taint	-
summary	io.netty.buffer	ByteBufUtil	0	setShortBE	3	arg0	ret	value	-
summary	io.netty.buffer	ByteBufUtil	0	writeAscii	2	arg1	ret	taint	-
summary	io.netty.buffer	ByteBufUtil	0	writeAscii	2	arg1	arg0	taint	-
summary	io.netty.buffer	ByteBufUtil	0	writeMediumBE	2	arg0	ret	value	-
summary	io.netty.buffer	ByteBufUtil	0	writeShortBE	2	arg0	ret	value	-
summary	io.netty.buffer	ByteBufUtil	0	writeUtf8	2	arg1	ret	taint	-
summary	io.netty.buffer	ByteBufUtil	0	writeUtf8	2	arg1	arg0	taint	-
summary	io.netty.buffer	ByteBufUtil	0	writeUtf8	4	arg1	arg0	taint	-
summary	io.netty.buffer	CompositeByteBuf	0	CompositeByteBuf	4	arg3	recv	taint	a
summary	io.netty.buffer	CompositeByteBuf	1	addComponent	-	recv	ret	value	-
summary	io.netty.buffer	CompositeByteBuf	1	addComponent	1	arg0	recv	taint	-
summary	io.netty.buffer	CompositeByteBuf	1	addComponent	2	arg1	recv	taint	-
summary	io.netty.buffer	CompositeByteBuf	1	addComponent	3	arg2	recv	taint	-
summary	io.netty.buffer	CompositeByteBuf	1	addComponents	-	recv	ret	value	-
summary	io.netty.buffer	CompositeByteBuf	1	addComponents	1	arg0	recv	taint	a
summary	io.netty.buffer	CompositeByteBuf	1	addComponents	2	arg1	recv	taint	a
summary	io.netty.buffer	CompositeByteBuf	1	addFlattenedComponents	-	recv	ret	value	-
summary	io.netty.buffer	CompositeByteBuf	1	addFlattenedComponents	2	arg1	recv	taint	-
summary	io.netty.buffer	CompositeByteBuf	1	component	1	recv	ret	taint	-
summary	io.netty.buffer	CompositeByteBuf	1	componentAtOffset	1	recv	ret	taint	-
summary	io.netty.buffer	CompositeByteBuf	1	consolidate	0	recv	ret	taint	-
summary	io.netty.buffer	CompositeByteBuf	1	consolidate	2	recv	ret	taint	-
summary	io.netty.buffer	CompositeByteBuf	1	decompose	2	recv	ret	taint	a
summary	io.netty.buffer	Unpooled	0	copiedBuffer	1	arg0	ret	taint	-
summary	io.netty.buffer	Unpooled	0	copiedBuffer	1	arg0	ret	taint	a
summary	io.netty.buffer	Unpooled	0	copiedBuffer	2	arg0	ret	taint	-
summary	io.netty.buffer	Unpooled	0	copiedBuffer	3	arg0	ret	taint	-
summary	io.netty.buffer	Unpooled	0	copiedBuffer	4	arg0	ret	taint	-
summary	io.netty.buffer	Unpooled	0	unmodifiableBuffer	1	arg0	ret	taint	-
summary	io.netty.buffer	Unpooled	0	unmodifiableBuffer	1	arg0	ret	taint	a
summary	io.netty.buffer	Unpooled	0	unreleasableBuffer	1	arg0	ret	taint	-
summary	io.netty.buffer	Unpooled	0	wrappedBuffer	1	arg0	ret	taint	-
summary	io.netty.buffer	Unpooled	0	wrappedBuffer	1	arg0	ret	taint	a
summary	io.netty.buffer	Unpooled	0	wrappedBuffer	2	arg1	ret	taint	a
summary	io.netty.buffer	Unpooled	0	wrappedBuffer	3	arg0	ret	taint	-
summary	io.netty.buffer	Unpooled	0	wrappedUnmodifiableBuffer	1	arg0	ret	taint	a
summary	io.netty.handler.codec	Cumulator	1	cumulate	3	arg1	ret	taint	-
summary	io.netty.handler.codec	Cumulator	1	cumulate	3	arg2	ret	taint	-
summary	io.netty.handler.codec	Headers	1	add	-	recv	ret	value	-
summary	io.netty.handler.codec	Headers	1	add	1	arg0	recv	value	a
summary	io.netty.handler.codec	Headers	1	add	2	arg0	recv	value	a
summary	io.netty.handler.codec	Headers	1	add	2	arg1	recv	value	a
summary	io.netty.handler.codec	Headers	1	addBoolean	-	recv	ret	value	-
summary	io.netty.handler.codec	Headers	1	addBoolean	-	arg0	recv	value	a
summary	io.netty.handler.codec	Headers	1	addByte	-	recv	ret	value	-
summary	io.netty.handler.codec	Headers	1	addByte	-	arg0	recv	value	a
summary	io.netty.handler.codec	Headers	1	addChar	-	recv	ret	value	-
summary	io.netty.handler.codec	Headers	1	addChar	-	arg0	recv	value	a
summary	io.netty.handler.codec	Headers	1	addDouble	-	recv	ret	value	-
summary	io.netty.handler.codec	Headers	1	addDouble	-	arg0	recv	value	a
summary	io.netty.handler.codec	Headers	1	addFloat	-	recv	ret	value	-
summary	io.netty.handler.codec	Headers	1	addFloat	-	arg0	recv	value	a
summary	io.netty.handler.codec	Headers	1	addInt	-	recv	ret	value	-
summary	io.netty.handler.codec	Headers	1	addInt	-	arg0	recv	value	a
summary	io.netty.handler.codec	Headers	1	addLong	-	recv	ret	value	-
summary	io.netty.handler.codec	Headers	1	addLong	-	arg0	recv	value	a
summary	io.netty.handler.codec	Headers	1	addObject	2	arg0	recv	value	a
summary	io.netty.handler.codec	Headers	1	addObject	2	arg1	recv	taint	a
summary	io.netty.handler.codec	Headers	1	addShort	-	recv	ret	value	-
summary	io.netty.handler.codec	Headers	1	addShort	-	arg0	recv	value	a
summary	io.netty.handler.codec	Headers	1	addTimeMillis	-	recv	ret	value	-
summary	io.netty.handler.codec	Headers	1	addTimeMillis	-	arg0	recv	value	a
summary	io.netty.handler.codec	Headers	1	get	1	recv	ret	taint	a
summary	io.netty.handler.codec	Headers	1	get	2	recv	ret	taint	a
summary	io.netty.handler.codec	Headers	1	get	2	arg1	ret	value	-
summary	io.netty.handler.codec	Headers	1	getAll	1	recv	ret	taint	a
summary	io.netty.handler.codec	Headers	1	getAllAndRemove	1	recv	ret	taint	a
summary	io.netty.handler.codec	Headers	1	getAndRemove	1	recv	ret	taint	a
summary	io.netty.handler.codec	Headers	1	getAndRemove	2	arg1	ret	value	-
summary	io.netty.handler.codec	Headers	1	names	0	recv	ret	taint	a
summary	io.netty.handler.codec	Headers	1	set	-	recv	ret	value	-
summary	io.netty.handler.codec	Headers	1	set	1	arg0	recv	value	a
summary	io.netty.handler.codec	Headers	1	set	2	arg0	recv	value	a
summary	io.netty.handler.codec	Headers	1	set	2	arg1	recv	value	a
summary	io.netty.handler.codec	Headers	1	setAll	1	arg0	recv	value	a
summary	io.netty.handler.codec	Headers	1	setBoolean	-	recv	ret	value	-
summary	io.netty.handler.codec	Headers	1	setBoolean	-	arg0	recv	value	a
summary	io.netty.handler.codec	Headers	1	setByte	-	recv	ret	value	-
summary	io.netty.handler.codec	Headers	1	setByte	-	arg0	recv	value	a
summary	io.netty.handler.codec	Headers	1	setChar	-	recv	ret	value	-
summary	io.netty.handler.codec	Headers	1	setChar	-	arg0	recv	value	a
summary	io.netty.handler.codec	Headers	1	setDouble	-	recv	ret	value	-
summary	io.netty.handler.codec	Headers	1	setDouble	-	arg0	recv	value	a
summary	io.netty.handler.codec	Headers	1	setFloat	-	recv	ret	value	-
summary	io.netty.handler.codec	Headers	1	setFloat	-	arg0	recv	value	a
summary	io.netty.handler.codec	Headers	1	setInt	-	recv	ret	value	-
summary	io.netty.handler.codec	Headers	1	setInt	-	arg0	recv	value	a
summary	io.netty.handler.codec	Headers	1	setLong	-	recv	ret	value	-
summary	io.netty.handler.codec	Headers	1	setLong	-	arg0	recv	value	a
summary	io.netty.handler.codec	Headers	1	setObject	2	arg0	recv	value	a
summary	io.netty.handler.codec	Headers	1	setObject	2	arg1	recv	taint	a
summary	io.netty.handler.codec	Headers	1	setShort	-	recv	ret	value	-
summary	io.netty.handler.codec	Headers	1	setShort	-	arg0	recv	value	a
summary	io.netty.handler.codec	Headers	1	setTimeMillis	-	recv	ret	value	-
summary	io.netty.handler.codec	Headers	1	setTimeMillis	-	arg0	recv	value	a
summary	io.netty.handler.codec	HeadersUtils	0	getAllAsString	2	arg0	ret	taint	a
summary	io.netty.handler.codec	HeadersUtils	0	getAsString	2	arg0	ret	taint	a
summary	io.netty.handler.codec	HeadersUtils	0	iteratorAsString	1	arg0	ret	taint	a
summary	io.netty.handler.codec	HeadersUtils	0	namesAsString	1	arg0	ret	value	a
summary	io.netty.handler.codec	HeadersUtils	0	toString	3	arg1	ret	taint	a
summary	io.netty.handler.codec.base64	Base64	1	decode	-	arg0	ret	taint	-
summary	io.netty.handler.codec.base64	Base64	1	encode	-	arg0	ret	taint	-
summary	io.netty.handler.codec.http	HttpHeaders	1	add	-	recv	ret	value	-
summary	io.netty.handler.codec.http	HttpHeaders	1	add	1	arg0	recv	taint	a
summary	io.netty.handler.codec.http	HttpHeaders	1	add	1	arg0	recv	value	a
summary	io.netty.handler.codec.http	HttpHeaders	1	add	2	arg0	recv	taint	a
summary	io.netty.handler.codec.http	HttpHeaders	1	add	2	arg0	recv	value	a
summary	io.netty.handler.codec.http	HttpHeaders	1	add	2	arg1	recv	taint	a
summary	io.netty.handler.codec.http	HttpHeaders	1	addInt	2	recv	ret	value	-
summary	io.netty.handler.codec.http	HttpHeaders	1	addInt	2	arg0	recv	value	a
summary	io.netty.handler.codec.http	HttpHeaders	1	addShort	2	recv	ret	value	-
summary	io.netty.handler.codec.http	HttpHeaders	1	addShort	2	arg0	recv	value	a
summary	io.netty.handler.codec.http	HttpHeaders	1	copy	0	recv	ret	value	a
summary	io.netty.handler.codec.http	HttpHeaders	1	entries	0	recv	ret	value	a
summary	io.netty.handler.codec.http	HttpHeaders	1	get	-	recv	ret	value	a
summary	io.netty.handler.codec.http	HttpHeaders	1	get	-	arg1	ret	value	-
summary	io.netty.handler.codec.http	HttpHeaders	1	getAll	-	recv	ret	value	a
summary	io.netty.handler.codec.http	HttpHeaders	1	getAllAsString	-	recv	ret	value	a
summary	io.netty.handler.codec.http	HttpHeaders	1	getAsString	-	recv	ret	value	a
summary	io.netty.handler.codec.http	HttpHeaders	1	getHeader	-	arg0	ret	taint	-
summary	io.netty.handler.codec.http	HttpHeaders	1	getHeader	-	arg2	ret	value	-
summary	io.netty.handler.codec.http	HttpHeaders	1	getHost	-	arg0	ret	taint	-
summary	io.netty.handler.codec.http	HttpHeaders	1	getHost	-	arg1	ret	value	-
summary	io.netty.handler.codec.http	HttpHeaders	1	iteratorAsString	0	recv	ret	value	a
summary	io.netty.handler.codec.http	HttpHeaders	1	iteratorCharSequence	0	recv	ret	taint	a
summary	io.netty.handler.codec.http	HttpHeaders	1	names	0	recv	ret	value	a
summary	io.netty.handler.codec.http	HttpHeaders	1	newEntity	-	arg0	ret	taint	-
summary	io.netty.handler.codec.http	HttpHeaders	1	remove	-	recv	ret	value	-
summary	io.netty.handler.codec.http	HttpHeaders	1	set	-	recv	ret	value	-
summary	io.netty.handler.codec.http	HttpHeaders	1	set	1	arg0	recv	taint	a
summary	io.netty.handler.codec.http	HttpHeaders	1	set	1	arg0	recv	value	a
summary	io.netty.handler.codec.http	HttpHeaders	1	set	2	arg0	recv	taint	a
summary	io.netty.handler.codec.http	HttpHeaders	1	set	2	arg0	recv	value	a
summary	io.netty.handler.codec.http	HttpHeaders	1	set	2	arg1	recv	taint	a
summary	io.netty.handler.codec.http	HttpHeaders	1	setAll	1	recv	ret	value	-
summary	io.netty.handler.codec.http	HttpHeaders	1	setAll	1	arg0	recv	taint	a
summary	io.netty.handler.codec.http	HttpHeaders	1	setAll	1	arg0	recv	value	a
summary	io.netty.handler.codec.http	HttpHeaders	1	setInt	2	recv	ret	value	-
summary	io.netty.handler.codec.http	HttpHeaders	1	setInt	2	arg0	recv	value	a
summary	io.netty.handler.codec.http	HttpHeaders	1	setShort	2	recv	ret	value	-
summary	io.netty.handler.codec.http	HttpHeaders	1	setShort	2	arg0	recv	value	a
summary	io.netty.handler.codec.http	HttpHeaders	1	toString	-	recv	ret	taint	a
summary	io.netty.handler.codec.http	HttpHeaders	1	valueCharSequenceIterator	1	recv	ret	taint	a
summary	io.netty.handler.codec.http	HttpHeaders	1	valueStringIterator	1	recv	ret	value	a
summary	io.netty.handler.codec.http	HttpMessage	1	headers	-	recv	ret	taint	-
summary	io.netty.handler.codec.http	HttpRequest	1	getUri	-	recv	ret	taint	-
summary	io.netty.handler.codec.http	HttpRequest	1	uri	-	recv	ret	taint	-
summary	io.netty.handler.codec.http	LastHttpContent	1	trailingHeaders	-	recv	ret	taint	-
summary	io.netty.handler.codec.http	QueryStringDecoder	1	QueryStringDecoder	-	arg0	recv	taint	-
summary	io.netty.handler.codec.http	QueryStringDecoder	1	decodeComponent	-	arg0	ret	taint	-
summary	io.netty.handler.codec.http	QueryStringDecoder	1	parameters	-	recv	ret	taint	-
summary	io.netty.handler.codec.http	QueryStringDecoder	1	path	-	recv	ret	taint	-
summary	io.netty.handler.codec.http	QueryStringDecoder	1	rawPath	-	recv	ret	taint	-
summary	io.netty.handler.codec.http	QueryStringDecoder	1	rawQuery	-	recv	ret	taint	-
summary	io.netty.handler.codec.http	QueryStringDecoder	1	toString	-	recv	ret	taint	-
summary	io.netty.handler.codec.http	QueryStringDecoder	1	uri	-	recv	ret	taint	-
summary	io.netty.handler.codec.http	QueryStringEncoder	1	QueryStringEncoder	1	arg0	recv	taint	-
summary	io.netty.handler.codec.http.cookie	Cookie	1	domain	0	recv	ret	taint	-
summary	io.netty.handler.codec.http.cookie	Cookie	1	name	0	recv	ret	taint	-
summary	io.netty.handler.codec.http.cookie	Cookie	1	path	0	recv	ret	taint	-
summary	io.netty.handler.codec.http.cookie	Cookie	1	setDomain	1	arg0	recv	taint	-
summary	io.netty.handler.codec.http.cookie	Cookie	1	setPath	1	arg0	recv	taint	-
summary	io.netty.handler.codec.http.cookie	Cookie	1	setValue	1	arg0	recv	taint	-
summary	io.netty.handler.codec.http.cookie	Cookie	1	value	0	recv	ret	taint	-
summary	io.netty.handler.codec.http.cookie	ServerCookieDecoder	1	decode	1	arg0	ret	taint	a
summary	io.netty.handler.codec.http.cookie	ServerCookieDecoder	1	decodeAll	1	arg0	ret	taint	a
summary	io.netty.handler.codec.http.cookie	ServerCookieEncoder	1	encode	1	arg0	ret	taint	-
summary	io.netty.handler.codec.http.cookie	ServerCookieEncoder	1	encode	1	arg0	ret	taint	a
summary	io.netty.handler.codec.http.cookie	ServerCookieEncoder	1	encode	2	arg1	ret	taint	-
summary	io.netty.handler.codec.http.cookie	ServerCookieEncoder	1	encode	2	arg2	ret	taint	-
summary	io.netty.handler.codec.http.multipart	Attribute	1	getValue	0	recv	ret	taint	-
summary	io.netty.handler.codec.http.multipart	Attribute	1	setValue	1	arg0	recv	taint	-
summary	io.netty.handler.codec.http.multipart	FileUpload	1	getContentTransferEncoding	0	recv	ret	taint	-
summary	io.netty.handler.codec.http.multipart	FileUpload	1	getContentType	0	recv	ret	taint	-
summary	io.netty.handler.codec.http.multipart	FileUpload	1	getFilename	0	recv	ret	taint	-
summary	io.netty.handler.codec.http.multipart	FileUpload	1	setContentTransferEncoding	1	arg0	recv	taint	-
summary	io.netty.handler.codec.http.multipart	FileUpload	1	setContentType	1	arg0	recv	taint	-
summary	io.netty.handler.codec.http.multipart	FileUpload	1	setFilename	1	arg0	recv	taint	-
summary	io.netty.handler.codec.http.multipart	HttpData	1	addContent	2	arg0	recv	taint	-
summary	io.netty.handler.codec.http.multipart	HttpData	1	get	0	recv	ret	taint	-
summary	io.netty.handler.codec.http.multipart	HttpData	1	getByteBuf	0	recv	ret	taint	-
summary	io.netty.handler.codec.http.multipart	HttpData	1	getChunk	1	recv	ret	taint	-
summary	io.netty.handler.codec.http.multipart	HttpData	1	getString	0	recv	ret	taint	-
summary	io.netty.handler.codec.http.multipart	HttpData	1	getString	1	recv	ret	taint	-
summary	io.netty.handler.codec.http.multipart	HttpData	1	setContent	1	arg0	recv	taint	-
summary	io.netty.handler.codec.http.multipart	HttpPostMultipartRequestDecoder	1	HttpPostMultipartRequestDecoder	1	arg0	recv	taint	-
summary	io.netty.handler.codec.http.multipart	HttpPostMultipartRequestDecoder	1	HttpPostMultipartRequestDecoder	2	arg1	recv	taint	-
summary	io.netty.handler.codec.http.multipart	HttpPostMultipartRequestDecoder	1	HttpPostMultipartRequestDecoder	3	arg1	recv	taint	-
summary	io.netty.handler.codec.http.multipart	HttpPostRequestDecoder	1	HttpPostRequestDecoder	1	arg0	recv	taint	-
summary	io.netty.handler.codec.http.multipart	HttpPostRequestDecoder	1	HttpPostRequestDecoder	2	arg1	recv	taint	-
summary	io.netty.handler.codec.http.multipart	HttpPostRequestDecoder	1	HttpPostRequestDecoder	3	arg1	recv	taint	-
summary	io.netty.handler.codec.http.multipart	HttpPostStandardRequestDecoder	1	HttpPostStandardRequestDecoder	1	arg0	recv	taint	-
summary	io.netty.handler.codec.http.multipart	HttpPostStandardRequestDecoder	1	HttpPostStandardRequestDecoder	2	arg1	recv	taint	-
summary	io.netty.handler.codec.http.multipart	HttpPostStandardRequestDecoder	1	HttpPostStandardRequestDecoder	3	arg1	recv	taint	-
summary	io.netty.handler.codec.http.multipart	InterfaceHttpData	1	getName	0	recv	ret	taint	-
summary	io.netty.handler.codec.http.multipart	InterfaceHttpPostRequestDecoder	1	currentPartialHttpData	0	recv	ret	taint	-
summary	io.netty.handler.codec.http.multipart	InterfaceHttpPostRequestDecoder	1	getBodyHttpData	1	recv	ret	taint	-
summary	io.netty.handler.codec.http.multipart	InterfaceHttpPostRequestDecoder	1	getBodyHttpDatas	0	recv	ret	taint	-
summary	io.netty.handler.codec.http.multipart	InterfaceHttpPostRequestDecoder	1	getBodyHttpDatas	1	recv	ret	taint	-
summary	io.netty.handler.codec.http.multipart	InterfaceHttpPostRequestDecoder	1	next	0	recv	ret	taint	-
summary	io.netty.handler.codec.http.multipart	InterfaceHttpPostRequestDecoder	1	offer	1	recv	ret	value	-
summary	io.netty.handler.codec.http.multipart	InterfaceHttpPostRequestDecoder	1	offer	1	arg0	recv	taint	-
summary	io.netty.handler.codec.http.websocketx	BinaryWebSocketFrame	1	BinaryWebSocketFrame	1	arg0	recv	taint	-
summary	io.netty.handler.codec.http.websocketx	BinaryWebSocketFrame	1	BinaryWebSocketFrame	3	arg2	recv	taint	-
summary	io.netty.handler.codec.http.websocketx	CloseWebSocketFrame	1	CloseWebSocketFrame	2	arg1	recv	taint	-
summary	io.netty.handler.codec.http.websocketx	CloseWebSocketFrame	1	CloseWebSocketFrame	3	arg2	recv	taint	-
summary	io.netty.handler.codec.http.websocketx	CloseWebSocketFrame	1	CloseWebSocketFrame	4	arg3	recv	taint	-
summary	io.netty.handler.codec.http.websocketx	CloseWebSocketFrame	1	reasonText	0	recv	ret	taint	-
summary	io.netty.handler.codec.http.websocketx	ContinuationWebSocketFrame	1	ContinuationWebSocketFrame	1	arg0	recv	taint	-
summary	io.netty.handler.codec.http.websocketx	ContinuationWebSocketFrame	1	ContinuationWebSocketFrame	3	arg2	recv	taint	-
summary	io.netty.handler.codec.http.websocketx	ContinuationWebSocketFrame	1	text	0	recv	ret	taint	-
summary	io.netty.handler.codec.http.websocketx	PingWebSocketFrame	1	PingWebSocketFrame	1	arg0	recv	taint	-
summary	io.netty.handler.codec.http.websocketx	PingWebSocketFrame	1	PingWebSocketFrame	3	arg2	recv	taint	-
summary	io.netty.handler.codec.http.websocketx	PongWebSocketFrame	1	PongWebSocketFrame	1	arg0	recv	taint	-
summary	io.netty.handler.codec.http.websocketx	PongWebSocketFrame	1	PongWebSocketFrame	3	arg2	recv	taint	-
summary	io.netty.handler.codec.http.websocketx	TextWebSocketFrame	1	TextWebSocketFrame	1	arg0	recv	taint	-
summary	io.netty.handler.codec.http.websocketx	TextWebSocketFrame	1	TextWebSocketFrame	3	arg2	recv	taint	-
summary	io.netty.handler.codec.http.websocketx	TextWebSocketFrame	1	text	0	recv	ret	taint	-
summary	io.netty.handler.codec.http2	Http2Headers	1	authority	0	recv	ret	value	a
summary	io.netty.handler.codec.http2	Http2Headers	1	authority	1	recv	ret	value	-
summary	io.netty.handler.codec.http2	Http2Headers	1	authority	1	arg0	recv	value	a
summary	io.netty.handler.codec.http2	Http2Headers	1	method	0	recv	ret	value	a
summary	io.netty.handler.codec.http2	Http2Headers	1	method	1	recv	ret	value	-
summary	io.netty.handler.codec.http2	Http2Headers	1	method	1	arg0	recv	value	a
summary	io.netty.handler.codec.http2	Http2Headers	1	path	0	recv	ret	value	a
summary	io.netty.handler.codec.http2	Http2Headers	1	path	1	recv	ret	value	-
summary	io.netty.handler.codec.http2	Http2Headers	1	path	1	arg0	recv	value	a
summary	io.netty.handler.codec.http2	Http2Headers	1	scheme	0	recv	ret	value	a
summary	io.netty.handler.codec.http2	Http2Headers	1	scheme	1	recv	ret	value	-
summary	io.netty.handler.codec.http2	Http2Headers	1	scheme	1	arg0	recv	value	a
summary	io.netty.handler.codec.http2	Http2Headers	1	status	0	recv	ret	value	a
summary	io.netty.handler.codec.http2	Http2Headers	1	status	1	recv	ret	value	-
summary	io.netty.handler.codec.http2	Http2Headers	1	status	1	arg0	recv	value	a
summary	io.netty.handler.codec.http2	Http2Headers	1	valueIterator	1	recv	ret	value	a
summary	io.netty.handler.codec.http2	Http2HeadersFrame	1	headers	0	recv	ret	taint	-
summary	io.netty.handler.codec.http2	Http2PushPromiseFrame	1	http2Headers	0	recv	ret	taint	-
summary	io.netty.handler.codec.http2	HttpConversionUtil	0	addHttp2ToHttpHeaders	4	arg1	arg2	taint	a
summary	io.netty.handler.codec.http2	HttpConversionUtil	0	addHttp2ToHttpHeaders	6	arg1	arg2	taint	a
summary	io.netty.handler.codec.http2	HttpConversionUtil	0	toFullHttpRequest	-	arg1	ret	taint	a
summary	io.netty.handler.codec.http2	HttpConversionUtil	0	toFullHttpRequest	4	arg2	ret	taint	-
summary	io.netty.handler.codec.http2	HttpConversionUtil	0	toFullHttpResponse	-	arg1	ret	taint	a
summary	io.netty.handler.codec.http2	HttpConversionUtil	0	toFullHttpResponse	4	arg2	ret	taint	-
summary	io.netty.handler.codec.http2	HttpConversionUtil	0	toHttp2Headers	2	arg0	ret	taint	a
summary	io.netty.handler.codec.http2	HttpConversionUtil	0	toHttp2Headers	2	arg0	arg1	taint	a
summary	io.netty.handler.codec.http2	HttpConversionUtil	0	toHttpRequest	-	arg1	ret	taint	a
summary	io.netty.handler.codec.http2	HttpConversionUtil	0	toHttpResponse	-	arg1	ret	taint	a
summary	io.netty.resolver	SimpleNameResolver	0	resolve	1	arg0	ret	taint	-
summary	io.netty.util	AsciiString	0	AsciiString	-	arg0	recv	taint	-
summary	io.netty.util	AsciiString	0	array	0	recv	ret	taint	-
summary	io.netty.util	AsciiString	0	cached	1	arg0	ret	taint	-
summary	io.netty.util	AsciiString	0	concat	1	recv	ret	taint	-
summary	io.netty.util	AsciiString	0	concat	1	arg0	ret	taint	-
summary	io.netty.util	AsciiString	0	copy	4	recv	arg1	taint	-
summary	io.netty.util	AsciiString	0	of	1	arg0	ret	taint	-
summary	io.netty.util	AsciiString	0	replace	2	recv	ret	taint	-
summary	io.netty.util	AsciiString	0	split	1	recv	ret	taint	-
summary	io.netty.util	AsciiString	0	split	2	recv	ret	taint	-
summary	io.netty.util	AsciiString	0	subSequence	-	recv	ret	taint	-
summary	io.netty.util	AsciiString	0	toByteArray	-	recv	ret	taint	-
summary	io.netty.util	AsciiString	0	toCharArray	-	recv	ret	taint	-
summary	io.netty.util	AsciiString	0	toLowerCase	0	recv	ret	taint	-
summary	io.netty.util	AsciiString	0	toString	-	recv	ret	taint	-
summary	io.netty.util	AsciiString	0	toUpperCase	0	recv	ret	taint	-
summary	io.netty.util	AsciiString	0	trim	0	recv	ret	taint	-
summary	io.netty.util	AsciiString	0	trim	1	arg0	ret	taint	-
summary	io.netty.util	ReferenceCounted	1	retain	-	recv	ret	value	-
summary	io.netty.util	ReferenceCounted	1	touch	-	recv	ret	value	-
summary	io.netty.util.internal	SocketUtils	0	addressByName	1	arg0	ret	taint	-
summary	io.netty.util.internal	SocketUtils	0	allAddressesByName	1	arg0	ret	taint	-
summary	io.undertow.server.handlers.resource	Resource	1	getFile	-	recv	ret	taint	-
summary	io.undertow.server.handlers.resource	Resource	1	getFilePath	-	recv	ret	taint	-
summary	io.undertow.server.handlers.resource	Resource	1	getPath	-	recv	ret	taint	-
summary	jakarta.activation	DataSource	1	getInputStream	0	recv	ret	taint	-
summary	jakarta.activation	DataSource	1	getName	0	recv	ret	taint	-
summary	jakarta.json	Json	0	createArrayBuilder	1	arg0	ret	taint	-
summary	jakarta.json	Json	0	createArrayBuilder	1	arg0	ret	taint	a
summary	jakarta.json	Json	0	createDiff	-	arg0	ret	taint	-
summary	jakarta.json	Json	0	createDiff	-	arg1	ret	taint	-
summary	jakarta.json	Json	0	createMergeDiff	-	arg0	ret	taint	-
summary	jakarta.json	Json	0	createMergeDiff	-	arg1	ret	taint	-
summary	jakarta.json	Json	0	createMergePatch	-	arg0	ret	taint	-
summary	jakarta.json	Json	0	createObjectBuilder	1	arg0	ret	taint	-
summary	jakarta.json	Json	0	createObjectBuilder	1	arg0	ret	taint	a
summary	jakarta.json	Json	0	createPatch	-	arg0	ret	taint	-
summary	jakarta.json	Json	0	createPatchBuilder	-	arg0	ret	taint	-
summary	jakarta.json	Json	0	createPointer	-	arg0	ret	taint	-
summary	jakarta.json	Json	0	createReader	-	arg0	ret	taint	-
summary	jakarta.json	Json	0	createValue	-	arg0	ret	taint	-
summary	jakarta.json	Json	0	createWriter	-	arg0	ret	taint	-
summary	jakarta.json	Json	0	decodePointer	-	arg0	ret	taint	-
summary	jakarta.json	Json	0	encodePointer	-	arg0	ret	taint	-
summary	jakarta.json	JsonArray	0	getBoolean	-	recv	ret	taint	-
summary	jakarta.json	JsonArray	0	getBoolean	-	arg1	ret	value	-
summary	jakarta.json	JsonArray	0	getInt	-	recv	ret	taint	-
summary	jakarta.json	JsonArray	0	getInt	-	arg1	ret	value	-
summary	jakarta.json	JsonArray	0	getJsonArray	-	recv	ret	taint	-
summary	jakarta.json	JsonArray	0	getJsonNumber	-	recv	ret	taint	-
summary	jakarta.json	JsonArray	0	getJsonObject	-	recv	ret	taint	-
summary	jakarta.json	JsonArray	0	getJsonString	-	recv	ret	taint	-
summary	jakarta.json	JsonArray	0	getString	-	recv	ret	taint	-
summary	jakarta.json	JsonArray	0	getString	-	arg1	ret	value	-
summary	jakarta.json	JsonArray	0	getValuesAs	-	recv	ret	taint	-
summary	jakarta.json	JsonArrayBuilder	0	add	-	recv	ret	value	-
summary	jakarta.json	JsonArrayBuilder	0	add	1	arg0	recv	taint	-
summary	jakarta.json	JsonArrayBuilder	0	add	2	arg1	recv	taint	-
summary	jakarta.json	JsonArrayBuilder	0	addAll	-	recv	ret	value	-
summary	jakarta.json	JsonArrayBuilder	0	addAll	-	arg0	recv	taint	-
summary	jakarta.json	JsonArrayBuilder	0	addNull	-	recv	ret	value	-
summary	jakarta.json	JsonArrayBuilder	0	build	-	recv	ret	taint	-
summary	jakarta.json	JsonArrayBuilder	0	remove	-	recv	ret	value	-
summary	jakarta.json	JsonArrayBuilder	0	set	-	recv	ret	value	-
summary	jakarta.json	JsonArrayBuilder	0	set	-	arg1	recv	taint	-
summary	jakarta.json	JsonArrayBuilder	0	setNull	-	recv	ret	value	-
summary	jakarta.json	JsonMergePatch	0	apply	-	recv	ret	taint	-
summary	jakarta.json	JsonMergePatch	0	apply	-	arg0	ret	taint	-
summary	jakarta.json	JsonMergePatch	0	toJsonValue	-	recv	ret	taint	-
summary	jakarta.json	JsonNumber	0	bigDecimalValue	-	recv	ret	taint	-
summary	jakarta.json	JsonNumber	0	bigIntegerValue	-	recv	ret	taint	-
summary	jakarta.json	JsonNumber	0	bigIntegerValueExact	-	recv	ret	taint	-
summary	jakarta.json	JsonNumber	0	doubleValue	-	recv	ret	taint	-
summary	jakarta.json	JsonNumber	0	intValue	-	recv	ret	taint	-
summary	jakarta.json	JsonNumber	0	intValueExact	-	recv	ret	taint	-
summary	jakarta.json	JsonNumber	0	longValue	-	recv	ret	taint	-
summary	jakarta.json	JsonNumber	0	longValueExact	-	recv	ret	taint	-
summary	jakarta.json	JsonNumber	0	numberValue	-	recv	ret	taint	-
summary	jakarta.json	JsonObject	0	getBoolean	-	recv	ret	taint	-
summary	jakarta.json	JsonObject	0	getBoolean	-	arg1	ret	value	-
summary	jakarta.json	JsonObject	0	getInt	-	recv	ret	taint	-
summary	jakarta.json	JsonObject	0	getInt	-	arg1	ret	value	-
summary	jakarta.json	JsonObject	0	getJsonArray	-	recv	ret	taint	-
summary	jakarta.json	JsonObject	0	getJsonNumber	-	recv	ret	taint	-
summary	jakarta.json	JsonObject	0	getJsonObject	-	recv	ret	taint	-
summary	jakarta.json	JsonObject	0	getJsonString	-	recv	ret	taint	-
summary	jakarta.json	JsonObject	0	getString	-	recv	ret	taint	-
summary	jakarta.json	JsonObject	0	getString	-	arg1	ret	value	-
summary	jakarta.json	JsonObjectBuilder	0	add	-	recv	ret	value	-
summary	jakarta.json	JsonObjectBuilder	0	add	-	arg1	recv	taint	-
summary	jakarta.json	JsonObjectBuilder	0	addAll	-	recv	ret	value	-
summary	jakarta.json	JsonObjectBuilder	0	addAll	-	arg0	ret	value	-
summary	jakarta.json	JsonObjectBuilder	0	addNull	-	recv	ret	value	-
summary	jakarta.json	JsonObjectBuilder	0	build	-	recv	ret	taint	-
summary	jakarta.json	JsonObjectBuilder	0	remove	-	recv	ret	value	-
summary	jakarta.json	JsonPatch	0	apply	-	recv	ret	taint	-
summary	jakarta.json	JsonPatch	0	apply	-	arg0	ret	taint	-
summary	jakarta.json	JsonPatch	0	toJsonArray	-	recv	ret	taint	-
summary	jakarta.json	JsonPatchBuilder	0	add	-	recv	ret	value	-
summary	jakarta.json	JsonPatchBuilder	0	add	-	arg0	ret	taint	-
summary	jakarta.json	JsonPatchBuilder	0	add	-	arg1	ret	taint	-
summary	jakarta.json	JsonPatchBuilder	0	build	-	recv	ret	taint	-
summary	jakarta.json	JsonPatchBuilder	0	copy	-	recv	ret	value	-
summary	jakarta.json	JsonPatchBuilder	0	copy	-	arg0	ret	taint	-
summary	jakarta.json	JsonPatchBuilder	0	copy	-	arg1	ret	taint	-
summary	jakarta.json	JsonPatchBuilder	0	move	-	recv	ret	value	-
summary	jakarta.json	JsonPatchBuilder	0	move	-	arg0	ret	taint	-
summary	jakarta.json	JsonPatchBuilder	0	move	-	arg1	ret	taint	-
summary	jakarta.json	JsonPatchBuilder	0	remove	-	recv	ret	value	-
summary	jakarta.json	JsonPatchBuilder	0	remove	-	arg0	ret	taint	-
summary	jakarta.json	JsonPatchBuilder	0	replace	-	recv	ret	value	-
summary	jakarta.json	JsonPatchBuilder	0	replace	-	arg0	ret	taint	-
summary	jakarta.json	JsonPatchBuilder	0	replace	-	arg1	ret	taint	-
summary	jakarta.json	JsonPatchBuilder	0	test	-	recv	ret	value	-
summary	jakarta.json	JsonPatchBuilder	0	test	-	arg0	ret	taint	-
summary	jakarta.json	JsonPatchBuilder	0	test	-	arg1	ret	taint	-
summary	jakarta.json	JsonPointer	0	add	-	recv	ret	taint	-
summary	jakarta.json	JsonPointer	0	add	-	arg0	ret	taint	-
summary	jakarta.json	JsonPointer	0	add	-	arg1	ret	taint	-
summary	jakarta.json	JsonPointer	0	getValue	-	arg0	ret	taint	-
summary	jakarta.json	JsonPointer	0	remove	-	arg0	ret	taint	-
summary	jakarta.json	JsonPointer	0	replace	-	arg0	ret	taint	-
summary	jakarta.json	JsonPointer	0	replace	-	arg1	ret	taint	-
summary	jakarta.json	JsonPointer	0	toString	-	recv	ret	taint	-
summary	jakarta.json	JsonReader	0	read	-	recv	ret	taint	-
summary	jakarta.json	JsonReader	0	readArray	-	recv	ret	taint	-
summary	jakarta.json	JsonReader	0	readObject	-	recv	ret	taint	-
summary	jakarta.json	JsonReader	0	readValue	-	recv	ret	taint	-
summary	jakarta.json	JsonReaderFactory	0	createReader	-	arg0	ret	taint	-
summary	jakarta.json	JsonString	0	getChars	-	recv	ret	taint	-
summary	jakarta.json	JsonString	0	getString	-	recv	ret	taint	-
summary	jakarta.json	JsonStructure	1	getValue	-	recv	ret	taint	-
summary	jakarta.json	JsonValue	1	asJsonArray	-	recv	ret	taint	-
summary	jakarta.json	JsonValue	1	asJsonObject	-	recv	ret	taint	-
summary	jakarta.json	JsonValue	1	toString	-	recv	ret	taint	-
summary	jakarta.json	JsonWriter	0	write	-	arg0	recv	taint	-
summary	jakarta.json	JsonWriter	0	writeArray	-	arg0	recv	taint	-
summary	jakarta.json	JsonWriter	0	writeObject	-	arg0	recv	taint	-
summary	jakarta.json	JsonWriterFactory	0	createWriter	-	recv	arg0	taint	-
summary	jakarta.json.stream	JsonParserFactory	0	createParser	-	arg0	ret	taint	-
summary	jakarta.persistence.criteria	CriteriaBuilder	1	concat	2	arg1	ret	taint	-
summary	jakarta.ws.rs.core	AbstractMultivaluedMap	0	AbstractMultivaluedMap	-	arg0	recv	value	a
summary	jakarta.ws.rs.core	Cookie	0	Cookie	-	arg0	recv	taint	-
summary	jakarta.ws.rs.core	Cookie	0	Cookie	-	arg1	recv	taint	-
summary	jakarta.ws.rs.core	Cookie	0	Cookie	-	arg2	recv	taint	-
summary	jakarta.ws.rs.core	Cookie	0	Cookie	-	arg3	recv	taint	-
summary	jakarta.ws.rs.core	Cookie	0	Cookie	-	arg4	recv	taint	-
summary	jakarta.ws.rs.core	Cookie	0	valueOf	-	arg0	ret	taint	-
summary	jakarta.ws.rs.core	Cookie	1	getDomain	-	recv	ret	taint	-
summary	jakarta.ws.rs.core	Cookie	1	getName	-	recv	ret	taint	-
summary	jakarta.ws.rs.core	Cookie	1	getPath	-	recv	ret	taint	-
summary	jakarta.ws.rs.core	Cookie	1	getValue	-	recv	ret	taint	-
summary	jakarta.ws.rs.core	Cookie	1	getVersion	-	recv	ret	taint	-
summary	jakarta.ws.rs.core	Cookie	1	toString	-	recv	ret	taint	-
summary	jakarta.ws.rs.core	Form	0	Form	-	arg0	recv	taint	-
summary	jakarta.ws.rs.core	Form	0	Form	-	arg0	recv	taint	a
summary	jakarta.ws.rs.core	Form	0	Form	-	arg1	recv	taint	-
summary	jakarta.ws.rs.core	Form	1	asMap	-	recv	ret	taint	-
summary	jakarta.ws.rs.core	Form	1	param	-	recv	ret	value	-
summary	jakarta.ws.rs.core	Form	1	param	-	arg0	recv	taint	-
summary	jakarta.ws.rs.core	Form	1	param	-	arg1	recv	taint	-
summary	jakarta.ws.rs.core	GenericEntity	0	GenericEntity	-	arg0	recv	taint	-
summary	jakarta.ws.rs.core	GenericEntity	1	getEntity	-	recv	ret	taint	-
summary	jakarta.ws.rs.core	HttpHeaders	1	getAcceptableLanguages	-	recv	ret	taint	-
summary	jakarta.ws.rs.core	HttpHeaders	1	getAcceptableMediaTypes	-	recv	ret	taint	-
summary	jakarta.ws.rs.core	HttpHeaders	1	getCookies	-	recv	ret	taint	-
summary	jakarta.ws.rs.core	HttpHeaders	1	getHeaderString	-	recv	ret	taint	-
summary	jakarta.ws.rs.core	HttpHeaders	1	getLanguage	-	recv	ret	taint	-
summary	jakarta.ws.rs.core	HttpHeaders	1	getMediaType	-	recv	ret	taint	-
summary	jakarta.ws.rs.core	HttpHeaders	1	getRequestHeader	-	recv	ret	taint	-
summary	jakarta.ws.rs.core	HttpHeaders	1	getRequestHeaders	-	recv	ret	taint	-
summary	jakarta.ws.rs.core	MediaType	0	MediaType	-	arg0	recv	taint	-
summary	jakarta.ws.rs.core	MediaType	0	MediaType	-	arg1	recv	taint	-
summary	jakarta.ws.rs.core	MediaType	0	MediaType	-	arg2	recv	taint	-
summary	jakarta.ws.rs.core	MediaType	0	valueOf	-	arg0	ret	taint	-
summary	jakarta.ws.rs.core	MediaType	1	getParameters	-	recv	ret	taint	-
summary	jakarta.ws.rs.core	MediaType	1	getSubtype	-	recv	ret	taint	-
summary	jakarta.ws.rs.core	MediaType	1	getType	-	recv	ret	taint	-
summary	jakarta.ws.rs.core	MediaType	1	withCharset	-	recv	ret	taint	-
summary	jakarta.ws.rs.core	MultivaluedHashMap	0	MultivaluedHashMap	1	arg0	recv	value	a
summary	jakarta.ws.rs.core	MultivaluedMap	1	add	-	arg0	recv	value	a
summary	jakarta.ws.rs.core	MultivaluedMap	1	add	-	arg1	recv	value	a
summary	jakarta.ws.rs.core	MultivaluedMap	1	addAll	-	arg0	recv	value	a
summary	jakarta.ws.rs.core	MultivaluedMap	1	addAll	2	arg1	recv	value	a
summary	jakarta.ws.rs.core	MultivaluedMap	1	addFirst	-	arg0	recv	value	a
summary	jakarta.ws.rs.core	MultivaluedMap	1	addFirst	-	arg1	recv	value	a
summary	jakarta.ws.rs.core	MultivaluedMap	1	getFirst	-	recv	ret	value	a
summary	jakarta.ws.rs.core	MultivaluedMap	1	putSingle	-	arg0	recv	value	a
summary	jakarta.ws.rs.core	MultivaluedMap	1	putSingle	-	arg1	recv	value	a
summary	jakarta.ws.rs.core	NewCookie	0	NewCookie	-	arg0	recv	taint	-
summary	jakarta.ws.rs.core	NewCookie	0	NewCookie	-	arg1	recv	taint	-
summary	jakarta.ws.rs.core	NewCookie	0	NewCookie	-	arg2	recv	taint	-
summary	jakarta.ws.rs.core	NewCookie	0	NewCookie	-	arg3	recv	taint	-
summary	jakarta.ws.rs.core	NewCookie	0	NewCookie	-	arg4	recv	taint	-
summary	jakarta.ws.rs.core	NewCookie	0	NewCookie	-	arg5	recv	taint	-
summary	jakarta.ws.rs.core	NewCookie	0	NewCookie	-	arg6	recv	taint	-
summary	jakarta.ws.rs.core	NewCookie	0	NewCookie	-	arg7	recv	taint	-
summary	jakarta.ws.rs.core	NewCookie	0	NewCookie	-	arg8	recv	taint	-
summary	jakarta.ws.rs.core	NewCookie	0	NewCookie	-	arg9	recv	taint	-
summary	jakarta.ws.rs.core	NewCookie	0	valueOf	-	arg0	ret	taint	-
summary	jakarta.ws.rs.core	NewCookie	1	getComment	-	recv	ret	taint	-
summary	jakarta.ws.rs.core	NewCookie	1	getExpiry	-	recv	ret	taint	-
summary	jakarta.ws.rs.core	NewCookie	1	getMaxAge	-	recv	ret	taint	-
summary	jakarta.ws.rs.core	NewCookie	1	toCookie	-	recv	ret	taint	-
summary	jakarta.ws.rs.core	PathSegment	1	getMatrixParameters	-	recv	ret	taint	-
summary	jakarta.ws.rs.core	PathSegment	1	getPath	-	recv	ret	taint	-
summary	jakarta.ws.rs.core	Response	0	accepted	-	arg0	ret	taint	-
summary	jakarta.ws.rs.core	Response	0	fromResponse	-	arg0	ret	taint	-
summary	jakarta.ws.rs.core	Response	0	ok	-	arg0	ret	taint	-
summary	jakarta.ws.rs.core	ResponseBuilder	1	allow	-	recv	ret	value	-
summary	jakarta.ws.rs.core	ResponseBuilder	1	build	-	recv	ret	taint	-
summary	jakarta.ws.rs.core	ResponseBuilder	1	cacheControl	-	recv	ret	value	-
summary	jakarta.ws.rs.core	ResponseBuilder	1	clone	-	recv	ret	taint	-
summary	jakarta.ws.rs.core	ResponseBuilder	1	contentLocation	-	recv	ret	value	-
summary	jakarta.ws.rs.core	ResponseBuilder	1	cookie	-	recv	ret	value	-
summary	jakarta.ws.rs.core	ResponseBuilder	1	encoding	-	recv	ret	value	-
summary	jakarta.ws.rs.core	ResponseBuilder	1	entity	-	recv	ret	value	-
summary	jakarta.ws.rs.core	ResponseBuilder	1	entity	-	arg0	recv	taint	-
summary	jakarta.ws.rs.core	ResponseBuilder	1	expires	-	recv	ret	value	-
summary	jakarta.ws.rs.core	ResponseBuilder	1	header	-	recv	ret	value	-
summary	jakarta.ws.rs.core	ResponseBuilder	1	language	-	recv	ret	value	-
summary	jakarta.ws.rs.core	ResponseBuilder	1	lastModified	-	recv	ret	value	-
summary	jakarta.ws.rs.core	ResponseBuilder	1	link	-	recv	ret	value	-
summary	jakarta.ws.rs.core	ResponseBuilder	1	links	-	recv	ret	value	-
summary	jakarta.ws.rs.core	ResponseBuilder	1	location	-	recv	ret	value	-
summary	jakarta.ws.rs.core	ResponseBuilder	1	replaceAll	-	recv	ret	value	-
summary	jakarta.ws.rs.core	ResponseBuilder	1	status	-	recv	ret	value	-
summary	jakarta.ws.rs.core	ResponseBuilder	1	tag	-	recv	ret	value	-
summary	jakarta.ws.rs.core	ResponseBuilder	1	type	-	recv	ret	value	-
summary	jakarta.ws.rs.core	ResponseBuilder	1	variant	-	recv	ret	value	-
summary	jakarta.ws.rs.core	ResponseBuilder	1	variants	-	recv	ret	value	-
summary	jakarta.ws.rs.core	UriBuilder	0	fromLink	-	arg0	ret	taint	-
summary	jakarta.ws.rs.core	UriBuilder	0	fromPath	-	arg0	ret	taint	-
summary	jakarta.ws.rs.core	UriBuilder	0	fromUri	-	arg0	ret	taint	-
summary	jakarta.ws.rs.core	UriBuilder	1	build	-	recv	ret	taint	-
summary	jakarta.ws.rs.core	UriBuilder	1	build	-	arg0	ret	taint	a
summary	jakarta.ws.rs.core	UriBuilder	1	buildFromEncoded	-	recv	ret	taint	-
summary	jakarta.ws.rs.core	UriBuilder	1	buildFromEncoded	-	arg0	ret	taint	a
summary	jakarta.ws.rs.core	UriBuilder	1	buildFromEncodedMap	-	recv	ret	taint	-
summary	jakarta.ws.rs.core	UriBuilder	1	buildFromEncodedMap	-	arg0	ret	taint	a
summary	jakarta.ws.rs.core	UriBuilder	1	buildFromMap	-	recv	ret	taint	-
summary	jakarta.ws.rs.core	UriBuilder	1	buildFromMap	-	arg0	ret	taint	a
summary	jakarta.ws.rs.core	UriBuilder	1	clone	-	recv	ret	taint	-
summary	jakarta.ws.rs.core	UriBuilder	1	fragment	-	recv	ret	value	-
summary	jakarta.ws.rs.core	UriBuilder	1	fragment	-	arg0	ret	taint	-
summary	jakarta.ws.rs.core	UriBuilder	1	host	-	recv	ret	value	-
summary	jakarta.ws.rs.core	UriBuilder	1	host	-	arg0	ret	taint	-
summary	jakarta.ws.rs.core	UriBuilder	1	matrixParam	-	recv	ret	value	-
summary	jakarta.ws.rs.core	UriBuilder	1	matrixParam	-	arg0	ret	taint	-
summary	jakarta.ws.rs.core	UriBuilder	1	matrixParam	-	arg1	ret	taint	a
summary	jakarta.ws.rs.core	UriBuilder	1	path	-	recv	ret	value	-
summary	jakarta.ws.rs.core	UriBuilder	1	path	-	arg0	ret	taint	-
summary	jakarta.ws.rs.core	UriBuilder	1	path	-	arg1	ret	taint	-
summary	jakarta.ws.rs.core	UriBuilder	1	queryParam	-	recv	ret	value	-
summary	jakarta.ws.rs.core	UriBuilder	1	queryParam	-	arg0	ret	taint	-
summary	jakarta.ws.rs.core	UriBuilder	1	queryParam	-	arg1	ret	taint	a
summary	jakarta.ws.rs.core	UriBuilder	1	replaceMatrix	-	recv	ret	value	-
summary	jakarta.ws.rs.core	UriBuilder	1	replaceMatrix	-	arg0	ret	taint	-
summary	jakarta.ws.rs.core	UriBuilder	1	replaceMatrixParam	-	recv	ret	value	-
summary	jakarta.ws.rs.core	UriBuilder	1	replaceMatrixParam	-	arg0	ret	taint	-
summary	jakarta.ws.rs.core	UriBuilder	1	replaceMatrixParam	-	arg1	ret	taint	a
summary	jakarta.ws.rs.core	UriBuilder	1	replacePath	-	recv	ret	value	-
summary	jakarta.ws.rs.core	UriBuilder	1	replacePath	-	arg0	ret	taint	-
summary	jakarta.ws.rs.core	UriBuilder	1	replaceQuery	-	recv	ret	value	-
summary	jakarta.ws.rs.core	UriBuilder	1	replaceQuery	-	arg0	ret	taint	-
summary	jakarta.ws.rs.core	UriBuilder	1	replaceQueryParam	-	recv	ret	value	-
summary	jakarta.ws.rs.core	UriBuilder	1	replaceQueryParam	-	arg0	ret	taint	-
summary	jakarta.ws.rs.core	UriBuilder	1	replaceQueryParam	-	arg1	ret	taint	a
summary	jakarta.ws.rs.core	UriBuilder	1	resolveTemplate	-	recv	ret	value	-
summary	jakarta.ws.rs.core	UriBuilder	1	resolveTemplate	-	arg0	ret	taint	-
summary	jakarta.ws.rs.core	UriBuilder	1	resolveTemplate	-	arg1	ret	taint	-
summary	jakarta.ws.rs.core	UriBuilder	1	resolveTemplate	-	arg2	ret	taint	-
summary	jakarta.ws.rs.core	UriBuilder	1	resolveTemplateFromEncoded	-	recv	ret	value	-
summary	jakarta.ws.rs.core	UriBuilder	1	resolveTemplateFromEncoded	-	arg0	ret	taint	-
summary	jakarta.ws.rs.core	UriBuilder	1	resolveTemplateFromEncoded	-	arg1	ret	taint	-
summary	jakarta.ws.rs.core	UriBuilder	1	resolveTemplates	-	recv	ret	value	-
summary	jakarta.ws.rs.core	UriBuilder	1	resolveTemplates	-	arg0	ret	taint	a
summary	jakarta.ws.rs.core	UriBuilder	1	resolveTemplatesFromEncoded	-	recv	ret	value	-
summary	jakarta.ws.rs.core	UriBuilder	1	resolveTemplatesFromEncoded	-	arg0	ret	taint	a
summary	jakarta.ws.rs.core	UriBuilder	1	scheme	-	recv	ret	value	-
summary	jakarta.ws.rs.core	UriBuilder	1	scheme	-	arg0	ret	taint	-
summary	jakarta.ws.rs.core	UriBuilder	1	schemeSpecificPart	-	recv	ret	value	-
summary	jakarta.ws.rs.core	UriBuilder	1	schemeSpecificPart	-	arg0	ret	taint	-
summary	jakarta.ws.rs.core	UriBuilder	1	segment	-	recv	ret	value	-
summary	jakarta.ws.rs.core	UriBuilder	1	segment	-	arg0	ret	taint	a
summary	jakarta.ws.rs.core	UriBuilder	1	toTemplate	-	recv	ret	taint	-
summary	jakarta.ws.rs.core	UriBuilder	1	uri	-	recv	ret	value	-
summary	jakarta.ws.rs.core	UriBuilder	1	uri	-	arg0	ret	taint	-
summary	jakarta.ws.rs.core	UriBuilder	1	userInfo	-	recv	ret	value	-
summary	jakarta.ws.rs.core	UriBuilder	1	userInfo	-	arg0	ret	taint	-
summary	jakarta.ws.rs.core	UriInfo	1	getAbsolutePath	-	recv	ret	taint	-
summary	jakarta.ws.rs.core	UriInfo	1	getAbsolutePathBuilder	-	recv	ret	taint	-
summary	jakarta.ws.rs.core	UriInfo	1	getPath	-	recv	ret	taint	-
summary	jakarta.ws.rs.core	UriInfo	1	getPathParameters	-	recv	ret	taint	-
summary	jakarta.ws.rs.core	UriInfo	1	getPathSegments	-	recv	ret	taint	-
summary	jakarta.ws.rs.core	UriInfo	1	getQueryParameters	-	recv	ret	taint	-
summary	jakarta.ws.rs.core	UriInfo	1	getRequestUri	-	recv	ret	taint	-
summary	jakarta.ws.rs.core	UriInfo	1	getRequestUriBuilder	-	recv	ret	taint	-
summary	jakarta.ws.rs.core	UriInfo	1	relativize	-	arg0	ret	taint	-
summary	jakarta.ws.rs.core	UriInfo	1	resolve	-	recv	ret	taint	-
summary	jakarta.ws.rs.core	UriInfo	1	resolve	-	arg0	ret	taint	-
summary	java.awt	Container	1	add	1	arg0	ret	value	-
summary	java.awt	Container	1	add	1	arg0	recv	value	a
summary	java.awt	Container	1	add	2	arg0	recv	value	a
summary	java.beans	XMLDecoder	0	XMLDecoder	-	arg0	recv	taint	-
summary	java.io	BufferedInputStream	0	BufferedInputStream	-	arg0	recv	taint	-
summary	java.io	BufferedReader	0	BufferedReader	-	arg0	recv	taint	-
summary	java.io	BufferedReader	1	readLine	-	recv	ret	taint	-
summary	java.io	ByteArrayInputStream	0	ByteArrayInputStream	-	arg0	recv	taint	-
summary	java.io	ByteArrayOutputStream	0	toByteArray	-	recv	ret	taint	-
summary	java.io	ByteArrayOutputStream	0	toString	-	recv	ret	taint	-
summary	java.io	ByteArrayOutputStream	0	writeTo	-	recv	arg0	taint	-
summary	java.io	CharArrayReader	0	CharArrayReader	-	arg0	recv	taint	-
summary	java.io	CharArrayWriter	1	toCharArray	-	recv	ret	taint	-
summary	java.io	CharArrayWriter	1	toString	0	recv	ret	taint	-
summary	java.io	DataInput	1	readFully	-	recv	arg0	taint	-
summary	java.io	DataInput	1	readLine	0	recv	ret	taint	-
summary	java.io	DataInput	1	readUTF	0	recv	ret	taint	-
summary	java.io	DataInputStream	0	DataInputStream	-	arg0	recv	taint	-
summary	java.io	File	0	File	-	arg0	recv	taint	-
summary	java.io	File	1	getAbsoluteFile	-	recv	ret	taint	-
summary	java.io	File	1	getAbsolutePath	-	recv	ret	taint	-
summary	java.io	File	1	getCanonicalFile	-	recv	ret	taint	-
summary	java.io	File	1	getCanonicalPath	-	recv	ret	taint	-
summary	java.io	File	1	getName	0	recv	ret	taint	-
summary	java.io	File	1	getParent	0	recv	ret	taint	-
summary	java.io	File	1	getParentFile	0	recv	ret	taint	-
summary	java.io	File	1	getPath	0	recv	ret	taint	-
summary	java.io	File	1	toPath	-	recv	ret	taint	-
summary	java.io	File	1	toString	-	recv	ret	taint	-
summary	java.io	File	1	toURI	-	recv	ret	taint	-
summary	java.io	File	1	toURL	0	recv	ret	taint	-
summary	java.io	FileReader	1	FileReader	1	arg0	recv	taint	-
summary	java.io	FileReader	1	FileReader	2	arg0	recv	taint	-
summary	java.io	FilterOutputStream	1	FilterOutputStream	1	arg0	recv	taint	-
summary	java.io	IOException	0	IOException	1	arg0	recv	value	a
summary	java.io	InputStream	1	read	0	recv	ret	taint	-
summary	java.io	InputStream	1	read	1	recv	arg0	taint	-
summary	java.io	InputStream	1	read	3	recv	arg0	taint	-
summary	java.io	InputStream	1	readAllBytes	-	recv	ret	taint	-
summary	java.io	InputStream	1	readNBytes	1	recv	ret	taint	-
summary	java.io	InputStream	1	readNBytes	3	recv	arg0	taint	-
summary	java.io	InputStream	1	transferTo	1	recv	arg0	taint	-
summary	java.io	InputStreamReader	0	InputStreamReader	-	arg0	recv	taint	-
summary	java.io	ObjectInput	1	read	-	recv	arg0	taint	-
summary	java.io	ObjectInputStream	0	ObjectInputStream	-	arg0	recv	taint	-
summary	java.io	OutputStream	1	write	1	arg0	recv	taint	-
summary	java.io	OutputStream	1	write	3	arg0	recv	taint	-
summary	java.io	Reader	1	read	-	recv	arg0	taint	-
summary	java.io	StringReader	0	StringReader	-	arg0	recv	taint	-
summary	java.io	StringWriter	0	toString	0	recv	ret	taint	-
summary	java.io	UncheckedIOException	0	UncheckedIOException	1	arg0	recv	value	a
summary	java.io	Writer	1	write	-	arg0	recv	taint	-
summary	java.lang	AbstractStringBuilder	1	AbstractStringBuilder	1	arg0	recv	taint	-
summary	java.lang	AbstractStringBuilder	1	append	-	recv	ret	value	-
summary	java.lang	AbstractStringBuilder	1	append	-	arg0	recv	taint	-
summary	java.lang	AbstractStringBuilder	1	delete	2	recv	ret	value	-
summary	java.lang	AbstractStringBuilder	1	getChars	-	recv	arg2	taint	-
summary	java.lang	AbstractStringBuilder	1	insert	-	recv	ret	value	-
summary	java.lang	AbstractStringBuilder	1	insert	-	arg1	recv	taint	-
summary	java.lang	AbstractStringBuilder	1	replace	-	recv	ret	value	-
summary	java.lang	AbstractStringBuilder	1	replace	-	arg2	recv	taint	-
summary	java.lang	AbstractStringBuilder	1	reverse	-	recv	ret	value	-
summary	java.lang	AbstractStringBuilder	1	substring	-	recv	ret	taint	-
summary	java.lang	Appendable	1	append	-	recv	ret	value	-
summary	java.lang	Appendable	1	append	-	arg0	recv	taint	-
summary	java.lang	AssertionError	0	AssertionError	1	arg0	recv	value	a
summary	java.lang	Carrier	0	call	1	recv	ret	taint	-
summary	java.lang	Carrier	0	run	1	recv	ret	taint	-
summary	java.lang	Carrier	0	where	2	arg0	ret	taint	-
summary	java.lang	Carrier	0	where	2	arg1	arg0	value	a
summary	java.lang	CharSequence	1	charAt	-	recv	ret	taint	-
summary	java.lang	CharSequence	1	subSequence	-	recv	ret	taint	-
summary	java.lang	CharSequence	1	toString	-	recv	ret	taint	-
summary	java.lang	Class	0	cast	1	arg0	ret	value	-
summary	java.lang	Exception	0	Exception	1	arg0	recv	taint	a
summary	java.lang	Exception	0	Exception	1	arg0	recv	value	a
summary	java.lang	Exception	0	Exception	2	arg0	recv	value	a
summary	java.lang	Exception	0	Exception	2	arg1	recv	value	a
summary	java.lang	IllegalArgumentException	0	IllegalArgumentException	1	arg0	recv	value	a
summary	java.lang	IllegalStateException	0	IllegalStateException	1	arg0	recv	value	a
summary	java.lang	IndexOutOfBoundsException	0	IndexOutOfBoundsException	1	arg0	recv	value	a
summary	java.lang	Iterable	1	iterator	0	recv	ret	value	a
summary	java.lang	Iterable	1	spliterator	0	recv	ret	value	a
summary	java.lang	NullPointerException	0	NullPointerException	1	arg0	recv	value	a
summary	java.lang	ProcessBuilder	0	environment	0	recv	ret	taint	-
summary	java.lang	RuntimeException	0	RuntimeException	1	arg0	recv	value	a
summary	java.lang	RuntimeException	0	RuntimeException	2	arg0	recv	value	a
summary	java.lang	RuntimeException	0	RuntimeException	2	arg1	recv	value	a
summary	java.lang	ScopedValue	0	where	2	arg0	ret	taint	-
summary	java.lang	ScopedValue	0	where	2	arg1	arg0	value	a
summary	java.lang	ScopedValue	1	get	0	recv	ret	value	a
summary	java.lang	String	0	String	-	arg0	recv	taint	-
summary	java.lang	String	0	concat	1	recv	ret	taint	-
summary	java.lang	String	0	concat	1	arg0	ret	taint	-
summary	java.lang	String	0	copyValueOf	-	arg0	ret	taint	-
summary	java.lang	String	0	format	2	arg0	ret	taint	-
summary	java.lang	String	0	format	2	arg1	ret	taint	a
summary	java.lang	String	0	format	3	arg1	ret	taint	-
summary	java.lang	String	0	format	3	arg2	ret	taint	a
summary	java.lang	String	0	formatted	1	recv	ret	taint	-
summary	java.lang	String	0	formatted	1	arg0	ret	taint	a
summary	java.lang	String	0	getBytes	-	recv	ret	taint	-
summary	java.lang	String	0	getBytes	-	recv	arg2	taint	-
summary	java.lang	String	0	getChars	-	recv	arg2	taint	-
summary	java.lang	String	0	indent	-	recv	ret	taint	-
summary	java.lang	String	0	intern	-	recv	ret	taint	-
summary	java.lang	String	0	join	-	arg0	ret	taint	-
summary	java.lang	String	0	join	-	arg1	ret	taint	-
summary	java.lang	String	0	lines	0	recv	ret	taint	a
summary	java.lang	String	0	repeat	1	recv	ret	taint	-
summary	java.lang	String	0	replace	-	recv	ret	taint	-
summary	java.lang	String	0	replace	-	arg1	ret	taint	-
summary	java.lang	String	0	replaceAll	-	recv	ret	taint	-
summary	java.lang	String	0	replaceAll	-	arg1	ret	taint	-
summary	java.lang	String	0	replaceFirst	-	recv	ret	taint	-
summary	java.lang	String	0	replaceFirst	-	arg1	ret	taint	-
summary	java.lang	String	0	split	-	recv	ret	taint	-
summary	java.lang	String	0	strip	-	recv	ret	taint	-
summary	java.lang	String	0	stripIndent	-	recv	ret	taint	-
summary	java.lang	String	0	stripLeading	-	recv	ret	taint	-
summary	java.lang	String	0	stripTrailing	-	recv	ret	taint	-
summary	java.lang	String	0	substring	-	recv	ret	taint	-
summary	java.lang	String	0	toCharArray	-	recv	ret	taint	-
summary	java.lang	String	0	toLowerCase	-	recv	ret	taint	-
summary	java.lang	String	0	toString	-	recv	ret	value	-
summary	java.lang	String	0	toUpperCase	-	recv	ret	taint	-
summary	java.lang	String	0	translateEscapes	-	recv	ret	taint	-
summary	java.lang	String	0	trim	-	recv	ret	taint	-
summary	java.lang	String	0	valueOf	1	arg0	ret	taint	-
summary	java.lang	String	0	valueOf	3	arg0	ret	taint	-
summary	java.lang	StringBuffer	1	StringBuffer	1	arg0	recv	taint	-
summary	java.lang	StringBuilder	1	StringBuilder	-	arg0	recv	taint	-
summary	java.lang	System	0	arraycopy	-	arg0	arg2	taint	-
summary	java.lang	Thread	0	Thread	1	arg0	recv	taint	-
summary	java.lang	Thread	0	Thread	1	arg0	recv	value	a
summary	java.lang	Thread	1	getName	0	recv	ret	value	a
summary	java.lang	ThreadLocal	1	get	0	recv	ret	value	a
summary	java.lang	ThreadLocal	1	set	1	arg0	recv	value	a
summary	java.lang	Throwable	0	Throwable	1	arg0	recv	taint	a
summary	java.lang	Throwable	0	Throwable	1	arg0	recv	value	a
summary	java.lang	Throwable	0	Throwable	2	arg0	recv	value	a
summary	java.lang	Throwable	0	Throwable	2	arg1	recv	value	a
summary	java.lang	Throwable	1	getCause	0	recv	ret	value	a
summary	java.lang	Throwable	1	getLocalizedMessage	0	recv	ret	value	a
summary	java.lang	Throwable	1	getMessage	0	recv	ret	value	a
summary	java.lang	Throwable	1	initCause	1	recv	ret	value	-
summary	java.lang	Throwable	1	initCause	1	arg0	ret	value	a
summary	java.lang	Throwable	1	initCause	1	arg0	recv	value	a
summary	java.lang	Throwable	1	toString	0	recv	ret	taint	a
summary	java.lang	UnsupportedOperationException	0	UnsupportedOperationException	1	arg0	recv	value	a
summary	java.lang.module	ModuleReader	1	find	1	arg0	ret	taint	-
summary	java.net	InetAddress	1	getAllByName	1	arg0	ret	taint	a
summary	java.net	InetAddress	1	getByAddress	1	arg0	ret	taint	-
summary	java.net	InetAddress	1	getByName	1	arg0	ret	taint	-
summary	java.net	InetSocketAddress	1	InetSocketAddress	2	arg0	recv	taint	-
summary	java.net	InetSocketAddress	1	InetSocketAddress	2	arg1	recv	taint	a
summary	java.net	InetSocketAddress	1	createUnresolved	2	arg0	ret	taint	-
summary	java.net	InetSocketAddress	1	getAddress	0	recv	ret	taint	-
summary	java.net	InetSocketAddress	1	getHostName	0	recv	ret	taint	-
summary	java.net	InetSocketAddress	1	getHostString	0	recv	ret	taint	-
summary	java.net	InetSocketAddress	1	getPort	0	recv	ret	taint	a
summary	java.net	URI	0	URI	1	arg0	recv	taint	-
summary	java.net	URI	0	URI	3	arg1	recv	taint	-
summary	java.net	URI	0	URI	7	arg5	recv	taint	a
summary	java.net	URI	0	create	-	arg0	ret	taint	-
summary	java.net	URI	0	getPath	0	recv	ret	taint	-
summary	java.net	URI	0	resolve	1	recv	ret	taint	-
summary	java.net	URI	0	resolve	1	arg0	ret	taint	-
summary	java.net	URI	0	toASCIIString	-	recv	ret	taint	-
summary	java.net	URI	0	toString	-	recv	ret	taint	-
summary	java.net	URI	0	toURL	-	recv	ret	taint	-
summary	java.net	URL	0	URL	1	arg0	recv	taint	-
summary	java.net	URL	0	URL	2	arg0	recv	taint	-
summary	java.net	URL	0	URL	2	arg1	recv	taint	-
summary	java.net	URL	0	URL	3	arg1	recv	taint	-
summary	java.net	URL	0	URL	3	arg2	recv	taint	a
summary	java.net	URL	0	URL	4	arg1	recv	taint	-
summary	java.net	URL	0	URL	4	arg3	recv	taint	a
summary	java.net	URL	0	URL	5	arg1	recv	taint	-
summary	java.net	URL	0	URL	5	arg3	recv	taint	a
summary	java.net	URL	0	getFile	0	recv	ret	taint	a
summary	java.net	URL	0	getPath	0	recv	ret	taint	a
summary	java.net	URL	0	getQuery	0	recv	ret	taint	a
summary	java.net	URL	0	toExternalForm	-	recv	ret	taint	-
summary	java.net	URL	0	toString	-	recv	ret	taint	-
summary	java.net	URL	0	toURI	-	recv	ret	taint	-
summary	java.net	URLDecoder	0	decode	-	arg0	ret	taint	-
summary	java.nio	ByteBuffer	0	array	0	recv	ret	taint	-
summary	java.nio	ByteBuffer	0	get	-	recv	ret	taint	-
summary	java.nio	ByteBuffer	1	put	1	recv	ret	value	-
summary	java.nio	ByteBuffer	1	put	1	arg0	recv	taint	-
summary	java.nio	ByteBuffer	1	put	3	recv	ret	value	-
summary	java.nio	ByteBuffer	1	put	3	arg0	recv	taint	-
summary	java.nio	ByteBuffer	1	wrap	1	arg0	ret	taint	-
summary	java.nio	ByteBuffer	1	wrap	3	arg0	ret	taint	-
summary	java.nio	CharBuffer	1	wrap	1	arg0	ret	taint	-
summary	java.nio	CharBuffer	1	wrap	3	arg0	ret	taint	-
summary	java.nio.channels	Channels	0	newChannel	1	arg0	ret	taint	-
summary	java.nio.channels	ReadableByteChannel	1	read	1	recv	arg0	taint	-
summary	java.nio.file	FileSystem	1	getPath	2	arg0	ret	taint	-
summary	java.nio.file	FileSystem	1	getPath	2	arg1	ret	taint	-
summary	java.nio.file	FileSystem	1	getPathMatcher	1	arg0	ret	taint	-
summary	java.nio.file	FileSystem	1	getRootDirectories	-	arg0	ret	taint	-
summary	java.nio.file	FileSystems	0	getFileSystem	1	arg0	ret	taint	-
summary	java.nio.file	Files	0	find	4	arg0	ret	taint	a
summary	java.nio.file	Files	0	find	4	arg2	ret	taint	a
summary	java.nio.file	Files	0	list	1	arg0	ret	taint	a
summary	java.nio.file	Files	0	readSymbolicLink	1	arg0	ret	taint	-
summary	java.nio.file	Files	1	newBufferedReader	1	arg0	ret	taint	-
summary	java.nio.file	Files	1	newBufferedReader	2	arg0	ret	taint	-
summary	java.nio.file	Files	1	newByteChannel	2	arg0	ret	taint	-
summary	java.nio.file	Files	1	newByteChannel	3	arg0	ret	taint	-
summary	java.nio.file	Files	1	newDirectoryStream	1	arg0	ret	taint	-
summary	java.nio.file	Files	1	newDirectoryStream	2	arg0	ret	taint	-
summary	java.nio.file	Files	1	walk	2	arg0	ret	taint	-
summary	java.nio.file	Path	0	toFile	-	recv	ret	taint	-
summary	java.nio.file	Path	1	getFileName	-	recv	ret	taint	-
summary	java.nio.file	Path	1	getParent	-	recv	ret	taint	-
summary	java.nio.file	Path	1	normalize	-	recv	ret	taint	-
summary	java.nio.file	Path	1	of	1	arg0	ret	taint	-
summary	java.nio.file	Path	1	of	2	arg0	ret	taint	-
summary	java.nio.file	Path	1	of	2	arg1	ret	taint	-
summary	java.nio.file	Path	1	relativize	1	arg0	ret	taint	-
summary	java.nio.file	Path	1	resolve	-	recv	ret	taint	-
summary	java.nio.file	Path	1	resolve	-	arg0	ret	taint	-
summary	java.nio.file	Path	1	resolveSibling	-	recv	ret	taint	-
summary	java.nio.file	Path	1	resolveSibling	-	arg0	ret	taint	-
summary	java.nio.file	Path	1	toAbsolutePath	-	recv	ret	taint	-
summary	java.nio.file	Path	1	toString	-	recv	ret	taint	-
summary	java.nio.file	Path	1	toUri	-	recv	ret	taint	-
summary	java.nio.file	Paths	1	get	-	arg0	ret	taint	-
summary	java.nio.file	Paths	1	get	-	arg1	ret	taint	a
summary	java.security	CodeSource	0	CodeSource	2	arg0	recv	taint	-
summary	java.security	CodeSource	0	CodeSource	2	arg1	recv	value	a
summary	java.security	CodeSource	0	getCertificates	0	recv	ret	value	a
summary	java.security	CodeSource	0	getCodeSigners	0	recv	ret	value	a
summary	java.security	CodeSource	0	getLocation	0	recv	ret	taint	-
summary	java.security	Permission	1	Permission	1	arg0	recv	taint	-
summary	java.security	Permission	1	getName	0	recv	ret	taint	-
summary	java.security.cert	X509Certificate	1	getIssuerX500Principal	0	recv	ret	taint	-
summary	java.security.cert	X509Certificate	1	getSubjectX500Principal	0	recv	ret	taint	-
summary	java.sql	Connection	1	nativeSQL	1	arg0	ret	taint	-
summary	java.sql	ResultSet	1	getString	1	recv	ret	taint	-
summary	java.util	ArrayDeque	0	ArrayDeque	1	arg0	recv	value	a
summary	java.util	ArrayList	0	ArrayList	1	arg0	recv	value	a
summary	java.util	Arrays	0	asList	-	arg0	ret	value	a
summary	java.util	Arrays	0	copyOf	-	arg0	ret	value	a
summary	java.util	Arrays	0	copyOfRange	-	arg0	ret	value	a
summary	java.util	Arrays	0	fill	2	arg1	arg0	value	a
summary	java.util	Arrays	0	fill	4	arg3	arg0	value	a
summary	java.util	Arrays	0	spliterator	-	arg0	ret	value	a
summary	java.util	Arrays	0	stream	-	arg0	ret	value	a
summary	java.util	Collection	1	add	-	arg0	recv	value	a
summary	java.util	Collection	1	addAll	-	arg0	recv	value	a
summary	java.util	Collection	1	parallelStream	0	recv	ret	value	a
summary	java.util	Collection	1	stream	0	recv	ret	value	a
summary	java.util	Collection	1	toArray	-	recv	ret	value	a
summary	java.util	Collection	1	toArray	-	recv	arg0	value	a
summary	java.util	Collections	0	addAll	2	arg1	arg0	value	a
summary	java.util	Collections	0	asLifoQueue	1	arg0	ret	value	a
summary	java.util	Collections	0	checkedCollection	2	arg0	ret	value	a
summary	java.util	Collections	0	checkedList	2	arg0	ret	value	a
summary	java.util	Collections	0	checkedMap	3	arg0	ret	value	a
summary	java.util	Collections	0	checkedNavigableMap	3	arg0	ret	value	a
summary	java.util	Collections	0	checkedNavigableSet	2	arg0	ret	value	a
summary	java.util	Collections	0	checkedQueue	2	arg0	ret	value	a
summary	java.util	Collections	0	checkedSet	2	arg0	ret	value	a
summary	java.util	Collections	0	checkedSortedMap	3	arg0	ret	value	a
summary	java.util	Collections	0	checkedSortedSet	2	arg0	ret	value	a
summary	java.util	Collections	0	copy	2	arg1	arg0	value	a
summary	java.util	Collections	0	enumeration	1	arg0	ret	value	a
summary	java.util	Collections	0	fill	2	arg1	arg0	value	a
summary	java.util	Collections	0	list	1	arg0	ret	value	a
summary	java.util	Collections	0	max	-	arg0	ret	value	a
summary	java.util	Collections	0	min	-	arg0	ret	value	a
summary	java.util	Collections	0	nCopies	2	arg1	ret	value	a
summary	java.util	Collections	0	replaceAll	3	arg2	arg0	value	a
summary	java.util	Collections	0	singleton	1	arg0	ret	value	a
summary	java.util	Collections	0	singletonList	1	arg0	ret	value	a
summary	java.util	Collections	0	singletonMap	2	arg0	ret	value	a
summary	java.util	Collections	0	singletonMap	2	arg1	ret	value	a
summary	java.util	Collections	0	synchronizedCollection	1	arg0	ret	value	a
summary	java.util	Collections	0	synchronizedList	1	arg0	ret	value	a
summary	java.util	Collections	0	synchronizedMap	1	arg0	ret	value	a
summary	java.util	Collections	0	synchronizedNavigableMap	1	arg0	ret	value	a
summary	java.util	Collections	0	synchronizedNavigableSet	1	arg0	ret	value	a
summary	java.util	Collections	0	synchronizedSet	1	arg0	ret	value	a
summary	java.util	Collections	0	synchronizedSortedMap	1	arg0	ret	value	a
summary	java.util	Collections	0	synchronizedSortedSet	1	arg0	ret	value	a
summary	java.util	Collections	0	unmodifiableCollection	1	arg0	ret	value	a
summary	java.util	Collections	0	unmodifiableList	1	arg0	ret	value	a
summary	java.util	Collections	0	unmodifiableMap	1	arg0	ret	value	a
summary	java.util	Collections	0	unmodifiableNavigableMap	1	arg0	ret	value	a
summary	java.util	Collections	0	unmodifiableNavigableSet	1	arg0	ret	value	a
summary	java.util	Collections	0	unmodifiableSequencedCollection	-	arg0	ret	value	a
summary	java.util	Collections	0	unmodifiableSequencedMap	-	arg0	ret	value	a
summary	java.util	Collections	0	unmodifiableSequencedSet	-	arg0	ret	value	a
summary	java.util	Collections	0	unmodifiableSet	1	arg0	ret	value	a
summary	java.util	Collections	0	unmodifiableSortedMap	1	arg0	ret	value	a
summary	java.util	Collections	0	unmodifiableSortedSet	1	arg0	ret	value	a
summary	java.util	ConcurrentHashMap	0	ConcurrentHashMap	1	arg0	recv	value	a
summary	java.util	Decoder	0	decode	1	arg0	ret	taint	-
summary	java.util	Decoder	0	wrap	1	arg0	ret	taint	-
summary	java.util	Deque	1	addFirst	1	arg0	recv	value	a
summary	java.util	Deque	1	addLast	1	arg0	recv	value	a
summary	java.util	Deque	1	descendingIterator	0	recv	ret	value	a
summary	java.util	Deque	1	getFirst	0	recv	ret	value	a
summary	java.util	Deque	1	getLast	0	recv	ret	value	a
summary	java.util	Deque	1	offerFirst	1	arg0	recv	value	a
summary	java.util	Deque	1	offerLast	1	arg0	recv	value	a
summary	java.util	Deque	1	peekFirst	0	recv	ret	value	a
summary	java.util	Deque	1	peekLast	0	recv	ret	value	a
summary	java.util	Deque	1	pollFirst	0	recv	ret	value	a
summary	java.util	Deque	1	pollLast	0	recv	ret	value	a
summary	java.util	Deque	1	pop	0	recv	ret	value	a
summary	java.util	Deque	1	push	1	arg0	recv	value	a
summary	java.util	Deque	1	removeFirst	0	recv	ret	value	a
summary	java.util	Deque	1	removeLast	0	recv	ret	value	a
summary	java.util	Dictionary	1	elements	0	recv	ret	value	a
summary	java.util	Dictionary	1	get	1	recv	ret	value	a
summary	java.util	Dictionary	1	keys	0	recv	ret	value	a
summary	java.util	Dictionary	1	put	2	recv	ret	value	a
summary	java.util	Dictionary	1	put	2	arg0	recv	value	a
summary	java.util	Dictionary	1	put	2	arg1	recv	value	a
summary	java.util	Dictionary	1	remove	1	recv	ret	value	a
summary	java.util	Encoder	0	encode	1	arg0	ret	taint	-
summary	java.util	Encoder	0	encodeToString	1	arg0	ret	taint	-
summary	java.util	Encoder	0	wrap	1	arg0	ret	taint	-
summary	java.util	Entry	1	copyOf	1	arg0	ret	value	a
summary	java.util	Entry	1	getKey	-	recv	ret	value	a
summary	java.util	Entry	1	getValue	-	recv	ret	value	a
summary	java.util	Entry	1	setValue	-	recv	ret	value	a
summary	java.util	Entry	1	setValue	-	arg0	recv	value	a
summary	java.util	EnumMap	0	EnumMap	1	arg0	recv	value	a
summary	java.util	Enumeration	1	asIterator	-	recv	ret	value	a
summary	java.util	Enumeration	1	nextElement	-	recv	ret	value	a
summary	java.util	EventObject	0	EventObject	1	arg0	recv	value	a
summary	java.util	EventObject	1	getSource	0	recv	ret	value	a
summary	java.util	HashMap	0	HashMap	1	arg0	recv	value	a
summary	java.util	HashSet	0	HashSet	1	arg0	recv	value	a
summary	java.util	Hashtable	0	Hashtable	1	arg0	recv	value	a
summary	java.util	IdentityHashMap	0	IdentityHashMap	1	arg0	recv	value	a
summary	java.util	Iterator	1	next	-	recv	ret	value	a
summary	java.util	LinkedHashMap	0	LinkedHashMap	1	arg0	recv	value	a
summary	java.util	LinkedHashSet	0	LinkedHashSet	1	arg0	recv	value	a
summary	java.util	LinkedList	0	LinkedList	1	arg0	recv	value	a
summary	java.util	List	0	copyOf	1	arg0	ret	value	a
summary	java.util	List	0	of	1	arg0	ret	value	a
summary	java.util	List	0	of	2	arg0	ret	value	a
summary	java.util	List	0	of	2	arg1	ret	value	a
summary	java.util	List	0	of	3	arg0	ret	value	a
summary	java.util	List	0	of	3	arg1	ret	value	a
summary	java.util	List	0	of	3	arg2	ret	value	a
summary	java.util	List	0	of	4	arg0	ret	value	a
summary	java.util	List	0	of	4	arg1	ret	value	a
summary	java.util	List	0	of	4	arg2	ret	value	a
summary	java.util	List	0	of	4	arg3	ret	value	a
summary	java.util	List	0	of	5	arg0	ret	value	a
summary	java.util	List	0	of	5	arg1	ret	value	a
summary	java.util	List	0	of	5	arg2	ret	value	a
summary	java.util	List	0	of	5	arg3	ret	value	a
summary	java.util	List	0	of	5	arg4	ret	value	a
summary	java.util	List	0	of	6	arg0	ret	value	a
summary	java.util	List	0	of	6	arg1	ret	value	a
summary	java.util	List	0	of	6	arg2	ret	value	a
summary	java.util	List	0	of	6	arg3	ret	value	a
summary	java.util	List	0	of	6	arg4	ret	value	a
summary	java.util	List	0	of	6	arg5	ret	value	a
summary	java.util	List	0	of	7	arg0	ret	value	a
summary	java.util	List	0	of	7	arg1	ret	value	a
summary	java.util	List	0	of	7	arg2	ret	value	a
summary	java.util	List	0	of	7	arg3	ret	value	a
summary	java.util	List	0	of	7	arg4	ret	value	a
summary	java.util	List	0	of	7	arg5	ret	value	a
summary	java.util	List	0	of	7	arg6	ret	value	a
summary	java.util	List	0	of	8	arg0	ret	value	a
summary	java.util	List	0	of	8	arg1	ret	value	a
summary	java.util	List	0	of	8	arg2	ret	value	a
summary	java.util	List	0	of	8	arg3	ret	value	a
summary	java.util	List	0	of	8	arg4	ret	value	a
summary	java.util	List	0	of	8	arg5	ret	value	a
summary	java.util	List	0	of	8	arg6	ret	value	a
summary	java.util	List	0	of	8	arg7	ret	value	a
summary	java.util	List	0	of	9	arg0	ret	value	a
summary	java.util	List	0	of	9	arg1	ret	value	a
summary	java.util	List	0	of	9	arg2	ret	value	a
summary	java.util	List	0	of	9	arg3	ret	value	a
summary	java.util	List	0	of	9	arg4	ret	value	a
summary	java.util	List	0	of	9	arg5	ret	value	a
summary	java.util	List	0	of	9	arg6	ret	value	a
summary	java.util	List	0	of	9	arg7	ret	value	a
summary	java.util	List	0	of	9	arg8	ret	value	a
summary	java.util	List	0	of	10	arg0	ret	value	a
summary	java.util	List	0	of	10	arg1	ret	value	a
summary	java.util	List	0	of	10	arg2	ret	value	a
summary	java.util	List	0	of	10	arg3	ret	value	a
summary	java.util	List	0	of	10	arg4	ret	value	a
summary	java.util	List	0	of	10	arg5	ret	value	a
summary	java.util	List	0	of	10	arg6	ret	value	a
summary	java.util	List	0	of	10	arg7	ret	value	a
summary	java.util	List	0	of	10	arg8	ret	value	a
summary	java.util	List	0	of	10	arg9	ret	value	a
summary	java.util	List	1	add	2	arg1	recv	value	a
summary	java.util	List	1	addAll	2	arg1	recv	value	a
summary	java.util	List	1	get	1	recv	ret	value	a
summary	java.util	List	1	listIterator	-	recv	ret	value	a
summary	java.util	List	1	remove	1	recv	ret	value	a
summary	java.util	List	1	set	2	recv	ret	value	a
summary	java.util	List	1	set	2	arg1	recv	value	a
summary	java.util	List	1	subList	-	recv	ret	value	a
summary	java.util	ListIterator	1	add	1	arg0	recv	value	a
summary	java.util	ListIterator	1	previous	-	recv	ret	value	a
summary	java.util	ListIterator	1	set	1	arg0	recv	value	a
summary	java.util	Map	0	copyOf	1	arg0	ret	value	a
summary	java.util	Map	0	entry	2	arg0	ret	value	a
summary	java.util	Map	0	entry	2	arg1	ret	value	a
summary	java.util	Map	0	of	-	arg0	ret	value	a
summary	java.util	Map	0	of	-	arg1	ret	value	a
summary	java.util	Map	0	of	-	arg2	ret	value	a
summary	java.util	Map	0	of	-	arg3	ret	value	a
summary	java.util	Map	0	of	-	arg4	ret	value	a
summary	java.util	Map	0	of	-	arg5	ret	value	a
summary	java.util	Map	0	of	-	arg6	ret	value	a
summary	java.util	Map	0	of	-	arg7	ret	value	a
summary	java.util	Map	0	of	-	arg8	ret	value	a
summary	java.util	Map	0	of	-	arg9	ret	value	a
summary	java.util	Map	0	of	-	arg10	ret	value	a
summary	java.util	Map	0	of	-	arg11	ret	value	a
summary	java.util	Map	0	of	-	arg12	ret	value	a
summary	java.util	Map	0	of	-	arg13	ret	value	a
summary	java.util	Map	0	of	-	arg14	ret	value	a
summary	java.util	Map	0	of	-	arg15	ret	value	a
summary	java.util	Map	0	of	-	arg16	ret	value	a
summary	java.util	Map	0	of	-	arg17	ret	value	a
summary	java.util	Map	0	of	-	arg18	ret	value	a
summary	java.util	Map	0	of	-	arg19	ret	value	a
summary	java.util	Map	0	ofEntries	-	arg0	ret	value	a
summary	java.util	Map	1	computeIfAbsent	-	recv	ret	value	a
summary	java.util	Map	1	entrySet	-	recv	ret	value	a
summary	java.util	Map	1	get	-	recv	ret	value	a
summary	java.util	Map	1	getOrDefault	-	recv	ret	value	a
summary	java.util	Map	1	getOrDefault	-	arg1	ret	value	-
summary	java.util	Map	1	keySet	0	recv	ret	value	a
summary	java.util	Map	1	merge	3	arg1	recv	value	a
summary	java.util	Map	1	put	2	recv	ret	value	a
summary	java.util	Map	1	put	2	arg0	recv	value	a
summary	java.util	Map	1	put	2	arg1	recv	value	a
summary	java.util	Map	1	putAll	1	arg0	recv	value	a
summary	java.util	Map	1	putIfAbsent	-	recv	ret	value	a
summary	java.util	Map	1	putIfAbsent	-	arg0	recv	value	a
summary	java.util	Map	1	putIfAbsent	-	arg1	recv	value	a
summary	java.util	Map	1	remove	1	recv	ret	value	a
summary	java.util	Map	1	replace	2	recv	ret	value	a
summary	java.util	Map	1	replace	2	arg0	recv	value	a
summary	java.util	Map	1	replace	2	arg1	recv	value	a
summary	java.util	Map	1	replace	3	arg0	recv	value	a
summary	java.util	Map	1	replace	3	arg2	recv	value	a
summary	java.util	Map	1	values	0	recv	ret	value	a
summary	java.util	NavigableMap	1	ceilingEntry	1	recv	ret	value	a
summary	java.util	NavigableMap	1	descendingMap	0	recv	ret	value	a
summary	java.util	NavigableMap	1	firstEntry	0	recv	ret	value	a
summary	java.util	NavigableMap	1	floorEntry	1	recv	ret	value	a
summary	java.util	NavigableMap	1	headMap	2	recv	ret	value	a
summary	java.util	NavigableMap	1	higherEntry	1	recv	ret	value	a
summary	java.util	NavigableMap	1	lastEntry	0	recv	ret	value	a
summary	java.util	NavigableMap	1	lowerEntry	1	recv	ret	value	a
summary	java.util	NavigableMap	1	pollFirstEntry	0	recv	ret	value	a
summary	java.util	NavigableMap	1	pollLastEntry	0	recv	ret	value	a
summary	java.util	NavigableMap	1	subMap	4	recv	ret	value	a
summary	java.util	NavigableMap	1	tailMap	2	recv	ret	value	a
summary	java.util	NavigableSet	1	ceiling	1	recv	ret	value	a
summary	java.util	NavigableSet	1	descendingIterator	0	recv	ret	value	a
summary	java.util	NavigableSet	1	descendingSet	0	recv	ret	value	a
summary	java.util	NavigableSet	1	floor	1	recv	ret	value	a
summary	java.util	NavigableSet	1	headSet	2	recv	ret	value	a
summary	java.util	NavigableSet	1	higher	1	recv	ret	value	a
summary	java.util	NavigableSet	1	lower	1	recv	ret	value	a
summary	java.util	NavigableSet	1	pollFirst	0	recv	ret	value	a
summary	java.util	NavigableSet	1	pollLast	0	recv	ret	value	a
summary	java.util	NavigableSet	1	subSet	4	recv	ret	value	a
summary	java.util	NavigableSet	1	tailSet	2	recv	ret	value	a
summary	java.util	Objects	0	requireNonNull	-	arg0	ret	value	-
summary	java.util	Objects	0	requireNonNullElse	-	arg0	ret	value	-
summary	java.util	Objects	0	requireNonNullElse	-	arg1	ret	value	-
summary	java.util	Objects	0	requireNonNullElseGet	-	arg0	ret	value	-
summary	java.util	Objects	0	toString	-	arg1	ret	value	-
summary	java.util	Optional	0	filter	-	recv	ret	value	a
summary	java.util	Optional	0	get	-	recv	ret	value	a
summary	java.util	Optional	0	of	-	arg0	ret	value	a
summary	java.util	Optional	0	ofNullable	-	arg0	ret	value	a
summary	java.util	Optional	0	or	-	recv	ret	value	a
summary	java.util	Optional	0	orElse	-	recv	ret	value	a
summary	java.util	Optional	0	orElse	-	arg0	ret	value	-
summary	java.util	Optional	0	orElseGet	-	recv	ret	value	a
summary	java.util	Optional	0	orElseThrow	-	recv	ret	value	a
summary	java.util	Optional	0	stream	-	recv	ret	value	a
summary	java.util	PriorityQueue	0	PriorityQueue	1	arg0	recv	value	a
summary	java.util	Properties	1	getProperty	1	recv	ret	value	a
summary	java.util	Properties	1	getProperty	2	recv	ret	value	a
summary	java.util	Properties	1	getProperty	2	arg1	ret	value	-
summary	java.util	Properties	1	setProperty	2	recv	ret	value	a
summary	java.util	Properties	1	setProperty	2	arg0	recv	value	a
summary	java.util	Properties	1	setProperty	2	arg1	recv	value	a
summary	java.util	Queue	1	element	0	recv	ret	value	a
summary	java.util	Queue	1	offer	1	arg0	recv	value	a
summary	java.util	Queue	1	peek	0	recv	ret	value	a
summary	java.util	Queue	1	poll	0	recv	ret	value	a
summary	java.util	Queue	1	remove	0	recv	ret	value	a
summary	java.util	ResourceBundle	1	getString	1	recv	ret	value	a
summary	java.util	Scanner	1	Scanner	-	arg0	recv	taint	-
summary	java.util	Scanner	1	findAll	1	recv	ret	taint	a
summary	java.util	Scanner	1	findInLine	-	recv	ret	taint	-
summary	java.util	Scanner	1	findWithinHorizon	-	recv	ret	taint	-
summary	java.util	Scanner	1	match	0	recv	ret	taint	-
summary	java.util	Scanner	1	next	-	recv	ret	taint	-
summary	java.util	Scanner	1	nextBigDecimal	-	recv	ret	taint	-
summary	java.util	Scanner	1	nextBigInteger	-	recv	ret	taint	-
summary	java.util	Scanner	1	nextBoolean	-	recv	ret	taint	-
summary	java.util	Scanner	1	nextByte	-	recv	ret	taint	-
summary	java.util	Scanner	1	nextDouble	-	recv	ret	taint	-
summary	java.util	Scanner	1	nextFloat	-	recv	ret	taint	-
summary	java.util	Scanner	1	nextInt	-	recv	ret	taint	-
summary	java.util	Scanner	1	nextLine	-	recv	ret	taint	-
summary	java.util	Scanner	1	nextLong	-	recv	ret	taint	-
summary	java.util	Scanner	1	nextShort	-	recv	ret	taint	-
summary	java.util	Scanner	1	reset	-	recv	ret	value	-
summary	java.util	Scanner	1	skip	-	recv	ret	value	-
summary	java.util	Scanner	1	useDelimiter	-	recv	ret	value	-
summary	java.util	Scanner	1	useLocale	-	recv	ret	value	-
summary	java.util	Scanner	1	useRadix	-	recv	ret	value	-
summary	java.util	SequencedCollection	1	addFirst	-	arg0	recv	value	a
summary	java.util	SequencedCollection	1	addLast	-	arg0	recv	value	a
summary	java.util	SequencedCollection	1	getFirst	-	recv	ret	value	a
summary	java.util	SequencedCollection	1	getLast	-	recv	ret	value	a
summary	java.util	SequencedCollection	1	removeFirst	-	recv	ret	value	a
summary	java.util	SequencedCollection	1	removeLast	-	recv	ret	value	a
summary	java.util	SequencedCollection	1	reversed	-	recv	ret	value	a
summary	java.util	SequencedMap	1	firstEntry	-	recv	ret	value	a
summary	java.util	SequencedMap	1	lastEntry	-	recv	ret	value	a
summary	java.util	SequencedMap	1	pollFirstEntry	-	recv	ret	value	a
summary	java.util	SequencedMap	1	pollLastEntry	-	recv	ret	value	a
summary	java.util	SequencedMap	1	putFirst	-	recv	ret	value	a
summary	java.util	SequencedMap	1	putFirst	-	arg0	recv	value	a
summary	java.util	SequencedMap	1	putFirst	-	arg1	recv	value	a
summary	java.util	SequencedMap	1	putLast	-	recv	ret	value	a
summary	java.util	SequencedMap	1	putLast	-	arg0	recv	value	a
summary	java.util	SequencedMap	1	putLast	-	arg1	recv	value	a
summary	java.util	SequencedMap	1	reversed	-	recv	ret	value	a
summary	java.util	SequencedMap	1	sequencedEntrySet	-	recv	ret	value	a
summary	java.util	SequencedMap	1	sequencedKeySet	-	recv	ret	value	a
summary	java.util	SequencedMap	1	sequencedValues	-	recv	ret	value	a
summary	java.util	SequencedSet	1	reversed	-	recv	ret	value	a
summary	java.util	Set	0	copyOf	1	arg0	ret	value	a
summary	java.util	Set	0	of	1	arg0	ret	value	a
summary	java.util	Set	0	of	2	arg0	ret	value	a
summary	java.util	Set	0	of	2	arg1	ret	value	a
summary	java.util	Set	0	of	3	arg0	ret	value	a
summary	java.util	Set	0	of	3	arg1	ret	value	a
summary	java.util	Set	0	of	3	arg2	ret	value	a
summary	java.util	Set	0	of	4	arg0	ret	value	a
summary	java.util	Set	0	of	4	arg1	ret	value	a
summary	java.util	Set	0	of	4	arg2	ret	value	a
summary	java.util	Set	0	of	4	arg3	ret	value	a
summary	java.util	Set	0	of	5	arg0	ret	value	a
summary	java.util	Set	0	of	5	arg1	ret	value	a
summary	java.util	Set	0	of	5	arg2	ret	value	a
summary	java.util	Set	0	of	5	arg3	ret	value	a
summary	java.util	Set	0	of	5	arg4	ret	value	a
summary	java.util	Set	0	of	6	arg0	ret	value	a
summary	java.util	Set	0	of	6	arg1	ret	value	a
summary	java.util	Set	0	of	6	arg2	ret	value	a
summary	java.util	Set	0	of	6	arg3	ret	value	a
summary	java.util	Set	0	of	6	arg4	ret	value	a
summary	java.util	Set	0	of	6	arg5	ret	value	a
summary	java.util	Set	0	of	7	arg0	ret	value	a
summary	java.util	Set	0	of	7	arg1	ret	value	a
summary	java.util	Set	0	of	7	arg2	ret	value	a
summary	java.util	Set	0	of	7	arg3	ret	value	a
summary	java.util	Set	0	of	7	arg4	ret	value	a
summary	java.util	Set	0	of	7	arg5	ret	value	a
summary	java.util	Set	0	of	7	arg6	ret	value	a
summary	java.util	Set	0	of	8	arg0	ret	value	a
summary	java.util	Set	0	of	8	arg1	ret	value	a
summary	java.util	Set	0	of	8	arg2	ret	value	a
summary	java.util	Set	0	of	8	arg3	ret	value	a
summary	java.util	Set	0	of	8	arg4	ret	value	a
summary	java.util	Set	0	of	8	arg5	ret	value	a
summary	java.util	Set	0	of	8	arg6	ret	value	a
summary	java.util	Set	0	of	8	arg7	ret	value	a
summary	java.util	Set	0	of	9	arg0	ret	value	a
summary	java.util	Set	0	of	9	arg1	ret	value	a
summary	java.util	Set	0	of	9	arg2	ret	value	a
summary	java.util	Set	0	of	9	arg3	ret	value	a
summary	java.util	Set	0	of	9	arg4	ret	value	a
summary	java.util	Set	0	of	9	arg5	ret	value	a
summary	java.util	Set	0	of	9	arg6	ret	value	a
summary	java.util	Set	0	of	9	arg7	ret	value	a
summary	java.util	Set	0	of	9	arg8	ret	value	a
summary	java.util	Set	0	of	10	arg0	ret	value	a
summary	java.util	Set	0	of	10	arg1	ret	value	a
summary	java.util	Set	0	of	10	arg2	ret	value	a
summary	java.util	Set	0	of	10	arg3	ret	value	a
summary	java.util	Set	0	of	10	arg4	ret	value	a
summary	java.util	Set	0	of	10	arg5	ret	value	a
summary	java.util	Set	0	of	10	arg6	ret	value	a
summary	java.util	Set	0	of	10	arg7	ret	value	a
summary	java.util	Set	0	of	10	arg8	ret	value	a
summary	java.util	Set	0	of	10	arg9	ret	value	a
summary	java.util	SimpleEntry	0	SimpleEntry	1	arg0	recv	value	a
summary	java.util	SimpleEntry	0	SimpleEntry	2	arg0	recv	value	a
summary	java.util	SimpleEntry	0	SimpleEntry	2	arg1	recv	value	a
summary	java.util	SimpleImmutableEntry	0	SimpleImmutableEntry	1	arg0	recv	value	a
summary	java.util	SimpleImmutableEntry	0	SimpleImmutableEntry	2	arg0	recv	value	a
summary	java.util	SimpleImmutableEntry	0	SimpleImmutableEntry	2	arg1	recv	value	a
summary	java.util	SortedMap	1	headMap	1	recv	ret	value	a
summary	java.util	SortedMap	1	subMap	2	recv	ret	value	a
summary	java.util	SortedMap	1	tailMap	1	recv	ret	value	a
summary	java.util	SortedSet	1	first	0	recv	ret	value	a
summary	java.util	SortedSet	1	headSet	1	recv	ret	value	a
summary	java.util	SortedSet	1	last	0	recv	ret	value	a
summary	java.util	SortedSet	1	subSet	2	recv	ret	value	a
summary	java.util	SortedSet	1	tailSet	1	recv	ret	value	a
summary	java.util	Stack	1	peek	0	recv	ret	value	a
summary	java.util	Stack	1	pop	0	recv	ret	value	a
summary	java.util	Stack	1	push	1	arg0	recv	value	a
summary	java.util	StringJoiner	0	StringJoiner	-	arg0	recv	taint	-
summary	java.util	StringJoiner	0	StringJoiner	-	arg1	recv	taint	-
summary	java.util	StringJoiner	0	StringJoiner	-	arg2	recv	taint	-
summary	java.util	StringJoiner	0	add	1	recv	ret	value	-
summary	java.util	StringJoiner	0	add	1	arg0	recv	taint	-
summary	java.util	StringJoiner	0	merge	-	recv	ret	value	-
summary	java.util	StringJoiner	0	merge	-	arg0	recv	taint	-
summary	java.util	StringJoiner	0	setEmptyValue	-	recv	ret	value	-
summary	java.util	StringJoiner	0	setEmptyValue	-	arg0	recv	taint	-
summary	java.util	StringJoiner	0	toString	-	recv	ret	taint	-
summary	java.util	StringTokenizer	0	StringTokenizer	-	arg0	recv	taint	-
summary	java.util	StringTokenizer	0	nextElement	0	recv	ret	taint	-
summary	java.util	StringTokenizer	0	nextElement	0	recv	ret	value	a
summary	java.util	StringTokenizer	0	nextToken	-	recv	ret	taint	-
summary	java.util	TreeMap	0	TreeMap	1	arg0	recv	value	a
summary	java.util	TreeSet	0	TreeSet	1	arg0	recv	value	a
summary	java.util	Vector	0	Vector	1	arg0	recv	value	a
summary	java.util	Vector	1	addElement	1	arg0	recv	value	a
summary	java.util	Vector	1	copyInto	1	recv	arg0	value	a
summary	java.util	Vector	1	elementAt	1	recv	ret	value	a
summary	java.util	Vector	1	elements	0	recv	ret	value	a
summary	java.util	Vector	1	firstElement	0	recv	ret	value	a
summary	java.util	Vector	1	insertElementAt	2	arg0	recv	value	a
summary	java.util	Vector	1	lastElement	0	recv	ret	value	a
summary	java.util	Vector	1	setElementAt	2	arg0	recv	value	a
summary	java.util	WeakHashMap	0	WeakHashMap	1	arg0	recv	value	a
summary	java.util.concurrent	BlockingDeque	1	offerFirst	3	arg0	recv	value	a
summary	java.util.concurrent	BlockingDeque	1	offerLast	3	arg0	recv	value	a
summary	java.util.concurrent	BlockingDeque	1	pollFirst	2	recv	ret	value	a
summary	java.util.concurrent	BlockingDeque	1	pollLast	2	recv	ret	value	a
summary	java.util.concurrent	BlockingDeque	1	putFirst	1	arg0	recv	value	a
summary	java.util.concurrent	BlockingDeque	1	putLast	1	arg0	recv	value	a
summary	java.util.concurrent	BlockingDeque	1	takeFirst	0	recv	ret	value	a
summary	java.util.concurrent	BlockingDeque	1	takeLast	0	recv	ret	value	a
summary	java.util.concurrent	BlockingQueue	1	drainTo	1	recv	arg0	value	a
summary	java.util.concurrent	BlockingQueue	1	drainTo	2	recv	arg0	value	a
summary	java.util.concurrent	BlockingQueue	1	offer	3	arg0	recv	value	a
summary	java.util.concurrent	BlockingQueue	1	poll	2	recv	ret	value	a
summary	java.util.concurrent	BlockingQueue	1	put	1	arg0	recv	value	a
summary	java.util.concurrent	BlockingQueue	1	take	0	recv	ret	value	a
summary	java.util.concurrent	CompletableFuture	0	complete	1	arg0	recv	value	a
summary	java.util.concurrent	CompletableFuture	0	completedFuture	1	arg0	ret	value	a
summary	java.util.concurrent	CompletableFuture	0	join	0	recv	ret	value	a
summary	java.util.concurrent	CompletionStage	0	toCompletableFuture	0	recv	ret	taint	-
summary	java.util.concurrent	ConcurrentHashMap	1	elements	0	recv	ret	value	a
summary	java.util.concurrent	ExecutorService	1	submit	1	arg0	ret	taint	-
summary	java.util.concurrent	Future	1	get	0	recv	ret	value	a
summary	java.util.concurrent	TransferQueue	1	transfer	1	arg0	recv	value	a
summary	java.util.concurrent	TransferQueue	1	tryTransfer	1	arg0	recv	value	a
summary	java.util.concurrent	TransferQueue	1	tryTransfer	3	arg0	recv	value	a
summary	java.util.concurrent.atomic	AtomicReference	0	AtomicReference	1	arg0	recv	value	a
summary	java.util.concurrent.atomic	AtomicReference	0	get	0	recv	ret	value	a
summary	java.util.concurrent.atomic	AtomicReference	0	set	1	arg0	recv	value	a
summary	java.util.logging	LogRecord	0	LogRecord	-	arg1	recv	taint	-
summary	java.util.logging	LogRecord	1	getMessage	0	recv	ret	taint	-
summary	java.util.logging	LogRecord	1	getParameters	0	recv	ret	value	a
summary	java.util.logging	LogRecord	1	setParameters	1	arg0	recv	value	a
summary	java.util.logging	Logger	0	getLogger	1	arg0	ret	value	a
summary	java.util.logging	Logger	0	getName	0	recv	ret	value	a
summary	java.util.regex	Matcher	0	group	-	recv	ret	taint	-
summary	java.util.regex	Matcher	0	replaceAll	-	recv	ret	taint	-
summary	java.util.regex	Matcher	0	replaceAll	-	arg0	ret	taint	-
summary	java.util.regex	Matcher	0	replaceFirst	-	recv	ret	taint	-
summary	java.util.regex	Matcher	0	replaceFirst	-	arg0	ret	taint	-
summary	java.util.regex	Pattern	0	compile	1	arg0	ret	taint	-
summary	java.util.regex	Pattern	0	matcher	-	arg0	ret	taint	-
summary	java.util.regex	Pattern	0	quote	-	arg0	ret	taint	-
summary	java.util.regex	Pattern	0	split	-	arg0	ret	taint	-
summary	java.util.stream	BaseStream	1	iterator	0	recv	ret	value	a
summary	java.util.stream	BaseStream	1	onClose	1	recv	ret	value	a
summary	java.util.stream	BaseStream	1	parallel	0	recv	ret	value	a
summary	java.util.stream	BaseStream	1	sequential	0	recv	ret	value	a
summary	java.util.stream	BaseStream	1	spliterator	0	recv	ret	value	a
summary	java.util.stream	BaseStream	1	unordered	0	recv	ret	value	a
summary	java.util.stream	Stream	1	concat	2	arg0	ret	value	a
summary	java.util.stream	Stream	1	concat	2	arg1	ret	value	a
summary	java.util.stream	Stream	1	distinct	0	recv	ret	value	a
summary	java.util.stream	Stream	1	dropWhile	1	recv	ret	value	a
summary	java.util.stream	Stream	1	filter	1	recv	ret	value	a
summary	java.util.stream	Stream	1	findAny	0	recv	ret	value	a
summary	java.util.stream	Stream	1	findFirst	0	recv	ret	value	a
summary	java.util.stream	Stream	1	iterate	2	arg0	ret	value	a
summary	java.util.stream	Stream	1	iterate	3	arg0	ret	value	a
summary	java.util.stream	Stream	1	limit	1	recv	ret	value	a
summary	java.util.stream	Stream	1	max	1	recv	ret	value	a
summary	java.util.stream	Stream	1	min	1	recv	ret	value	a
summary	java.util.stream	Stream	1	of	1	arg0	ret	value	a
summary	java.util.stream	Stream	1	ofNullable	1	arg0	ret	value	a
summary	java.util.stream	Stream	1	peek	1	recv	ret	value	a
summary	java.util.stream	Stream	1	reduce	1	recv	ret	value	a
summary	java.util.stream	Stream	1	reduce	2	arg0	ret	value	-
summary	java.util.stream	Stream	1	reduce	3	arg0	ret	value	-
summary	java.util.stream	Stream	1	skip	1	recv	ret	value	a
summary	java.util.stream	Stream	1	sorted	-	recv	ret	value	a
summary	java.util.stream	Stream	1	takeWhile	1	recv	ret	value	a
summary	java.util.stream	Stream	1	toArray	-	recv	ret	value	a
summary	java.util.stream	Stream	1	toList	0	recv	ret	value	a
summary	java.util.zip	GZIPInputStream	0	GZIPInputStream	-	arg0	recv	taint	-
summary	java.util.zip	ZipEntry	1	ZipEntry	1	arg0	recv	taint	-
summary	java.util.zip	ZipFile	1	ZipFile	1	arg0	recv	taint	-
summary	java.util.zip	ZipFile	1	ZipFile	2	arg0	recv	taint	-
summary	java.util.zip	ZipFile	1	ZipFile	3	arg0	recv	taint	-
summary	java.util.zip	ZipFile	1	entries	0	recv	ret	taint	-
summary	java.util.zip	ZipFile	1	getComment	0	recv	ret	taint	-
summary	java.util.zip	ZipFile	1	getEntry	1	recv	ret	taint	-
summary	java.util.zip	ZipFile	1	getEntry	1	arg0	ret	taint	-
summary	java.util.zip	ZipFile	1	getInputStream	1	recv	ret	taint	-
summary	java.util.zip	ZipFile	1	getInputStream	1	arg0	ret	taint	-
summary	java.util.zip	ZipFile	1	getName	0	recv	ret	taint	-
summary	java.util.zip	ZipFile	1	stream	0	recv	ret	taint	-
summary	java.util.zip	ZipInputStream	0	ZipInputStream	-	arg0	recv	taint	-
summary	javax.activation	DataHandler	1	getContent	0	recv	ret	taint	-
summary	javax.activation	DataHandler	1	getDataSource	0	recv	ret	taint	-
summary	javax.activation	DataHandler	1	getInputStream	0	recv	ret	taint	-
summary	javax.activation	DataHandler	1	getName	0	recv	ret	taint	-
summary	javax.activation	DataHandler	1	writeTo	1	recv	arg0	taint	-
summary	javax.activation	DataSource	1	getInputStream	0	recv	ret	taint	-
summary	javax.activation	DataSource	1	getName	0	recv	ret	taint	-
summary	javax.crypto	KDF	0	getInstance	1	arg0	ret	value	a
summary	javax.crypto	KDF	0	getInstance	2	arg0	ret	value	a
summary	javax.crypto	KDF	0	getInstance	3	arg0	ret	value	a
summary	javax.crypto	KDF	1	deriveData	1	arg0	ret	taint	-
summary	javax.crypto	KDF	1	deriveKey	2	arg1	ret	taint	-
summary	javax.crypto	KDF	1	getAlgorithm	0	recv	ret	value	a
summary	javax.crypto	KDF	1	getProvider	0	recv	ret	taint	-
summary	javax.crypto	SecretKey	1	getEncoded	0	recv	ret	taint	-
summary	javax.crypto.spec	Builder	1	addIKM	1	recv	ret	value	-
summary	javax.crypto.spec	Builder	1	addIKM	1	arg0	recv	taint	-
summary	javax.crypto.spec	Builder	1	addSalt	1	recv	ret	value	-
summary	javax.crypto.spec	Builder	1	addSalt	1	arg0	recv	taint	-
summary	javax.crypto.spec	Builder	1	thenExpand	2	recv	ret	taint	-
summary	javax.crypto.spec	Builder	1	thenExpand	2	arg0	ret	taint	-
summary	javax.crypto.spec	Builder	1	thenExpand	2	arg0	recv	taint	-
summary	javax.crypto.spec	GCMParameterSpec	1	GCMParameterSpec	-	arg1	recv	taint	-
summary	javax.crypto.spec	HKDFParameterSpec	0	expandOnly	3	arg0	ret	taint	-
summary	javax.crypto.spec	HKDFParameterSpec	0	expandOnly	3	arg1	ret	taint	-
summary	javax.crypto.spec	IvParameterSpec	1	IvParameterSpec	-	arg0	recv	taint	-
summary	javax.crypto.spec	RC2ParameterSpec	1	RC2ParameterSpec	-	arg1	recv	taint	-
summary	javax.crypto.spec	RC5ParameterSpec	1	RC5ParameterSpec	-	arg3	recv	taint	-
summary	javax.crypto.spec	SecretKeySpec	0	SecretKeySpec	2	arg0	recv	taint	-
summary	javax.crypto.spec	SecretKeySpec	0	SecretKeySpec	4	arg0	recv	taint	-
summary	javax.imageio.stream	FileCacheImageInputStream	1	FileCacheImageInputStream	2	arg0	recv	taint	a
summary	javax.jms	BytesMessage	1	readBoolean	0	recv	ret	taint	-
summary	javax.jms	BytesMessage	1	readByte	0	recv	ret	taint	-
summary	javax.jms	BytesMessage	1	readBytes	-	recv	arg0	taint	-
summary	javax.jms	BytesMessage	1	readChar	0	recv	ret	taint	-
summary	javax.jms	BytesMessage	1	readDouble	0	recv	ret	taint	-
summary	javax.jms	BytesMessage	1	readFloat	0	recv	ret	taint	-
summary	javax.jms	BytesMessage	1	readInt	0	recv	ret	taint	-
summary	javax.jms	BytesMessage	1	readLong	0	recv	ret	taint	-
summary	javax.jms	BytesMessage	1	readShort	0	recv	ret	taint	-
summary	javax.jms	BytesMessage	1	readUTF	0	recv	ret	taint	-
summary	javax.jms	BytesMessage	1	readUnsignedByte	0	recv	ret	taint	-
summary	javax.jms	BytesMessage	1	readUnsignedShort	0	recv	ret	taint	-
summary	javax.jms	MapMessage	1	getBoolean	1	recv	ret	taint	-
summary	javax.jms	MapMessage	1	getByte	1	recv	ret	taint	-
summary	javax.jms	MapMessage	1	getBytes	1	recv	ret	taint	-
summary	javax.jms	MapMessage	1	getChar	1	recv	ret	taint	-
summary	javax.jms	MapMessage	1	getDouble	1	recv	ret	taint	-
summary	javax.jms	MapMessage	1	getFloat	1	recv	ret	taint	-
summary	javax.jms	MapMessage	1	getInt	1	recv	ret	taint	-
summary	javax.jms	MapMessage	1	getLong	1	recv	ret	taint	-
summary	javax.jms	MapMessage	1	getMapNames	0	recv	ret	taint	-
summary	javax.jms	MapMessage	1	getObject	1	recv	ret	taint	-
summary	javax.jms	MapMessage	1	getShort	1	recv	ret	taint	-
summary	javax.jms	MapMessage	1	getString	1	recv	ret	taint	-
summary	javax.jms	Message	1	getBody	0	recv	ret	taint	-
summary	javax.jms	Message	1	getBooleanProperty	0	recv	ret	taint	-
summary	javax.jms	Message	1	getByteProperty	0	recv	ret	taint	-
summary	javax.jms	Message	1	getDoubleProperty	0	recv	ret	taint	-
summary	javax.jms	Message	1	getFloatProperty	0	recv	ret	taint	-
summary	javax.jms	Message	1	getIntProperty	0	recv	ret	taint	-
summary	javax.jms	Message	1	getJMSCorrelationID	0	recv	ret	taint	-
summary	javax.jms	Message	1	getJMSCorrelationIDAsBytes	0	recv	ret	taint	-
summary	javax.jms	Message	1	getJMSDestination	0	recv	ret	taint	-
summary	javax.jms	Message	1	getJMSReplyTo	0	recv	ret	taint	-
summary	javax.jms	Message	1	getJMSType	0	recv	ret	taint	-
summary	javax.jms	Message	1	getLongProperty	0	recv	ret	taint	-
summary	javax.jms	Message	1	getObjectProperty	0	recv	ret	taint	-
summary	javax.jms	Message	1	getPropertyNames	0	recv	ret	taint	-
summary	javax.jms	Message	1	getShortProperty	0	recv	ret	taint	-
summary	javax.jms	Message	1	getStringProperty	0	recv	ret	taint	-
summary	javax.jms	ObjectMessage	1	getObject	0	recv	ret	taint	-
summary	javax.jms	Queue	1	getQueueName	0	recv	ret	taint	-
summary	javax.jms	Queue	1	toString	0	recv	ret	taint	-
summary	javax.jms	StreamMessage	1	readBoolean	0	recv	ret	taint	-
summary	javax.jms	StreamMessage	1	readByte	0	recv	ret	taint	-
summary	javax.jms	StreamMessage	1	readBytes	1	recv	arg0	taint	-
summary	javax.jms	StreamMessage	1	readChar	0	recv	ret	taint	-
summary	javax.jms	StreamMessage	1	readDouble	0	recv	ret	taint	-
summary	javax.jms	StreamMessage	1	readFloat	0	recv	ret	taint	-
summary	javax.jms	StreamMessage	1	readInt	0	recv	ret	taint	-
summary	javax.jms	StreamMessage	1	readLong	0	recv	ret	taint	-
summary	javax.jms	StreamMessage	1	readObject	0	recv	ret	taint	-
summary	javax.jms	StreamMessage	1	readShort	0	recv	ret	taint	-
summary	javax.jms	StreamMessage	1	readString	0	recv	ret	taint	-
summary	javax.jms	TextMessage	1	getText	0	recv	ret	taint	-
summary	javax.jms	Topic	1	getTopicName	0	recv	ret	taint	-
summary	javax.jms	Topic	1	toString	0	recv	ret	taint	-
summary	javax.json	Json	0	createArrayBuilder	1	arg0	ret	taint	-
summary	javax.json	Json	0	createArrayBuilder	1	arg0	ret	taint	a
summary	javax.json	Json	0	createDiff	-	arg0	ret	taint	-
summary	javax.json	Json	0	createDiff	-	arg1	ret	taint	-
summary	javax.json	Json	0	createMergeDiff	-	arg0	ret	taint	-
summary	javax.json	Json	0	createMergeDiff	-	arg1	ret	taint	-
summary	javax.json	Json	0	createMergePatch	-	arg0	ret	taint	-
summary	javax.json	Json	0	createObjectBuilder	1	arg0	ret	taint	-
summary	javax.json	Json	0	createObjectBuilder	1	arg0	ret	taint	a
summary	javax.json	Json	0	createPatch	-	arg0	ret	taint	-
summary	javax.json	Json	0	createPatchBuilder	-	arg0	ret	taint	-
summary	javax.json	Json	0	createPointer	-	arg0	ret	taint	-
summary	javax.json	Json	0	createReader	-	arg0	ret	taint	-
summary	javax.json	Json	0	createValue	-	arg0	ret	taint	-
summary	javax.json	Json	0	createWriter	-	arg0	ret	taint	-
summary	javax.json	Json	0	decodePointer	-	arg0	ret	taint	-
summary	javax.json	Json	0	encodePointer	-	arg0	ret	taint	-
summary	javax.json	JsonArray	0	getBoolean	-	recv	ret	taint	-
summary	javax.json	JsonArray	0	getBoolean	-	arg1	ret	value	-
summary	javax.json	JsonArray	0	getInt	-	recv	ret	taint	-
summary	javax.json	JsonArray	0	getInt	-	arg1	ret	value	-
summary	javax.json	JsonArray	0	getJsonArray	-	recv	ret	taint	-
summary	javax.json	JsonArray	0	getJsonNumber	-	recv	ret	taint	-
summary	javax.json	JsonArray	0	getJsonObject	-	recv	ret	taint	-
summary	javax.json	JsonArray	0	getJsonString	-	recv	ret	taint	-
summary	javax.json	JsonArray	0	getString	-	recv	ret	taint	-
summary	javax.json	JsonArray	0	getString	-	arg1	ret	value	-
summary	javax.json	JsonArray	0	getValuesAs	-	recv	ret	taint	-
summary	javax.json	JsonArrayBuilder	0	add	-	recv	ret	value	-
summary	javax.json	JsonArrayBuilder	0	add	1	arg0	recv	taint	-
summary	javax.json	JsonArrayBuilder	0	add	2	arg1	recv	taint	-
summary	javax.json	JsonArrayBuilder	0	addAll	-	recv	ret	value	-
summary	javax.json	JsonArrayBuilder	0	addAll	-	arg0	recv	taint	-
summary	javax.json	JsonArrayBuilder	0	addNull	-	recv	ret	value	-
summary	javax.json	JsonArrayBuilder	0	build	-	recv	ret	taint	-
summary	javax.json	JsonArrayBuilder	0	remove	-	recv	ret	value	-
summary	javax.json	JsonArrayBuilder	0	set	-	recv	ret	value	-
summary	javax.json	JsonArrayBuilder	0	set	-	arg1	recv	taint	-
summary	javax.json	JsonArrayBuilder	0	setNull	-	recv	ret	value	-
summary	javax.json	JsonMergePatch	0	apply	-	recv	ret	taint	-
summary	javax.json	JsonMergePatch	0	apply	-	arg0	ret	taint	-
summary	javax.json	JsonMergePatch	0	toJsonValue	-	recv	ret	taint	-
summary	javax.json	JsonNumber	0	bigDecimalValue	-	recv	ret	taint	-
summary	javax.json	JsonNumber	0	bigIntegerValue	-	recv	ret	taint	-
summary	javax.json	JsonNumber	0	bigIntegerValueExact	-	recv	ret	taint	-
summary	javax.json	JsonNumber	0	doubleValue	-	recv	ret	taint	-
summary	javax.json	JsonNumber	0	intValue	-	recv	ret	taint	-
summary	javax.json	JsonNumber	0	intValueExact	-	recv	ret	taint	-
summary	javax.json	JsonNumber	0	longValue	-	recv	ret	taint	-
summary	javax.json	JsonNumber	0	longValueExact	-	recv	ret	taint	-
summary	javax.json	JsonNumber	0	numberValue	-	recv	ret	taint	-
summary	javax.json	JsonObject	0	getBoolean	-	recv	ret	taint	-
summary	javax.json	JsonObject	0	getBoolean	-	arg1	ret	value	-
summary	javax.json	JsonObject	0	getInt	-	recv	ret	taint	-
summary	javax.json	JsonObject	0	getInt	-	arg1	ret	value	-
summary	javax.json	JsonObject	0	getJsonArray	-	recv	ret	taint	-
summary	javax.json	JsonObject	0	getJsonNumber	-	recv	ret	taint	-
summary	javax.json	JsonObject	0	getJsonObject	-	recv	ret	taint	-
summary	javax.json	JsonObject	0	getJsonString	-	recv	ret	taint	-
summary	javax.json	JsonObject	0	getString	-	recv	ret	taint	-
summary	javax.json	JsonObject	0	getString	-	arg1	ret	value	-
summary	javax.json	JsonObjectBuilder	0	add	-	recv	ret	value	-
summary	javax.json	JsonObjectBuilder	0	add	-	arg1	recv	taint	-
summary	javax.json	JsonObjectBuilder	0	addAll	-	recv	ret	value	-
summary	javax.json	JsonObjectBuilder	0	addAll	-	arg0	ret	value	-
summary	javax.json	JsonObjectBuilder	0	addNull	-	recv	ret	value	-
summary	javax.json	JsonObjectBuilder	0	build	-	recv	ret	taint	-
summary	javax.json	JsonObjectBuilder	0	remove	-	recv	ret	value	-
summary	javax.json	JsonPatch	0	apply	-	recv	ret	taint	-
summary	javax.json	JsonPatch	0	apply	-	arg0	ret	taint	-
summary	javax.json	JsonPatch	0	toJsonArray	-	recv	ret	taint	-
summary	javax.json	JsonPatchBuilder	0	add	-	recv	ret	value	-
summary	javax.json	JsonPatchBuilder	0	add	-	arg0	ret	taint	-
summary	javax.json	JsonPatchBuilder	0	add	-	arg1	ret	taint	-
summary	javax.json	JsonPatchBuilder	0	build	-	recv	ret	taint	-
summary	javax.json	JsonPatchBuilder	0	copy	-	recv	ret	value	-
summary	javax.json	JsonPatchBuilder	0	copy	-	arg0	ret	taint	-
summary	javax.json	JsonPatchBuilder	0	copy	-	arg1	ret	taint	-
summary	javax.json	JsonPatchBuilder	0	move	-	recv	ret	value	-
summary	javax.json	JsonPatchBuilder	0	move	-	arg0	ret	taint	-
summary	javax.json	JsonPatchBuilder	0	move	-	arg1	ret	taint	-
summary	javax.json	JsonPatchBuilder	0	remove	-	recv	ret	value	-
summary	javax.json	JsonPatchBuilder	0	remove	-	arg0	ret	taint	-
summary	javax.json	JsonPatchBuilder	0	replace	-	recv	ret	value	-
summary	javax.json	JsonPatchBuilder	0	replace	-	arg0	ret	taint	-
summary	javax.json	JsonPatchBuilder	0	replace	-	arg1	ret	taint	-
summary	javax.json	JsonPatchBuilder	0	test	-	recv	ret	value	-
summary	javax.json	JsonPatchBuilder	0	test	-	arg0	ret	taint	-
summary	javax.json	JsonPatchBuilder	0	test	-	arg1	ret	taint	-
summary	javax.json	JsonPointer	0	add	-	recv	ret	taint	-
summary	javax.json	JsonPointer	0	add	-	arg0	ret	taint	-
summary	javax.json	JsonPointer	0	add	-	arg1	ret	taint	-
summary	javax.json	JsonPointer	0	getValue	-	arg0	ret	taint	-
summary	javax.json	JsonPointer	0	remove	-	arg0	ret	taint	-
summary	javax.json	JsonPointer	0	replace	-	arg0	ret	taint	-
summary	javax.json	JsonPointer	0	replace	-	arg1	ret	taint	-
summary	javax.json	JsonPointer	0	toString	-	recv	ret	taint	-
summary	javax.json	JsonReader	0	read	-	recv	ret	taint	-
summary	javax.json	JsonReader	0	readArray	-	recv	ret	taint	-
summary	javax.json	JsonReader	0	readObject	-	recv	ret	taint	-
summary	javax.json	JsonReader	0	readValue	-	recv	ret	taint	-
summary	javax.json	JsonReaderFactory	0	createReader	-	arg0	ret	taint	-
summary	javax.json	JsonString	0	getChars	-	recv	ret	taint	-
summary	javax.json	JsonString	0	getString	-	recv	ret	taint	-
summary	javax.json	JsonStructure	1	getValue	-	recv	ret	taint	-
summary	javax.json	JsonValue	1	asJsonArray	-	recv	ret	taint	-
summary	javax.json	JsonValue	1	asJsonObject	-	recv	ret	taint	-
summary	javax.json	JsonValue	1	toString	-	recv	ret	taint	-
summary	javax.json	JsonWriter	0	write	-	arg0	recv	taint	-
summary	javax.json	JsonWriter	0	writeArray	-	arg0	recv	taint	-
summary	javax.json	JsonWriter	0	writeObject	-	arg0	recv	taint	-
summary	javax.json	JsonWriterFactory	0	createWriter	-	recv	arg0	taint	-
summary	javax.json.stream	JsonParserFactory	0	createParser	-	arg0	ret	taint	-
summary	javax.management	Notification	1	Notification	4	arg3	recv	taint	-
summary	javax.management	Notification	1	Notification	5	arg4	recv	taint	-
summary	javax.management	Notification	1	getMessage	0	recv	ret	taint	-
summary	javax.management	ObjectName	1	ObjectName	1	arg0	recv	taint	-
summary	javax.naming	StringRefAddr	1	StringRefAddr	2	arg1	recv	taint	-
summary	javax.naming.directory	BasicAttributes	1	BasicAttributes	2	arg0	recv	taint	-
summary	javax.naming.directory	BasicAttributes	1	BasicAttributes	2	arg1	recv	taint	-
summary	javax.naming.directory	BasicAttributes	1	BasicAttributes	3	arg0	recv	taint	-
summary	javax.naming.directory	BasicAttributes	1	BasicAttributes	3	arg1	recv	taint	-
summary	javax.naming.directory	BasicAttributes	1	clone	0	recv	ret	taint	-
summary	javax.naming.directory	BasicAttributes	1	get	1	recv	ret	taint	-
summary	javax.naming.directory	BasicAttributes	1	put	1	recv	ret	taint	-
summary	javax.naming.directory	BasicAttributes	1	put	1	arg0	recv	taint	-
summary	javax.naming.directory	BasicAttributes	1	put	1	arg1	recv	taint	-
summary	javax.naming.directory	BasicAttributes	1	put	2	recv	ret	taint	-
summary	javax.naming.directory	BasicAttributes	1	put	2	arg0	recv	taint	-
summary	javax.naming.directory	BasicAttributes	1	put	2	arg1	recv	taint	-
summary	javax.servlet	ServletRequest	0	getRealPath	1	arg0	ret	taint	-
summary	javax.servlet.http	Cookie	0	Cookie	-	arg0	recv	taint	-
summary	javax.servlet.http	Cookie	0	Cookie	-	arg1	recv	taint	-
summary	javax.ws.rs.core	AbstractMultivaluedMap	0	AbstractMultivaluedMap	-	arg0	recv	value	a
summary	javax.ws.rs.core	Cookie	0	Cookie	-	arg0	recv	taint	-
summary	javax.ws.rs.core	Cookie	0	Cookie	-	arg1	recv	taint	-
summary	javax.ws.rs.core	Cookie	0	Cookie	-	arg2	recv	taint	-
summary	javax.ws.rs.core	Cookie	0	Cookie	-	arg3	recv	taint	-
summary	javax.ws.rs.core	Cookie	0	Cookie	-	arg4	recv	taint	-
summary	javax.ws.rs.core	Cookie	0	valueOf	-	arg0	ret	taint	-
summary	javax.ws.rs.core	Cookie	1	getDomain	-	recv	ret	taint	-
summary	javax.ws.rs.core	Cookie	1	getName	-	recv	ret	taint	-
summary	javax.ws.rs.core	Cookie	1	getPath	-	recv	ret	taint	-
summary	javax.ws.rs.core	Cookie	1	getValue	-	recv	ret	taint	-
summary	javax.ws.rs.core	Cookie	1	getVersion	-	recv	ret	taint	-
summary	javax.ws.rs.core	Cookie	1	toString	-	recv	ret	taint	-
summary	javax.ws.rs.core	Form	0	Form	-	arg0	recv	taint	-
summary	javax.ws.rs.core	Form	0	Form	-	arg0	recv	taint	a
summary	javax.ws.rs.core	Form	0	Form	-	arg1	recv	taint	-
summary	javax.ws.rs.core	Form	1	asMap	-	recv	ret	taint	-
summary	javax.ws.rs.core	Form	1	param	-	recv	ret	value	-
summary	javax.ws.rs.core	Form	1	param	-	arg0	recv	taint	-
summary	javax.ws.rs.core	Form	1	param	-	arg1	recv	taint	-
summary	javax.ws.rs.core	GenericEntity	0	GenericEntity	-	arg0	recv	taint	-
summary	javax.ws.rs.core	GenericEntity	1	getEntity	-	recv	ret	taint	-
summary	javax.ws.rs.core	HttpHeaders	1	getAcceptableLanguages	-	recv	ret	taint	-
summary	javax.ws.rs.core	HttpHeaders	1	getAcceptableMediaTypes	-	recv	ret	taint	-
summary	javax.ws.rs.core	HttpHeaders	1	getCookies	-	recv	ret	taint	-
summary	javax.ws.rs.core	HttpHeaders	1	getHeaderString	-	recv	ret	taint	-
summary	javax.ws.rs.core	HttpHeaders	1	getLanguage	-	recv	ret	taint	-
summary	javax.ws.rs.core	HttpHeaders	1	getMediaType	-	recv	ret	taint	-
summary	javax.ws.rs.core	HttpHeaders	1	getRequestHeader	-	recv	ret	taint	-
summary	javax.ws.rs.core	HttpHeaders	1	getRequestHeaders	-	recv	ret	taint	-
summary	javax.ws.rs.core	MediaType	0	MediaType	-	arg0	recv	taint	-
summary	javax.ws.rs.core	MediaType	0	MediaType	-	arg1	recv	taint	-
summary	javax.ws.rs.core	MediaType	0	MediaType	-	arg2	recv	taint	-
summary	javax.ws.rs.core	MediaType	0	valueOf	-	arg0	ret	taint	-
summary	javax.ws.rs.core	MediaType	1	getParameters	-	recv	ret	taint	-
summary	javax.ws.rs.core	MediaType	1	getSubtype	-	recv	ret	taint	-
summary	javax.ws.rs.core	MediaType	1	getType	-	recv	ret	taint	-
summary	javax.ws.rs.core	MediaType	1	withCharset	-	recv	ret	taint	-
summary	javax.ws.rs.core	MultivaluedHashMap	0	MultivaluedHashMap	1	arg0	recv	value	a
summary	javax.ws.rs.core	MultivaluedMap	1	add	-	arg0	recv	value	a
summary	javax.ws.rs.core	MultivaluedMap	1	add	-	arg1	recv	value	a
summary	javax.ws.rs.core	MultivaluedMap	1	addAll	-	arg0	recv	value	a
summary	javax.ws.rs.core	MultivaluedMap	1	addAll	2	arg1	recv	value	a
summary	javax.ws.rs.core	MultivaluedMap	1	addFirst	-	arg0	recv	value	a
summary	javax.ws.rs.core	MultivaluedMap	1	addFirst	-	arg1	recv	value	a
summary	javax.ws.rs.core	MultivaluedMap	1	getFirst	-	recv	ret	value	a
summary	javax.ws.rs.core	MultivaluedMap	1	putSingle	-	arg0	recv	value	a
summary	javax.ws.rs.core	MultivaluedMap	1	putSingle	-	arg1	recv	value	a
summary	javax.ws.rs.core	NewCookie	0	NewCookie	-	arg0	recv	taint	-
summary	javax.ws.rs.core	NewCookie	0	NewCookie	-	arg1	recv	taint	-
summary	javax.ws.rs.core	NewCookie	0	NewCookie	-	arg2	recv	taint	-
summary	javax.ws.rs.core	NewCookie	0	NewCookie	-	arg3	recv	taint	-
summary	javax.ws.rs.core	NewCookie	0	NewCookie	-	arg4	recv	taint	-
summary	javax.ws.rs.core	NewCookie	0	NewCookie	-	arg5	recv	taint	-
summary	javax.ws.rs.core	NewCookie	0	NewCookie	-	arg6	recv	taint	-
summary	javax.ws.rs.core	NewCookie	0	NewCookie	-	arg7	recv	taint	-
summary	javax.ws.rs.core	NewCookie	0	NewCookie	-	arg8	recv	taint	-
summary	javax.ws.rs.core	NewCookie	0	NewCookie	-	arg9	recv	taint	-
summary	javax.ws.rs.core	NewCookie	0	valueOf	-	arg0	ret	taint	-
summary	javax.ws.rs.core	NewCookie	1	getComment	-	recv	ret	taint	-
summary	javax.ws.rs.core	NewCookie	1	getExpiry	-	recv	ret	taint	-
summary	javax.ws.rs.core	NewCookie	1	getMaxAge	-	recv	ret	taint	-
summary	javax.ws.rs.core	NewCookie	1	toCookie	-	recv	ret	taint	-
summary	javax.ws.rs.core	PathSegment	1	getMatrixParameters	-	recv	ret	taint	-
summary	javax.ws.rs.core	PathSegment	1	getPath	-	recv	ret	taint	-
summary	javax.ws.rs.core	Response	0	accepted	-	arg0	ret	taint	-
summary	javax.ws.rs.core	Response	0	fromResponse	-	arg0	ret	taint	-
summary	javax.ws.rs.core	Response	0	ok	-	arg0	ret	taint	-
summary	javax.ws.rs.core	ResponseBuilder	1	allow	-	recv	ret	value	-
summary	javax.ws.rs.core	ResponseBuilder	1	build	-	recv	ret	taint	-
summary	javax.ws.rs.core	ResponseBuilder	1	cacheControl	-	recv	ret	value	-
summary	javax.ws.rs.core	ResponseBuilder	1	clone	-	recv	ret	taint	-
summary	javax.ws.rs.core	ResponseBuilder	1	contentLocation	-	recv	ret	value	-
summary	javax.ws.rs.core	ResponseBuilder	1	cookie	-	recv	ret	value	-
summary	javax.ws.rs.core	ResponseBuilder	1	encoding	-	recv	ret	value	-
summary	javax.ws.rs.core	ResponseBuilder	1	entity	-	recv	ret	value	-
summary	javax.ws.rs.core	ResponseBuilder	1	entity	-	arg0	recv	taint	-
summary	javax.ws.rs.core	ResponseBuilder	1	expires	-	recv	ret	value	-
summary	javax.ws.rs.core	ResponseBuilder	1	header	-	recv	ret	value	-
summary	javax.ws.rs.core	ResponseBuilder	1	language	-	recv	ret	value	-
summary	javax.ws.rs.core	ResponseBuilder	1	lastModified	-	recv	ret	value	-
summary	javax.ws.rs.core	ResponseBuilder	1	link	-	recv	ret	value	-
summary	javax.ws.rs.core	ResponseBuilder	1	links	-	recv	ret	value	-
summary	javax.ws.rs.core	ResponseBuilder	1	location	-	recv	ret	value	-
summary	javax.ws.rs.core	ResponseBuilder	1	replaceAll	-	recv	ret	value	-
summary	javax.ws.rs.core	ResponseBuilder	1	status	-	recv	ret	value	-
summary	javax.ws.rs.core	ResponseBuilder	1	tag	-	recv	ret	value	-
summary	javax.ws.rs.core	ResponseBuilder	1	type	-	recv	ret	value	-
summary	javax.ws.rs.core	ResponseBuilder	1	variant	-	recv	ret	value	-
summary	javax.ws.rs.core	ResponseBuilder	1	variants	-	recv	ret	value	-
summary	javax.ws.rs.core	UriBuilder	0	fromLink	-	arg0	ret	taint	-
summary	javax.ws.rs.core	UriBuilder	0	fromPath	-	arg0	ret	taint	-
summary	javax.ws.rs.core	UriBuilder	0	fromUri	-	arg0	ret	taint	-
summary	javax.ws.rs.core	UriBuilder	1	build	-	recv	ret	taint	-
summary	javax.ws.rs.core	UriBuilder	1	build	-	arg0	ret	taint	a
summary	javax.ws.rs.core	UriBuilder	1	buildFromEncoded	-	recv	ret	taint	-
summary	javax.ws.rs.core	UriBuilder	1	buildFromEncoded	-	arg0	ret	taint	a
summary	javax.ws.rs.core	UriBuilder	1	buildFromEncodedMap	-	recv	ret	taint	-
summary	javax.ws.rs.core	UriBuilder	1	buildFromEncodedMap	-	arg0	ret	taint	a
summary	javax.ws.rs.core	UriBuilder	1	buildFromMap	-	recv	ret	taint	-
summary	javax.ws.rs.core	UriBuilder	1	buildFromMap	-	arg0	ret	taint	a
summary	javax.ws.rs.core	UriBuilder	1	clone	-	recv	ret	taint	-
summary	javax.ws.rs.core	UriBuilder	1	fragment	-	recv	ret	value	-
summary	javax.ws.rs.core	UriBuilder	1	fragment	-	arg0	ret	taint	-
summary	javax.ws.rs.core	UriBuilder	1	host	-	recv	ret	value	-
summary	javax.ws.rs.core	UriBuilder	1	host	-	arg0	ret	taint	-
summary	javax.ws.rs.core	UriBuilder	1	matrixParam	-	recv	ret	value	-
summary	javax.ws.rs.core	UriBuilder	1	matrixParam	-	arg0	ret	taint	-
summary	javax.ws.rs.core	UriBuilder	1	matrixParam	-	arg1	ret	taint	a
summary	javax.ws.rs.core	UriBuilder	1	path	-	recv	ret	value	-
summary	javax.ws.rs.core	UriBuilder	1	path	-	arg0	ret	taint	-
summary	javax.ws.rs.core	UriBuilder	1	path	-	arg1	ret	taint	-
summary	javax.ws.rs.core	UriBuilder	1	queryParam	-	recv	ret	value	-
summary	javax.ws.rs.core	UriBuilder	1	queryParam	-	arg0	ret	taint	-
summary	javax.ws.rs.core	UriBuilder	1	queryParam	-	arg1	ret	taint	a
summary	javax.ws.rs.core	UriBuilder	1	replaceMatrix	-	recv	ret	value	-
summary	javax.ws.rs.core	UriBuilder	1	replaceMatrix	-	arg0	ret	taint	-
summary	javax.ws.rs.core	UriBuilder	1	replaceMatrixParam	-	recv	ret	value	-
summary	javax.ws.rs.core	UriBuilder	1	replaceMatrixParam	-	arg0	ret	taint	-
summary	javax.ws.rs.core	UriBuilder	1	replaceMatrixParam	-	arg1	ret	taint	a
summary	javax.ws.rs.core	UriBuilder	1	replacePath	-	recv	ret	value	-
summary	javax.ws.rs.core	UriBuilder	1	replacePath	-	arg0	ret	taint	-
summary	javax.ws.rs.core	UriBuilder	1	replaceQuery	-	recv	ret	value	-
summary	javax.ws.rs.core	UriBuilder	1	replaceQuery	-	arg0	ret	taint	-
summary	javax.ws.rs.core	UriBuilder	1	replaceQueryParam	-	recv	ret	value	-
summary	javax.ws.rs.core	UriBuilder	1	replaceQueryParam	-	arg0	ret	taint	-
summary	javax.ws.rs.core	UriBuilder	1	replaceQueryParam	-	arg1	ret	taint	a
summary	javax.ws.rs.core	UriBuilder	1	resolveTemplate	-	recv	ret	value	-
summary	javax.ws.rs.core	UriBuilder	1	resolveTemplate	-	arg0	ret	taint	-
summary	javax.ws.rs.core	UriBuilder	1	resolveTemplate	-	arg1	ret	taint	-
summary	javax.ws.rs.core	UriBuilder	1	resolveTemplate	-	arg2	ret	taint	-
summary	javax.ws.rs.core	UriBuilder	1	resolveTemplateFromEncoded	-	recv	ret	value	-
summary	javax.ws.rs.core	UriBuilder	1	resolveTemplateFromEncoded	-	arg0	ret	taint	-
summary	javax.ws.rs.core	UriBuilder	1	resolveTemplateFromEncoded	-	arg1	ret	taint	-
summary	javax.ws.rs.core	UriBuilder	1	resolveTemplates	-	recv	ret	value	-
summary	javax.ws.rs.core	UriBuilder	1	resolveTemplates	-	arg0	ret	taint	a
summary	javax.ws.rs.core	UriBuilder	1	resolveTemplatesFromEncoded	-	recv	ret	value	-
summary	javax.ws.rs.core	UriBuilder	1	resolveTemplatesFromEncoded	-	arg0	ret	taint	a
summary	javax.ws.rs.core	UriBuilder	1	scheme	-	recv	ret	value	-
summary	javax.ws.rs.core	UriBuilder	1	scheme	-	arg0	ret	taint	-
summary	javax.ws.rs.core	UriBuilder	1	schemeSpecificPart	-	recv	ret	value	-
summary	javax.ws.rs.core	UriBuilder	1	schemeSpecificPart	-	arg0	ret	taint	-
summary	javax.ws.rs.core	UriBuilder	1	segment	-	recv	ret	value	-
summary	javax.ws.rs.core	UriBuilder	1	segment	-	arg0	ret	taint	a
summary	javax.ws.rs.core	UriBuilder	1	toTemplate	-	recv	ret	taint	-
summary	javax.ws.rs.core	UriBuilder	1	uri	-	recv	ret	value	-
summary	javax.ws.rs.core	UriBuilder	1	uri	-	arg0	ret	taint	-
summary	javax.ws.rs.core	UriBuilder	1	userInfo	-	recv	ret	value	-
summary	javax.ws.rs.core	UriBuilder	1	userInfo	-	arg0	ret	taint	-
summary	javax.ws.rs.core	UriInfo	1	getAbsolutePath	-	recv	ret	taint	-
summary	javax.ws.rs.core	UriInfo	1	getAbsolutePathBuilder	-	recv	ret	taint	-
summary	javax.ws.rs.core	UriInfo	1	getPath	-	recv	ret	taint	-
summary	javax.ws.rs.core	UriInfo	1	getPathParameters	-	recv	ret	taint	-
summary	javax.ws.rs.core	UriInfo	1	getPathSegments	-	recv	ret	taint	-
summary	javax.ws.rs.core	UriInfo	1	getQueryParameters	-	recv	ret	taint	-
summary	javax.ws.rs.core	UriInfo	1	getRequestUri	-	recv	ret	taint	-
summary	javax.ws.rs.core	UriInfo	1	getRequestUriBuilder	-	recv	ret	taint	-
summary	javax.ws.rs.core	UriInfo	1	relativize	-	arg0	ret	taint	-
summary	javax.ws.rs.core	UriInfo	1	resolve	-	recv	ret	taint	-
summary	javax.ws.rs.core	UriInfo	1	resolve	-	arg0	ret	taint	-
summary	javax.xml.transform.sax	SAXSource	0	SAXSource	1	arg0	recv	taint	-
summary	javax.xml.transform.sax	SAXSource	0	SAXSource	2	arg1	recv	taint	-
summary	javax.xml.transform.sax	SAXSource	0	getInputSource	-	recv	ret	taint	-
summary	javax.xml.transform.sax	SAXSource	0	sourceToInputSource	-	arg0	ret	taint	-
summary	javax.xml.transform.stream	StreamSource	0	StreamSource	-	arg0	recv	taint	-
summary	javax.xml.transform.stream	StreamSource	0	getInputStream	-	recv	ret	taint	-
summary	jodd.json	JsonParser	0	allowAllClasses	-	recv	ret	value	-
summary	jodd.json	JsonParser	0	allowClass	-	recv	ret	value	-
summary	jodd.json	JsonParser	0	lazy	-	recv	ret	value	-
summary	jodd.json	JsonParser	0	looseMode	-	recv	ret	value	-
summary	jodd.json	JsonParser	0	map	-	recv	ret	value	-
summary	jodd.json	JsonParser	0	setClassMetadataName	-	recv	ret	value	-
summary	jodd.json	JsonParser	0	strictTypes	-	recv	ret	value	-
summary	jodd.json	JsonParser	0	useAltPaths	-	recv	ret	value	-
summary	jodd.json	JsonParser	0	withClassMetadata	-	recv	ret	value	-
summary	jodd.json	JsonParser	0	withValueConverter	-	recv	ret	value	-
summary	kotlin	StandardKt	0	apply	-	arg0	ret	value	-
summary	kotlin.collections	ArraysKt	0	withIndex	1	arg0	ret	taint	a
summary	kotlin.io	FilesKt	0	normalize	1	arg0	ret	taint	-
summary	kotlin.io	FilesKt	0	relativeTo	2	arg0	ret	taint	-
summary	kotlin.io	FilesKt	0	relativeTo	2	arg1	ret	taint	-
summary	kotlin.io	FilesKt	0	relativeToOrNull	2	arg0	ret	taint	-
summary	kotlin.io	FilesKt	0	relativeToOrNull	2	arg1	ret	taint	-
summary	kotlin.io	FilesKt	0	resolve	2	arg0	ret	taint	-
summary	kotlin.io	FilesKt	0	toRelativeString	2	arg0	ret	taint	-
summary	kotlin.jvm.internal	ArrayIteratorKt	0	iterator	1	arg0	ret	value	a
summary	okhttp3	Builder	0	addEncodedPathSegment	-	recv	ret	value	-
summary	okhttp3	Builder	0	addEncodedPathSegment	-	arg0	recv	taint	-
summary	okhttp3	Builder	0	addEncodedPathSegments	-	recv	ret	value	-
summary	okhttp3	Builder	0	addEncodedPathSegments	-	arg0	recv	taint	-
summary	okhttp3	Builder	0	addEncodedQueryParameter	-	recv	ret	value	-
summary	okhttp3	Builder	0	addEncodedQueryParameter	-	arg0	recv	taint	-
summary	okhttp3	Builder	0	addPathSegment	-	recv	ret	value	-
summary	okhttp3	Builder	0	addPathSegment	-	arg0	recv	taint	-
summary	okhttp3	Builder	0	addPathSegments	-	recv	ret	value	-
summary	okhttp3	Builder	0	addPathSegments	-	arg0	recv	taint	-
summary	okhttp3	Builder	0	addQueryParameter	-	recv	ret	value	-
summary	okhttp3	Builder	0	addQueryParameter	-	arg0	recv	taint	-
summary	okhttp3	Builder	0	addQueryParameter	-	arg1	recv	taint	-
summary	okhttp3	Builder	0	build	-	recv	ret	taint	-
summary	okhttp3	Builder	0	encodedFragment	-	recv	ret	value	-
summary	okhttp3	Builder	0	encodedFragment	-	arg0	recv	taint	-
summary	okhttp3	Builder	0	encodedPassword	-	recv	ret	value	-
summary	okhttp3	Builder	0	encodedPath	-	recv	ret	value	-
summary	okhttp3	Builder	0	encodedPath	-	arg0	recv	taint	-
summary	okhttp3	Builder	0	encodedQuery	-	recv	ret	value	-
summary	okhttp3	Builder	0	encodedQuery	-	arg0	recv	taint	-
summary	okhttp3	Builder	0	encodedUsername	-	recv	ret	value	-
summary	okhttp3	Builder	0	fragment	-	recv	ret	value	-
summary	okhttp3	Builder	0	fragment	-	arg0	recv	taint	-
summary	okhttp3	Builder	0	get	0	recv	ret	value	-
summary	okhttp3	Builder	0	host	-	recv	ret	value	-
summary	okhttp3	Builder	0	host	-	arg0	recv	taint	-
summary	okhttp3	Builder	0	password	-	recv	ret	value	-
summary	okhttp3	Builder	0	port	-	recv	ret	value	-
summary	okhttp3	Builder	0	port	-	arg0	recv	taint	-
summary	okhttp3	Builder	0	query	-	recv	ret	value	-
summary	okhttp3	Builder	0	query	-	arg0	recv	taint	-
summary	okhttp3	Builder	0	removeAllEncodedQueryParameters	-	recv	ret	value	-
summary	okhttp3	Builder	0	removeAllQueryParameters	-	recv	ret	value	-
summary	okhttp3	Builder	0	removePathSegment	-	recv	ret	value	-
summary	okhttp3	Builder	0	scheme	-	recv	ret	value	-
summary	okhttp3	Builder	0	scheme	-	arg0	recv	taint	-
summary	okhttp3	Builder	0	setEncodedPathSegment	-	recv	ret	value	-
summary	okhttp3	Builder	0	setEncodedPathSegment	-	arg0	recv	taint	-
summary	okhttp3	Builder	0	setEncodedQueryParameter	-	recv	ret	value	-
summary	okhttp3	Builder	0	setEncodedQueryParameter	-	arg0	recv	taint	-
summary	okhttp3	Builder	0	setPathSegment	-	recv	ret	value	-
summary	okhttp3	Builder	0	setPathSegment	-	arg0	recv	taint	-
summary	okhttp3	Builder	0	setQueryParameter	-	recv	ret	value	-
summary	okhttp3	Builder	0	setQueryParameter	-	arg0	recv	taint	-
summary	okhttp3	Builder	0	url	1	recv	ret	value	-
summary	okhttp3	Builder	0	username	-	recv	ret	value	-
summary	okhttp3	Builder	1	build	0	recv	ret	taint	-
summary	okhttp3	HttpUrl	0	parse	-	arg0	ret	taint	-
summary	okhttp3	HttpUrl	0	uri	-	recv	ret	taint	-
summary	okhttp3	HttpUrl	0	url	-	recv	ret	taint	-
summary	org.apache.commons.codec	BinaryDecoder	1	decode	1	arg0	ret	taint	-
summary	org.apache.commons.codec	BinaryEncoder	1	encode	1	arg0	ret	taint	-
summary	org.apache.commons.codec	Decoder	1	decode	1	arg0	ret	taint	-
summary	org.apache.commons.codec	Encoder	1	encode	1	arg0	ret	taint	-
summary	org.apache.commons.codec	StringDecoder	1	decode	1	arg0	ret	taint	-
summary	org.apache.commons.codec	StringEncoder	1	encode	1	arg0	ret	taint	-
summary	org.apache.commons.collections	ArrayStack	1	peek	-	recv	ret	value	a
summary	org.apache.commons.collections	ArrayStack	1	pop	-	recv	ret	value	a
summary	org.apache.commons.collections	ArrayStack	1	push	-	arg0	ret	value	-
summary	org.apache.commons.collections	ArrayStack	1	push	-	arg0	recv	value	a
summary	org.apache.commons.collections	Bag	1	add	-	arg0	recv	value	a
summary	org.apache.commons.collections	Bag	1	uniqueSet	-	recv	ret	value	a
summary	org.apache.commons.collections	BagUtils	1	collectionBag	-	arg0	ret	value	a
summary	org.apache.commons.collections	BagUtils	1	predicatedBag	-	arg0	ret	value	a
summary	org.apache.commons.collections	BagUtils	1	predicatedSortedBag	-	arg0	ret	value	a
summary	org.apache.commons.collections	BagUtils	1	synchronizedBag	-	arg0	ret	value	a
summary	org.apache.commons.collections	BagUtils	1	synchronizedSortedBag	-	arg0	ret	value	a
summary	org.apache.commons.collections	BagUtils	1	transformingBag	-	arg0	ret	value	a
summary	org.apache.commons.collections	BagUtils	1	transformingSortedBag	-	arg0	ret	value	a
summary	org.apache.commons.collections	BagUtils	1	unmodifiableBag	-	arg0	ret	value	a
summary	org.apache.commons.collections	BagUtils	1	unmodifiableSortedBag	-	arg0	ret	value	a
summary	org.apache.commons.collections	BidiMap	1	getKey	-	recv	ret	value	a
summary	org.apache.commons.collections	BidiMap	1	inverseBidiMap	-	recv	ret	value	a
summary	org.apache.commons.collections	BidiMap	1	removeValue	-	recv	ret	value	a
summary	org.apache.commons.collections	CollectionUtils	1	addAll	2	arg1	arg0	value	a
summary	org.apache.commons.collections	CollectionUtils	1	addIgnoreNull	-	arg1	arg0	value	a
summary	org.apache.commons.collections	CollectionUtils	1	collate	-	arg0	ret	value	a
summary	org.apache.commons.collections	CollectionUtils	1	collate	-	arg1	ret	value	a
summary	org.apache.commons.collections	CollectionUtils	1	disjunction	-	arg0	ret	value	a
summary	org.apache.commons.collections	CollectionUtils	1	disjunction	-	arg1	ret	value	a
summary	org.apache.commons.collections	CollectionUtils	1	emptyIfNull	-	arg0	ret	value	-
summary	org.apache.commons.collections	CollectionUtils	1	extractSingleton	-	arg0	ret	value	a
summary	org.apache.commons.collections	CollectionUtils	1	find	-	arg0	ret	value	a
summary	org.apache.commons.collections	CollectionUtils	1	get	2	arg0	ret	value	a
summary	org.apache.commons.collections	CollectionUtils	1	getCardinalityMap	-	arg0	ret	value	a
summary	org.apache.commons.collections	CollectionUtils	1	intersection	-	arg0	ret	value	a
summary	org.apache.commons.collections	CollectionUtils	1	intersection	-	arg1	ret	value	a
summary	org.apache.commons.collections	CollectionUtils	1	permutations	-	arg0	ret	value	a
summary	org.apache.commons.collections	CollectionUtils	1	predicatedCollection	-	arg0	ret	value	a
summary	org.apache.commons.collections	CollectionUtils	1	removeAll	-	arg0	ret	value	a
summary	org.apache.commons.collections	CollectionUtils	1	retainAll	-	arg0	ret	value	a
summary	org.apache.commons.collections	CollectionUtils	1	select	2	arg0	ret	value	a
summary	org.apache.commons.collections	CollectionUtils	1	select	3	arg0	arg2	value	a
summary	org.apache.commons.collections	CollectionUtils	1	select	3	arg2	ret	value	-
summary	org.apache.commons.collections	CollectionUtils	1	select	4	arg0	arg2	value	a
summary	org.apache.commons.collections	CollectionUtils	1	select	4	arg0	arg3	value	a
summary	org.apache.commons.collections	CollectionUtils	1	select	4	arg2	ret	value	-
summary	org.apache.commons.collections	CollectionUtils	1	selectRejected	2	arg0	ret	value	a
summary	org.apache.commons.collections	CollectionUtils	1	selectRejected	3	arg0	arg2	value	a
summary	org.apache.commons.collections	CollectionUtils	1	selectRejected	3	arg2	ret	value	-
summary	org.apache.commons.collections	CollectionUtils	1	subtract	-	arg0	ret	value	a
summary	org.apache.commons.collections	CollectionUtils	1	synchronizedCollection	-	arg0	ret	value	a
summary	org.apache.commons.collections	CollectionUtils	1	transformingCollection	-	arg0	ret	value	a
summary	org.apache.commons.collections	CollectionUtils	1	union	-	arg0	ret	value	a
summary	org.apache.commons.collections	CollectionUtils	1	union	-	arg1	ret	value	a
summary	org.apache.commons.collections	CollectionUtils	1	unmodifiableCollection	-	arg0	ret	value	a
summary	org.apache.commons.collections	Entry	1	getElement	-	recv	ret	value	a
summary	org.apache.commons.collections	EnumerationUtils	1	get	-	arg0	ret	value	a
summary	org.apache.commons.collections	EnumerationUtils	1	toList	1	arg0	ret	taint	a
summary	org.apache.commons.collections	EnumerationUtils	1	toList	1	arg0	ret	value	a
summary	org.apache.commons.collections	FluentIterable	1	append	1	recv	ret	value	a
summary	org.apache.commons.collections	FluentIterable	1	append	1	arg0	ret	value	a
summary	org.apache.commons.collections	FluentIterable	1	asEnumeration	-	recv	ret	value	a
summary	org.apache.commons.collections	FluentIterable	1	collate	-	recv	ret	value	a
summary	org.apache.commons.collections	FluentIterable	1	collate	-	arg0	ret	value	a
summary	org.apache.commons.collections	FluentIterable	1	copyInto	-	recv	arg0	value	a
summary	org.apache.commons.collections	FluentIterable	1	eval	-	recv	ret	value	a
summary	org.apache.commons.collections	FluentIterable	1	filter	-	recv	ret	value	a
summary	org.apache.commons.collections	FluentIterable	1	get	-	recv	ret	value	a
summary	org.apache.commons.collections	FluentIterable	1	limit	-	recv	ret	value	a
summary	org.apache.commons.collections	FluentIterable	1	loop	-	recv	ret	value	a
summary	org.apache.commons.collections	FluentIterable	1	of	1	arg0	ret	value	a
summary	org.apache.commons.collections	FluentIterable	1	reverse	-	recv	ret	value	a
summary	org.apache.commons.collections	FluentIterable	1	skip	-	recv	ret	value	a
summary	org.apache.commons.collections	FluentIterable	1	toArray	-	recv	ret	value	a
summary	org.apache.commons.collections	FluentIterable	1	toList	-	recv	ret	value	a
summary	org.apache.commons.collections	FluentIterable	1	unique	-	recv	ret	value	a
summary	org.apache.commons.collections	FluentIterable	1	unmodifiable	-	recv	ret	value	a
summary	org.apache.commons.collections	FluentIterable	1	zip	1	recv	ret	value	a
summary	org.apache.commons.collections	FluentIterable	1	zip	1	arg0	ret	value	a
summary	org.apache.commons.collections	Get	1	entrySet	-	recv	ret	value	a
summary	org.apache.commons.collections	Get	1	get	-	recv	ret	value	a
summary	org.apache.commons.collections	Get	1	keySet	0	recv	ret	value	a
summary	org.apache.commons.collections	Get	1	remove	1	recv	ret	value	a
summary	org.apache.commons.collections	Get	1	values	0	recv	ret	value	a
summary	org.apache.commons.collections	IterableGet	1	mapIterator	-	recv	ret	value	a
summary	org.apache.commons.collections	IterableUtils	1	boundedIterable	-	arg0	ret	value	a
summary	org.apache.commons.collections	IterableUtils	1	chainedIterable	1	arg0	ret	value	a
summary	org.apache.commons.collections	IterableUtils	1	chainedIterable	2	arg0	ret	value	a
summary	org.apache.commons.collections	IterableUtils	1	chainedIterable	2	arg1	ret	value	a
summary	org.apache.commons.collections	IterableUtils	1	chainedIterable	3	arg0	ret	value	a
summary	org.apache.commons.collections	IterableUtils	1	chainedIterable	3	arg1	ret	value	a
summary	org.apache.commons.collections	IterableUtils	1	chainedIterable	3	arg2	ret	value	a
summary	org.apache.commons.collections	IterableUtils	1	chainedIterable	4	arg0	ret	value	a
summary	org.apache.commons.collections	IterableUtils	1	chainedIterable	4	arg1	ret	value	a
summary	org.apache.commons.collections	IterableUtils	1	chainedIterable	4	arg2	ret	value	a
summary	org.apache.commons.collections	IterableUtils	1	chainedIterable	4	arg3	ret	value	a
summary	org.apache.commons.collections	IterableUtils	1	collatedIterable	2	arg0	ret	value	a
summary	org.apache.commons.collections	IterableUtils	1	collatedIterable	2	arg1	ret	value	a
summary	org.apache.commons.collections	IterableUtils	1	collatedIterable	3	arg1	ret	value	a
summary	org.apache.commons.collections	IterableUtils	1	collatedIterable	3	arg2	ret	value	a
summary	org.apache.commons.collections	IterableUtils	1	emptyIfNull	-	arg0	ret	value	-
summary	org.apache.commons.collections	IterableUtils	1	filteredIterable	-	arg0	ret	value	a
summary	org.apache.commons.collections	IterableUtils	1	find	-	arg0	ret	value	a
summary	org.apache.commons.collections	IterableUtils	1	first	-	arg0	ret	value	a
summary	org.apache.commons.collections	IterableUtils	1	forEachButLast	-	arg0	ret	value	a
summary	org.apache.commons.collections	IterableUtils	1	get	-	arg0	ret	value	a
summary	org.apache.commons.collections	IterableUtils	1	loopingIterable	-	arg0	ret	value	a
summary	org.apache.commons.collections	IterableUtils	1	partition	-	arg0	ret	value	a
summary	org.apache.commons.collections	IterableUtils	1	reversedIterable	-	arg0	ret	value	a
summary	org.apache.commons.collections	IterableUtils	1	skippingIterable	-	arg0	ret	value	a
summary	org.apache.commons.collections	IterableUtils	1	toList	-	arg0	ret	value	a
summary	org.apache.commons.collections	IterableUtils	1	toString	-	arg2	ret	taint	-
summary	org.apache.commons.collections	IterableUtils	1	toString	-	arg3	ret	taint	-
summary	org.apache.commons.collections	IterableUtils	1	toString	-	arg4	ret	taint	-
summary	org.apache.commons.collections	IterableUtils	1	uniqueIterable	-	arg0	ret	value	a
summary	org.apache.commons.collections	IterableUtils	1	unmodifiableIterable	-	arg0	ret	value	a
summary	org.apache.commons.collections	IterableUtils	1	zippingIterable	-	arg0	ret	value	a
summary	org.apache.commons.collections	IterableUtils	1	zippingIterable	2	arg1	ret	value	a
summary	org.apache.commons.collections	IteratorUtils	1	arrayIterator	-	arg0	ret	value	a
summary	org.apache.commons.collections	IteratorUtils	1	arrayListIterator	-	arg0	ret	value	a
summary	org.apache.commons.collections	IteratorUtils	1	asEnumeration	-	arg0	ret	value	a
summary	org.apache.commons.collections	IteratorUtils	1	asIterable	-	arg0	ret	value	a
summary	org.apache.commons.collections	IteratorUtils	1	asIterator	-	arg0	ret	value	a
summary	org.apache.commons.collections	IteratorUtils	1	asMultipleUseIterable	-	arg0	ret	value	a
summary	org.apache.commons.collections	IteratorUtils	1	boundedIterator	-	arg0	ret	value	a
summary	org.apache.commons.collections	IteratorUtils	1	chainedIterator	1	arg0	ret	value	a
summary	org.apache.commons.collections	IteratorUtils	1	chainedIterator	2	arg0	ret	value	a
summary	org.apache.commons.collections	IteratorUtils	1	chainedIterator	2	arg1	ret	value	a
summary	org.apache.commons.collections	IteratorUtils	1	collatedIterator	2	arg1	ret	value	a
summary	org.apache.commons.collections	IteratorUtils	1	collatedIterator	3	arg1	ret	value	a
summary	org.apache.commons.collections	IteratorUtils	1	collatedIterator	3	arg2	ret	value	a
summary	org.apache.commons.collections	IteratorUtils	1	filteredIterator	-	arg0	ret	value	a
summary	org.apache.commons.collections	IteratorUtils	1	filteredListIterator	-	arg0	ret	value	a
summary	org.apache.commons.collections	IteratorUtils	1	find	-	arg0	ret	value	a
summary	org.apache.commons.collections	IteratorUtils	1	first	-	arg0	ret	value	a
summary	org.apache.commons.collections	IteratorUtils	1	forEachButLast	-	arg0	ret	value	a
summary	org.apache.commons.collections	IteratorUtils	1	get	-	arg0	ret	value	a
summary	org.apache.commons.collections	IteratorUtils	1	getIterator	-	arg0	ret	value	a
summary	org.apache.commons.collections	IteratorUtils	1	loopingIterator	-	arg0	ret	value	a
summary	org.apache.commons.collections	IteratorUtils	1	loopingListIterator	-	arg0	ret	value	a
summary	org.apache.commons.collections	IteratorUtils	1	peekingIterator	-	arg0	ret	value	a
summary	org.apache.commons.collections	IteratorUtils	1	pushbackIterator	-	arg0	ret	value	a
summary	org.apache.commons.collections	IteratorUtils	1	singletonIterator	-	arg0	ret	value	a
summary	org.apache.commons.collections	IteratorUtils	1	singletonListIterator	-	arg0	ret	value	a
summary	org.apache.commons.collections	IteratorUtils	1	skippingIterator	-	arg0	ret	value	a
summary	org.apache.commons.collections	IteratorUtils	1	toArray	-	arg0	ret	value	a
summary	org.apache.commons.collections	IteratorUtils	1	toList	-	arg0	ret	value	a
summary	org.apache.commons.collections	IteratorUtils	1	toListIterator	-	arg0	ret	value	a
summary	org.apache.commons.collections	IteratorUtils	1	toString	-	arg2	ret	taint	-
summary	org.apache.commons.collections	IteratorUtils	1	toString	-	arg3	ret	taint	-
summary	org.apache.commons.collections	IteratorUtils	1	toString	-	arg4	ret	taint	-
summary	org.apache.commons.collections	IteratorUtils	1	unmodifiableIterator	-	arg0	ret	value	a
summary	org.apache.commons.collections	IteratorUtils	1	unmodifiableListIterator	-	arg0	ret	value	a
summary	org.apache.commons.collections	IteratorUtils	1	unmodifiableMapIterator	-	arg0	ret	value	a
summary	org.apache.commons.collections	IteratorUtils	1	zippingIterator	1	arg0	ret	value	a
summary	org.apache.commons.collections	IteratorUtils	1	zippingIterator	2	arg0	ret	value	a
summary	org.apache.commons.collections	IteratorUtils	1	zippingIterator	2	arg1	ret	value	a
summary	org.apache.commons.collections	IteratorUtils	1	zippingIterator	3	arg0	ret	value	a
summary	org.apache.commons.collections	IteratorUtils	1	zippingIterator	3	arg1	ret	value	a
summary	org.apache.commons.collections	IteratorUtils	1	zippingIterator	3	arg2	ret	value	a
summary	org.apache.commons.collections	KeyValue	1	getKey	-	recv	ret	value	a
summary	org.apache.commons.collections	KeyValue	1	getValue	-	recv	ret	value	a
summary	org.apache.commons.collections	ListUtils	1	defaultIfNull	-	arg0	ret	value	-
summary	org.apache.commons.collections	ListUtils	1	defaultIfNull	-	arg1	ret	value	-
summary	org.apache.commons.collections	ListUtils	1	emptyIfNull	-	arg0	ret	value	-
summary	org.apache.commons.collections	ListUtils	1	fixedSizeList	-	arg0	ret	value	a
summary	org.apache.commons.collections	ListUtils	1	intersection	-	arg0	ret	value	a
summary	org.apache.commons.collections	ListUtils	1	intersection	-	arg1	ret	value	a
summary	org.apache.commons.collections	ListUtils	1	lazyList	-	arg0	ret	value	a
summary	org.apache.commons.collections	ListUtils	1	longestCommonSubsequence	2	arg0	ret	taint	-
summary	org.apache.commons.collections	ListUtils	1	longestCommonSubsequence	2	arg0	ret	value	a
summary	org.apache.commons.collections	ListUtils	1	longestCommonSubsequence	2	arg1	ret	taint	-
summary	org.apache.commons.collections	ListUtils	1	longestCommonSubsequence	2	arg1	ret	value	a
summary	org.apache.commons.collections	ListUtils	1	longestCommonSubsequence	3	arg0	ret	value	a
summary	org.apache.commons.collections	ListUtils	1	longestCommonSubsequence	3	arg1	ret	value	a
summary	org.apache.commons.collections	ListUtils	1	partition	-	arg0	ret	value	a
summary	org.apache.commons.collections	ListUtils	1	predicatedList	-	arg0	ret	value	a
summary	org.apache.commons.collections	ListUtils	1	removeAll	-	arg0	ret	value	a
summary	org.apache.commons.collections	ListUtils	1	retainAll	-	arg0	ret	value	a
summary	org.apache.commons.collections	ListUtils	1	select	-	arg0	ret	value	a
summary	org.apache.commons.collections	ListUtils	1	selectRejected	-	arg0	ret	value	a
summary	org.apache.commons.collections	ListUtils	1	subtract	-	arg0	ret	value	a
summary	org.apache.commons.collections	ListUtils	1	sum	-	arg0	ret	value	a
summary	org.apache.commons.collections	ListUtils	1	sum	-	arg1	ret	value	a
summary	org.apache.commons.collections	ListUtils	1	synchronizedList	-	arg0	ret	value	a
summary	org.apache.commons.collections	ListUtils	1	transformedList	-	arg0	ret	value	a
summary	org.apache.commons.collections	ListUtils	1	union	-	arg0	ret	value	a
summary	org.apache.commons.collections	ListUtils	1	union	-	arg1	ret	value	a
summary	org.apache.commons.collections	ListUtils	1	unmodifiableList	-	arg0	ret	value	a
summary	org.apache.commons.collections	MapIterator	1	getKey	-	recv	ret	value	a
summary	org.apache.commons.collections	MapIterator	1	getValue	-	recv	ret	value	a
summary	org.apache.commons.collections	MapIterator	1	setValue	-	recv	ret	value	a
summary	org.apache.commons.collections	MapIterator	1	setValue	-	arg0	recv	value	a
summary	org.apache.commons.collections	MapUtils	1	emptyIfNull	-	arg0	ret	value	-
summary	org.apache.commons.collections	MapUtils	1	fixedSizeMap	-	arg0	ret	value	a
summary	org.apache.commons.collections	MapUtils	1	fixedSizeSortedMap	-	arg0	ret	value	a
summary	org.apache.commons.collections	MapUtils	1	getMap	-	arg0	ret	value	a
summary	org.apache.commons.collections	MapUtils	1	getMap	-	arg2	ret	value	-
summary	org.apache.commons.collections	MapUtils	1	getObject	-	arg0	ret	value	a
summary	org.apache.commons.collections	MapUtils	1	getObject	-	arg2	ret	value	-
summary	org.apache.commons.collections	MapUtils	1	getString	-	arg0	ret	value	a
summary	org.apache.commons.collections	MapUtils	1	getString	-	arg2	ret	value	-
summary	org.apache.commons.collections	MapUtils	1	invertMap	-	arg0	ret	value	a
summary	org.apache.commons.collections	MapUtils	1	iterableMap	-	arg0	ret	value	a
summary	org.apache.commons.collections	MapUtils	1	iterableSortedMap	-	arg0	ret	value	a
summary	org.apache.commons.collections	MapUtils	1	lazyMap	-	arg0	ret	value	a
summary	org.apache.commons.collections	MapUtils	1	lazySortedMap	-	arg0	ret	value	a
summary	org.apache.commons.collections	MapUtils	1	multiValueMap	-	arg0	ret	value	a
summary	org.apache.commons.collections	MapUtils	1	orderedMap	-	arg0	ret	value	a
summary	org.apache.commons.collections	MapUtils	1	populateMap	3	arg1	arg0	value	a
summary	org.apache.commons.collections	MapUtils	1	predicatedMap	-	arg0	ret	value	a
summary	org.apache.commons.collections	MapUtils	1	predicatedSortedMap	-	arg0	ret	value	a
summary	org.apache.commons.collections	MapUtils	1	putAll	-	arg1	ret	value	a
summary	org.apache.commons.collections	MapUtils	1	putAll	-	arg1	arg0	value	a
summary	org.apache.commons.collections	MapUtils	1	safeAddToMap	-	arg1	arg0	value	a
summary	org.apache.commons.collections	MapUtils	1	safeAddToMap	-	arg2	arg0	value	a
summary	org.apache.commons.collections	MapUtils	1	synchronizedMap	-	arg0	ret	value	a
summary	org.apache.commons.collections	MapUtils	1	synchronizedSortedMap	-	arg0	ret	value	a
summary	org.apache.commons.collections	MapUtils	1	toMap	-	arg0	ret	value	a
summary	org.apache.commons.collections	MapUtils	1	transformedMap	-	arg0	ret	value	a
summary	org.apache.commons.collections	MapUtils	1	transformedSortedMap	-	arg0	ret	value	a
summary	org.apache.commons.collections	MapUtils	1	unmodifiableMap	-	arg0	ret	value	a
summary	org.apache.commons.collections	MapUtils	1	unmodifiableSortedMap	-	arg0	ret	value	a
summary	org.apache.commons.collections	MultiMap	1	get	-	recv	ret	value	a
summary	org.apache.commons.collections	MultiMap	1	put	-	arg0	recv	value	a
summary	org.apache.commons.collections	MultiMap	1	put	-	arg1	recv	value	a
summary	org.apache.commons.collections	MultiMap	1	values	-	recv	ret	value	a
summary	org.apache.commons.collections	MultiMapUtils	1	emptyIfNull	-	arg0	ret	value	-
summary	org.apache.commons.collections	MultiMapUtils	1	getCollection	-	arg0	ret	value	a
summary	org.apache.commons.collections	MultiMapUtils	1	getValuesAsBag	-	arg0	ret	value	a
summary	org.apache.commons.collections	MultiMapUtils	1	getValuesAsList	-	arg0	ret	value	a
summary	org.apache.commons.collections	MultiMapUtils	1	getValuesAsSet	-	arg0	ret	value	a
summary	org.apache.commons.collections	MultiMapUtils	1	transformedMultiValuedMap	-	arg0	ret	value	a
summary	org.apache.commons.collections	MultiMapUtils	1	unmodifiableMultiValuedMap	-	arg0	ret	value	a
summary	org.apache.commons.collections	MultiSet	1	add	-	arg0	recv	value	a
summary	org.apache.commons.collections	MultiSet	1	entrySet	-	recv	ret	value	a
summary	org.apache.commons.collections	MultiSet	1	uniqueSet	-	recv	ret	value	a
summary	org.apache.commons.collections	MultiSetUtils	1	predicatedMultiSet	-	arg0	ret	value	a
summary	org.apache.commons.collections	MultiSetUtils	1	synchronizedMultiSet	-	arg0	ret	value	a
summary	org.apache.commons.collections	MultiSetUtils	1	unmodifiableMultiSet	-	arg0	ret	value	a
summary	org.apache.commons.collections	MultiValuedMap	1	asMap	-	recv	ret	value	a
summary	org.apache.commons.collections	MultiValuedMap	1	entries	-	recv	ret	value	a
summary	org.apache.commons.collections	MultiValuedMap	1	get	-	recv	ret	value	a
summary	org.apache.commons.collections	MultiValuedMap	1	keySet	-	recv	ret	value	a
summary	org.apache.commons.collections	MultiValuedMap	1	keys	-	recv	ret	value	a
summary	org.apache.commons.collections	MultiValuedMap	1	mapIterator	-	recv	ret	value	a
summary	org.apache.commons.collections	MultiValuedMap	1	put	-	arg0	recv	value	a
summary	org.apache.commons.collections	MultiValuedMap	1	put	-	arg1	recv	value	a
summary	org.apache.commons.collections	MultiValuedMap	1	putAll	1	arg0	recv	value	a
summary	org.apache.commons.collections	MultiValuedMap	1	putAll	2	arg0	recv	value	a
summary	org.apache.commons.collections	MultiValuedMap	1	putAll	2	arg1	recv	value	a
summary	org.apache.commons.collections	MultiValuedMap	1	remove	-	recv	ret	value	a
summary	org.apache.commons.collections	MultiValuedMap	1	values	-	recv	ret	value	a
summary	org.apache.commons.collections	OrderedIterator	1	previous	-	recv	ret	value	a
summary	org.apache.commons.collections	OrderedMap	1	firstKey	-	recv	ret	value	a
summary	org.apache.commons.collections	OrderedMap	1	lastKey	-	recv	ret	value	a
summary	org.apache.commons.collections	OrderedMap	1	nextKey	-	recv	ret	value	a
summary	org.apache.commons.collections	OrderedMap	1	previousKey	-	recv	ret	value	a
summary	org.apache.commons.collections	Put	1	put	-	recv	ret	value	a
summary	org.apache.commons.collections	Put	1	put	-	arg0	recv	value	a
summary	org.apache.commons.collections	Put	1	put	-	arg1	recv	value	a
summary	org.apache.commons.collections	Put	1	putAll	1	arg0	recv	value	a
summary	org.apache.commons.collections	QueueUtils	1	predicatedQueue	-	arg0	ret	value	a
summary	org.apache.commons.collections	QueueUtils	1	synchronizedQueue	-	arg0	ret	value	a
summary	org.apache.commons.collections	QueueUtils	1	transformingQueue	-	arg0	ret	value	a
summary	org.apache.commons.collections	QueueUtils	1	unmodifiableQueue	-	arg0	ret	value	a
summary	org.apache.commons.collections	SetUtils	1	difference	-	arg0	ret	value	a
summary	org.apache.commons.collections	SetUtils	1	disjunction	-	arg0	ret	value	a
summary	org.apache.commons.collections	SetUtils	1	disjunction	-	arg1	ret	value	a
summary	org.apache.commons.collections	SetUtils	1	emptyIfNull	-	arg0	ret	value	-
summary	org.apache.commons.collections	SetUtils	1	hashSet	-	arg0	ret	value	a
summary	org.apache.commons.collections	SetUtils	1	intersection	-	arg0	ret	value	a
summary	org.apache.commons.collections	SetUtils	1	intersection	-	arg1	ret	value	a
summary	org.apache.commons.collections	SetUtils	1	orderedSet	-	arg0	ret	value	a
summary	org.apache.commons.collections	SetUtils	1	predicatedNavigableSet	-	arg0	ret	value	a
summary	org.apache.commons.collections	SetUtils	1	predicatedSet	-	arg0	ret	value	a
summary	org.apache.commons.collections	SetUtils	1	predicatedSortedSet	-	arg0	ret	value	a
summary	org.apache.commons.collections	SetUtils	1	synchronizedSet	-	arg0	ret	value	a
summary	org.apache.commons.collections	SetUtils	1	synchronizedSortedSet	-	arg0	ret	value	a
summary	org.apache.commons.collections	SetUtils	1	transformedNavigableSet	-	arg0	ret	value	a
summary	org.apache.commons.collections	SetUtils	1	transformedSet	-	arg0	ret	value	a
summary	org.apache.commons.collections	SetUtils	1	transformedSortedSet	-	arg0	ret	value	a
summary	org.apache.commons.collections	SetUtils	1	union	-	arg0	ret	value	a
summary	org.apache.commons.collections	SetUtils	1	union	-	arg1	ret	value	a
summary	org.apache.commons.collections	SetUtils	1	unmodifiableNavigableSet	-	arg0	ret	value	a
summary	org.apache.commons.collections	SetUtils	1	unmodifiableSet	1	arg0	ret	value	a
summary	org.apache.commons.collections	SetUtils	1	unmodifiableSortedSet	-	arg0	ret	value	a
summary	org.apache.commons.collections	SetView	1	copyInto	-	recv	arg0	value	a
summary	org.apache.commons.collections	SetView	1	createIterator	-	recv	ret	value	a
summary	org.apache.commons.collections	SetView	1	toSet	-	recv	ret	value	a
summary	org.apache.commons.collections	SortedBag	1	first	-	recv	ret	value	a
summary	org.apache.commons.collections	SortedBag	1	last	-	recv	ret	value	a
summary	org.apache.commons.collections	SplitMapUtils	1	readableMap	-	arg0	ret	value	a
summary	org.apache.commons.collections	SplitMapUtils	1	writableMap	-	arg0	ret	value	a
summary	org.apache.commons.collections	Trie	1	prefixMap	-	recv	ret	value	a
summary	org.apache.commons.collections	TrieUtils	1	unmodifiableTrie	-	arg0	ret	value	a
summary	org.apache.commons.collections.bag	AbstractBagDecorator	1	AbstractBagDecorator	-	arg0	recv	value	a
summary	org.apache.commons.collections.bag	AbstractMapBag	1	AbstractMapBag	-	arg0	recv	value	a
summary	org.apache.commons.collections.bag	AbstractMapBag	1	getMap	-	recv	ret	value	a
summary	org.apache.commons.collections.bag	AbstractSortedBagDecorator	1	AbstractSortedBagDecorator	-	arg0	recv	value	a
summary	org.apache.commons.collections.bag	CollectionBag	1	CollectionBag	-	arg0	recv	value	a
summary	org.apache.commons.collections.bag	CollectionBag	1	collectionBag	-	arg0	ret	value	a
summary	org.apache.commons.collections.bag	CollectionSortedBag	1	CollectionSortedBag	-	arg0	recv	value	a
summary	org.apache.commons.collections.bag	CollectionSortedBag	1	collectionSortedBag	-	arg0	ret	value	a
summary	org.apache.commons.collections.bag	HashBag	1	HashBag	-	arg0	recv	value	a
summary	org.apache.commons.collections.bag	PredicatedBag	1	predicatedBag	-	arg0	ret	value	a
summary	org.apache.commons.collections.bag	PredicatedSortedBag	1	predicatedSortedBag	-	arg0	ret	value	a
summary	org.apache.commons.collections.bag	SynchronizedBag	1	synchronizedBag	-	arg0	ret	value	a
summary	org.apache.commons.collections.bag	SynchronizedSortedBag	1	synchronizedSortedBag	-	arg0	ret	value	a
summary	org.apache.commons.collections.bag	TransformedBag	1	transformedBag	-	arg0	ret	value	a
summary	org.apache.commons.collections.bag	TransformedSortedBag	1	transformedSortedBag	-	arg0	ret	value	a
summary	org.apache.commons.collections.bag	TreeBag	1	TreeBag	1	arg0	recv	value	a
summary	org.apache.commons.collections.bag	UnmodifiableBag	1	unmodifiableBag	-	arg0	ret	value	a
summary	org.apache.commons.collections.bag	UnmodifiableSortedBag	1	unmodifiableSortedBag	-	arg0	ret	value	a
summary	org.apache.commons.collections.bidimap	AbstractBidiMapDecorator	1	AbstractBidiMapDecorator	-	arg0	recv	value	a
summary	org.apache.commons.collections.bidimap	AbstractDualBidiMap	1	AbstractDualBidiMap	-	arg0	recv	value	a
summary	org.apache.commons.collections.bidimap	AbstractDualBidiMap	1	AbstractDualBidiMap	-	arg1	recv	value	a
summary	org.apache.commons.collections.bidimap	AbstractDualBidiMap	1	AbstractDualBidiMap	-	arg2	recv	value	a
summary	org.apache.commons.collections.bidimap	AbstractOrderedBidiMapDecorator	1	AbstractOrderedBidiMapDecorator	-	arg0	recv	value	a
summary	org.apache.commons.collections.bidimap	AbstractSortedBidiMapDecorator	1	AbstractSortedBidiMapDecorator	-	arg0	recv	value	a
summary	org.apache.commons.collections.bidimap	DualHashBidiMap	1	DualHashBidiMap	1	arg0	recv	value	a
summary	org.apache.commons.collections.bidimap	DualLinkedHashBidiMap	1	DualLinkedHashBidiMap	1	arg0	recv	value	a
summary	org.apache.commons.collections.bidimap	DualTreeBidiMap	1	DualTreeBidiMap	1	arg0	recv	value	a
summary	org.apache.commons.collections.bidimap	DualTreeBidiMap	1	inverseOrderedBidiMap	-	recv	ret	value	a
summary	org.apache.commons.collections.bidimap	DualTreeBidiMap	1	inverseSortedBidiMap	-	recv	ret	value	a
summary	org.apache.commons.collections.bidimap	TreeBidiMap	1	TreeBidiMap	-	arg0	recv	value	a
summary	org.apache.commons.collections.bidimap	UnmodifiableBidiMap	1	unmodifiableBidiMap	-	arg0	ret	value	a
summary	org.apache.commons.collections.bidimap	UnmodifiableOrderedBidiMap	1	inverseOrderedBidiMap	-	recv	ret	value	a
summary	org.apache.commons.collections.bidimap	UnmodifiableOrderedBidiMap	1	unmodifiableOrderedBidiMap	-	arg0	ret	value	a
summary	org.apache.commons.collections.bidimap	UnmodifiableSortedBidiMap	1	unmodifiableSortedBidiMap	-	arg0	ret	value	a
summary	org.apache.commons.collections.collection	AbstractCollectionDecorator	1	AbstractCollectionDecorator	-	arg0	recv	value	a
summary	org.apache.commons.collections.collection	AbstractCollectionDecorator	1	decorated	-	recv	ret	value	a
summary	org.apache.commons.collections.collection	AbstractCollectionDecorator	1	setCollection	-	arg0	recv	value	a
summary	org.apache.commons.collections.collection	Builder	1	add	-	arg0	recv	value	a
summary	org.apache.commons.collections.collection	Builder	1	addAll	-	arg0	recv	value	a
summary	org.apache.commons.collections.collection	Builder	1	createPredicatedBag	-	recv	ret	value	a
summary	org.apache.commons.collections.collection	Builder	1	createPredicatedBag	-	arg0	ret	value	a
summary	org.apache.commons.collections.collection	Builder	1	createPredicatedList	-	recv	ret	value	a
summary	org.apache.commons.collections.collection	Builder	1	createPredicatedList	-	arg0	ret	value	a
summary	org.apache.commons.collections.collection	Builder	1	createPredicatedMultiSet	-	recv	ret	value	a
summary	org.apache.commons.collections.collection	Builder	1	createPredicatedMultiSet	-	arg0	ret	value	a
summary	org.apache.commons.collections.collection	Builder	1	createPredicatedQueue	-	recv	ret	value	a
summary	org.apache.commons.collections.collection	Builder	1	createPredicatedQueue	-	arg0	ret	value	a
summary	org.apache.commons.collections.collection	Builder	1	createPredicatedSet	-	recv	ret	value	a
summary	org.apache.commons.collections.collection	Builder	1	createPredicatedSet	-	arg0	ret	value	a
summary	org.apache.commons.collections.collection	Builder	1	rejectedElements	-	recv	ret	value	a
summary	org.apache.commons.collections.collection	CollectionMutator	1	add	-	arg2	arg0	value	a
summary	org.apache.commons.collections.collection	CollectionMutator	1	add	-	arg2	arg1	value	a
summary	org.apache.commons.collections.collection	CollectionMutator	1	addAll	-	arg2	arg0	value	a
summary	org.apache.commons.collections.collection	CollectionMutator	1	addAll	-	arg2	arg1	value	a
summary	org.apache.commons.collections.collection	CompositeCollection	1	CompositeCollection	1	arg0	recv	value	a
summary	org.apache.commons.collections.collection	CompositeCollection	1	CompositeCollection	2	arg0	recv	value	a
summary	org.apache.commons.collections.collection	CompositeCollection	1	CompositeCollection	2	arg1	recv	value	a
summary	org.apache.commons.collections.collection	CompositeCollection	1	addComposited	1	arg0	recv	value	a
summary	org.apache.commons.collections.collection	CompositeCollection	1	addComposited	2	arg0	recv	value	a
summary	org.apache.commons.collections.collection	CompositeCollection	1	addComposited	2	arg1	recv	value	a
summary	org.apache.commons.collections.collection	CompositeCollection	1	getCollections	-	recv	ret	value	a
summary	org.apache.commons.collections.collection	CompositeCollection	1	toCollection	-	recv	ret	value	a
summary	org.apache.commons.collections.collection	IndexedCollection	1	IndexedCollection	-	arg0	recv	value	a
summary	org.apache.commons.collections.collection	IndexedCollection	1	get	-	recv	ret	value	a
summary	org.apache.commons.collections.collection	IndexedCollection	1	nonUniqueIndexedCollection	-	arg0	ret	value	a
summary	org.apache.commons.collections.collection	IndexedCollection	1	uniqueIndexedCollection	-	arg0	ret	value	a
summary	org.apache.commons.collections.collection	IndexedCollection	1	values	-	recv	ret	value	a
summary	org.apache.commons.collections.collection	PredicatedCollection	1	predicatedCollection	-	arg0	ret	value	a
summary	org.apache.commons.collections.collection	SynchronizedCollection	1	synchronizedCollection	-	arg0	ret	value	a
summary	org.apache.commons.collections.collection	TransformedCollection	1	transformingCollection	-	arg0	ret	value	a
summary	org.apache.commons.collections.collection	UnmodifiableBoundedCollection	1	unmodifiableBoundedCollection	-	arg0	ret	value	a
summary	org.apache.commons.collections.collection	UnmodifiableCollection	1	unmodifiableCollection	-	arg0	ret	value	a
summary	org.apache.commons.collections.iterators	AbstractIteratorDecorator	1	AbstractIteratorDecorator	-	arg0	recv	value	a
summary	org.apache.commons.collections.iterators	AbstractListIteratorDecorator	1	AbstractListIteratorDecorator	-	arg0	recv	value	a
summary	org.apache.commons.collections.iterators	AbstractListIteratorDecorator	1	getListIterator	-	recv	ret	value	a
summary	org.apache.commons.collections.iterators	AbstractMapIteratorDecorator	1	AbstractMapIteratorDecorator	-	arg0	recv	value	a
summary	org.apache.commons.collections.iterators	AbstractMapIteratorDecorator	1	getMapIterator	-	recv	ret	value	a
summary	org.apache.commons.collections.iterators	AbstractOrderedMapIteratorDecorator	1	AbstractOrderedMapIteratorDecorator	-	arg0	recv	value	a
summary	org.apache.commons.collections.iterators	AbstractOrderedMapIteratorDecorator	1	getOrderedMapIterator	-	recv	ret	value	a
summary	org.apache.commons.collections.iterators	AbstractUntypedIteratorDecorator	1	AbstractUntypedIteratorDecorator	-	arg0	recv	value	a
summary	org.apache.commons.collections.iterators	AbstractUntypedIteratorDecorator	1	getIterator	-	recv	ret	value	a
summary	org.apache.commons.collections.iterators	ArrayIterator	1	ArrayIterator	-	arg0	recv	value	a
summary	org.apache.commons.collections.iterators	ArrayIterator	1	getArray	-	recv	ret	value	a
summary	org.apache.commons.collections.iterators	ArrayListIterator	1	ArrayListIterator	-	arg0	recv	value	a
summary	org.apache.commons.collections.iterators	BoundedIterator	1	BoundedIterator	-	arg0	recv	value	a
summary	org.apache.commons.collections.iterators	CollatingIterator	1	CollatingIterator	2	arg1	recv	value	a
summary	org.apache.commons.collections.iterators	CollatingIterator	1	CollatingIterator	3	arg1	recv	value	a
summary	org.apache.commons.collections.iterators	CollatingIterator	1	CollatingIterator	3	arg2	recv	value	a
summary	org.apache.commons.collections.iterators	CollatingIterator	1	addIterator	-	arg0	recv	value	a
summary	org.apache.commons.collections.iterators	CollatingIterator	1	getIterators	-	recv	ret	value	a
summary	org.apache.commons.collections.iterators	CollatingIterator	1	setIterator	-	arg1	recv	value	a
summary	org.apache.commons.collections.iterators	EnumerationIterator	1	EnumerationIterator	-	arg0	recv	value	a
summary	org.apache.commons.collections.iterators	EnumerationIterator	1	getEnumeration	-	recv	ret	value	a
summary	org.apache.commons.collections.iterators	EnumerationIterator	1	setEnumeration	-	arg0	recv	value	a
summary	org.apache.commons.collections.iterators	FilterIterator	1	FilterIterator	-	arg0	recv	value	a
summary	org.apache.commons.collections.iterators	FilterIterator	1	getIterator	-	recv	ret	value	a
summary	org.apache.commons.collections.iterators	FilterIterator	1	setIterator	-	arg0	recv	value	a
summary	org.apache.commons.collections.iterators	FilterListIterator	1	FilterListIterator	1	arg0	recv	value	a
summary	org.apache.commons.collections.iterators	FilterListIterator	1	FilterListIterator	2	arg0	recv	value	a
summary	org.apache.commons.collections.iterators	FilterListIterator	1	getListIterator	-	recv	ret	value	a
summary	org.apache.commons.collections.iterators	FilterListIterator	1	setListIterator	-	arg0	recv	value	a
summary	org.apache.commons.collections.iterators	IteratorChain	1	IteratorChain	1	arg0	recv	value	a
summary	org.apache.commons.collections.iterators	IteratorChain	1	IteratorChain	2	arg0	recv	value	a
summary	org.apache.commons.collections.iterators	IteratorChain	1	IteratorChain	2	arg1	recv	value	a
summary	org.apache.commons.collections.iterators	IteratorChain	1	addIterator	-	arg0	recv	value	a
summary	org.apache.commons.collections.iterators	IteratorEnumeration	1	IteratorEnumeration	-	arg0	recv	value	a
summary	org.apache.commons.collections.iterators	IteratorEnumeration	1	getIterator	-	recv	ret	value	a
summary	org.apache.commons.collections.iterators	IteratorEnumeration	1	setIterator	-	arg0	recv	value	a
summary	org.apache.commons.collections.iterators	IteratorIterable	1	IteratorIterable	-	arg0	recv	value	a
summary	org.apache.commons.collections.iterators	ListIteratorWrapper	1	ListIteratorWrapper	-	arg0	recv	value	a
summary	org.apache.commons.collections.iterators	LoopingIterator	1	LoopingIterator	-	arg0	recv	value	a
summary	org.apache.commons.collections.iterators	LoopingListIterator	1	LoopingListIterator	-	arg0	recv	value	a
summary	org.apache.commons.collections.iterators	ObjectArrayIterator	1	ObjectArrayIterator	-	arg0	recv	value	a
summary	org.apache.commons.collections.iterators	ObjectArrayIterator	1	getArray	-	recv	ret	value	a
summary	org.apache.commons.collections.iterators	ObjectArrayListIterator	1	ObjectArrayListIterator	-	arg0	recv	value	a
summary	org.apache.commons.collections.iterators	PeekingIterator	1	PeekingIterator	-	arg0	recv	value	a
summary	org.apache.commons.collections.iterators	PeekingIterator	1	element	-	recv	ret	value	a
summary	org.apache.commons.collections.iterators	PeekingIterator	1	peek	-	recv	ret	value	a
summary	org.apache.commons.collections.iterators	PeekingIterator	1	peekingIterator	-	arg0	ret	value	a
summary	org.apache.commons.collections.iterators	PermutationIterator	1	PermutationIterator	-	arg0	recv	value	a
summary	org.apache.commons.collections.iterators	PushbackIterator	1	PushbackIterator	-	arg0	recv	value	a
summary	org.apache.commons.collections.iterators	PushbackIterator	1	pushback	-	arg0	recv	value	a
summary	org.apache.commons.collections.iterators	PushbackIterator	1	pushbackIterator	-	arg0	ret	value	a
summary	org.apache.commons.collections.iterators	ReverseListIterator	1	ReverseListIterator	-	arg0	recv	value	a
summary	org.apache.commons.collections.iterators	SingletonIterator	1	SingletonIterator	-	arg0	recv	value	a
summary	org.apache.commons.collections.iterators	SingletonListIterator	1	SingletonListIterator	-	arg0	recv	value	a
summary	org.apache.commons.collections.iterators	SkippingIterator	1	SkippingIterator	-	arg0	recv	value	a
summary	org.apache.commons.collections.iterators	UniqueFilterIterator	1	UniqueFilterIterator	-	arg0	recv	value	a
summary	org.apache.commons.collections.iterators	UnmodifiableIterator	1	unmodifiableIterator	-	arg0	ret	value	a
summary	org.apache.commons.collections.iterators	UnmodifiableListIterator	1	umodifiableListIterator	-	arg0	ret	value	a
summary	org.apache.commons.collections.iterators	UnmodifiableMapIterator	1	unmodifiableMapIterator	-	arg0	ret	value	a
summary	org.apache.commons.collections.iterators	UnmodifiableOrderedMapIterator	1	unmodifiableOrderedMapIterator	-	arg0	ret	value	a
summary	org.apache.commons.collections.iterators	ZippingIterator	1	ZippingIterator	1	arg0	recv	value	a
summary	org.apache.commons.collections.iterators	ZippingIterator	1	ZippingIterator	2	arg0	recv	value	a
summary	org.apache.commons.collections.iterators	ZippingIterator	1	ZippingIterator	2	arg1	recv	value	a
summary	org.apache.commons.collections.iterators	ZippingIterator	1	ZippingIterator	3	arg0	recv	value	a
summary	org.apache.commons.collections.iterators	ZippingIterator	1	ZippingIterator	3	arg1	recv	value	a
summary	org.apache.commons.collections.iterators	ZippingIterator	1	ZippingIterator	3	arg2	recv	value	a
summary	org.apache.commons.collections.keyvalue	AbstractKeyValue	1	AbstractKeyValue	-	arg0	recv	value	a
summary	org.apache.commons.collections.keyvalue	AbstractKeyValue	1	AbstractKeyValue	-	arg1	recv	value	a
summary	org.apache.commons.collections.keyvalue	AbstractKeyValue	1	setKey	-	recv	ret	value	a
summary	org.apache.commons.collections.keyvalue	AbstractKeyValue	1	setKey	-	arg0	recv	value	a
summary	org.apache.commons.collections.keyvalue	AbstractKeyValue	1	setValue	-	recv	ret	value	a
summary	org.apache.commons.collections.keyvalue	AbstractKeyValue	1	setValue	-	arg0	recv	value	a
summary	org.apache.commons.collections.keyvalue	AbstractMapEntry	1	AbstractMapEntry	-	arg0	recv	value	a
summary	org.apache.commons.collections.keyvalue	AbstractMapEntry	1	AbstractMapEntry	-	arg1	recv	value	a
summary	org.apache.commons.collections.keyvalue	AbstractMapEntryDecorator	1	AbstractMapEntryDecorator	-	arg0	recv	value	a
summary	org.apache.commons.collections.keyvalue	AbstractMapEntryDecorator	1	getMapEntry	-	recv	ret	value	a
summary	org.apache.commons.collections.keyvalue	DefaultKeyValue	1	DefaultKeyValue	1	arg0	recv	value	a
summary	org.apache.commons.collections.keyvalue	DefaultKeyValue	1	DefaultKeyValue	2	arg0	recv	value	a
summary	org.apache.commons.collections.keyvalue	DefaultKeyValue	1	DefaultKeyValue	2	arg1	recv	value	a
summary	org.apache.commons.collections.keyvalue	DefaultKeyValue	1	toMapEntry	-	recv	ret	value	a
summary	org.apache.commons.collections.keyvalue	DefaultMapEntry	1	DefaultMapEntry	1	arg0	recv	value	a
summary	org.apache.commons.collections.keyvalue	DefaultMapEntry	1	DefaultMapEntry	2	arg0	recv	value	a
summary	org.apache.commons.collections.keyvalue	DefaultMapEntry	1	DefaultMapEntry	2	arg1	recv	value	a
summary	org.apache.commons.collections.keyvalue	MultiKey	1	MultiKey	1	arg0	recv	value	a
summary	org.apache.commons.collections.keyvalue	MultiKey	1	MultiKey	2	arg0	recv	value	a
summary	org.apache.commons.collections.keyvalue	MultiKey	1	MultiKey	2	arg1	recv	value	a
summary	org.apache.commons.collections.keyvalue	MultiKey	1	MultiKey	3	arg0	recv	value	a
summary	org.apache.commons.collections.keyvalue	MultiKey	1	MultiKey	3	arg1	recv	value	a
summary	org.apache.commons.collections.keyvalue	MultiKey	1	MultiKey	3	arg2	recv	value	a
summary	org.apache.commons.collections.keyvalue	MultiKey	1	MultiKey	4	arg0	recv	value	a
summary	org.apache.commons.collections.keyvalue	MultiKey	1	MultiKey	4	arg1	recv	value	a
summary	org.apache.commons.collections.keyvalue	MultiKey	1	MultiKey	4	arg2	recv	value	a
summary	org.apache.commons.collections.keyvalue	MultiKey	1	MultiKey	4	arg3	recv	value	a
summary	org.apache.commons.collections.keyvalue	MultiKey	1	MultiKey	5	arg0	recv	value	a
summary	org.apache.commons.collections.keyvalue	MultiKey	1	MultiKey	5	arg1	recv	value	a
summary	org.apache.commons.collections.keyvalue	MultiKey	1	MultiKey	5	arg2	recv	value	a
summary	org.apache.commons.collections.keyvalue	MultiKey	1	MultiKey	5	arg3	recv	value	a
summary	org.apache.commons.collections.keyvalue	MultiKey	1	MultiKey	5	arg4	recv	value	a
summary	org.apache.commons.collections.keyvalue	MultiKey	1	getKey	-	recv	ret	value	a
summary	org.apache.commons.collections.keyvalue	MultiKey	1	getKeys	-	recv	ret	value	a
summary	org.apache.commons.collections.keyvalue	TiedMapEntry	1	TiedMapEntry	-	arg0	recv	value	a
summary	org.apache.commons.collections.keyvalue	TiedMapEntry	1	TiedMapEntry	-	arg1	recv	value	a
summary	org.apache.commons.collections.keyvalue	UnmodifiableMapEntry	1	UnmodifiableMapEntry	1	arg0	recv	value	a
summary	org.apache.commons.collections.keyvalue	UnmodifiableMapEntry	1	UnmodifiableMapEntry	2	arg0	recv	value	a
summary	org.apache.commons.collections.keyvalue	UnmodifiableMapEntry	1	UnmodifiableMapEntry	2	arg1	recv	value	a
summary	org.apache.commons.collections.list	AbstractLinkedList	1	AbstractLinkedList	-	arg0	recv	value	a
summary	org.apache.commons.collections.list	AbstractLinkedList	1	addFirst	-	arg0	recv	value	a
summary	org.apache.commons.collections.list	AbstractLinkedList	1	addLast	-	arg0	recv	value	a
summary	org.apache.commons.collections.list	AbstractLinkedList	1	getFirst	-	recv	ret	value	a
summary	org.apache.commons.collections.list	AbstractLinkedList	1	getLast	-	recv	ret	value	a
summary	org.apache.commons.collections.list	AbstractLinkedList	1	removeFirst	-	recv	ret	value	a
summary	org.apache.commons.collections.list	AbstractLinkedList	1	removeLast	-	recv	ret	value	a
summary	org.apache.commons.collections.list	AbstractListDecorator	1	AbstractListDecorator	-	arg0	recv	value	a
summary	org.apache.commons.collections.list	AbstractSerializableListDecorator	1	AbstractSerializableListDecorator	-	arg0	recv	value	a
summary	org.apache.commons.collections.list	CursorableLinkedList	1	CursorableLinkedList	-	arg0	recv	value	a
summary	org.apache.commons.collections.list	CursorableLinkedList	1	cursor	-	recv	ret	value	a
summary	org.apache.commons.collections.list	FixedSizeList	1	fixedSizeList	-	arg0	ret	value	a
summary	org.apache.commons.collections.list	GrowthList	1	growthList	-	arg0	ret	value	a
summary	org.apache.commons.collections.list	LazyList	1	lazyList	-	arg0	ret	value	a
summary	org.apache.commons.collections.list	NodeCachingLinkedList	1	NodeCachingLinkedList	1	arg0	recv	value	a
summary	org.apache.commons.collections.list	PredicatedList	1	predicatedList	-	arg0	ret	value	a
summary	org.apache.commons.collections.list	SetUniqueList	1	asSet	-	recv	ret	value	a
summary	org.apache.commons.collections.list	SetUniqueList	1	setUniqueList	-	arg0	ret	value	a
summary	org.apache.commons.collections.list	TransformedList	1	transformingList	-	arg0	ret	value	a
summary	org.apache.commons.collections.list	TreeList	1	TreeList	-	arg0	recv	value	a
summary	org.apache.commons.collections.list	UnmodifiableList	1	UnmodifiableList	-	arg0	recv	value	a
summary	org.apache.commons.collections.list	UnmodifiableList	1	unmodifiableList	-	arg0	ret	value	a
summary	org.apache.commons.collections.map	AbstractHashedMap	1	AbstractHashedMap	1	arg0	recv	value	a
summary	org.apache.commons.collections.map	AbstractLinkedMap	1	AbstractLinkedMap	1	arg0	recv	value	a
summary	org.apache.commons.collections.map	AbstractMapDecorator	1	AbstractMapDecorator	1	arg0	recv	value	a
summary	org.apache.commons.collections.map	AbstractMapDecorator	1	decorated	-	recv	ret	value	a
summary	org.apache.commons.collections.map	AbstractOrderedMapDecorator	1	AbstractOrderedMapDecorator	1	arg0	recv	value	a
summary	org.apache.commons.collections.map	AbstractSortedMapDecorator	1	AbstractSortedMapDecorator	1	arg0	recv	value	a
summary	org.apache.commons.collections.map	CaseInsensitiveMap	1	CaseInsensitiveMap	1	arg0	recv	value	a
summary	org.apache.commons.collections.map	CompositeMap	1	CompositeMap	1	arg0	recv	value	a
summary	org.apache.commons.collections.map	CompositeMap	1	CompositeMap	2	arg0	recv	value	a
summary	org.apache.commons.collections.map	CompositeMap	1	CompositeMap	2	arg1	recv	value	a
summary	org.apache.commons.collections.map	CompositeMap	1	CompositeMap	3	arg0	recv	value	a
summary	org.apache.commons.collections.map	CompositeMap	1	CompositeMap	3	arg1	recv	value	a
summary	org.apache.commons.collections.map	CompositeMap	1	addComposited	-	arg0	recv	value	a
summary	org.apache.commons.collections.map	CompositeMap	1	removeComposited	-	recv	ret	value	a
summary	org.apache.commons.collections.map	CompositeMap	1	removeComposited	-	arg0	ret	value	-
summary	org.apache.commons.collections.map	DefaultedMap	1	DefaultedMap	1	arg0	recv	value	a
summary	org.apache.commons.collections.map	DefaultedMap	1	defaultedMap	-	arg0	ret	value	a
summary	org.apache.commons.collections.map	DefaultedMap	1	defaultedMap	2	arg1	ret	value	a
summary	org.apache.commons.collections.map	EntrySetToMapIteratorAdapter	1	EntrySetToMapIteratorAdapter	-	arg0	recv	value	a
summary	org.apache.commons.collections.map	FixedSizeMap	1	fixedSizeMap	-	arg0	ret	value	a
summary	org.apache.commons.collections.map	FixedSizeSortedMap	1	fixedSizeSortedMap	-	arg0	ret	value	a
summary	org.apache.commons.collections.map	Flat3Map	1	Flat3Map	-	arg0	recv	value	a
summary	org.apache.commons.collections.map	HashedMap	1	HashedMap	1	arg0	recv	value	a
summary	org.apache.commons.collections.map	LRUMap	1	LRUMap	1	arg0	recv	value	a
summary	org.apache.commons.collections.map	LRUMap	1	LRUMap	2	arg0	recv	value	a
summary	org.apache.commons.collections.map	LRUMap	1	get	2	arg0	ret	value	a
summary	org.apache.commons.collections.map	LazyMap	1	lazyMap	-	arg0	ret	value	a
summary	org.apache.commons.collections.map	LazySortedMap	1	lazySortedMap	-	arg0	ret	value	a
summary	org.apache.commons.collections.map	LinkedMap	1	LinkedMap	1	arg0	recv	value	a
summary	org.apache.commons.collections.map	LinkedMap	1	asList	-	recv	ret	value	a
summary	org.apache.commons.collections.map	LinkedMap	1	get	1	recv	ret	value	a
summary	org.apache.commons.collections.map	LinkedMap	1	getValue	1	recv	ret	value	a
summary	org.apache.commons.collections.map	LinkedMap	1	remove	1	recv	ret	value	a
summary	org.apache.commons.collections.map	ListOrderedMap	1	asList	-	recv	ret	value	a
summary	org.apache.commons.collections.map	ListOrderedMap	1	get	1	recv	ret	value	a
summary	org.apache.commons.collections.map	ListOrderedMap	1	getValue	1	recv	ret	value	a
summary	org.apache.commons.collections.map	ListOrderedMap	1	keyList	-	recv	ret	value	a
summary	org.apache.commons.collections.map	ListOrderedMap	1	listOrderedMap	-	arg0	ret	value	a
summary	org.apache.commons.collections.map	ListOrderedMap	1	put	-	arg1	recv	value	a
summary	org.apache.commons.collections.map	ListOrderedMap	1	put	-	arg2	recv	value	a
summary	org.apache.commons.collections.map	ListOrderedMap	1	putAll	-	arg1	recv	value	a
summary	org.apache.commons.collections.map	ListOrderedMap	1	remove	1	recv	ret	value	a
summary	org.apache.commons.collections.map	ListOrderedMap	1	setValue	-	arg1	recv	value	a
summary	org.apache.commons.collections.map	ListOrderedMap	1	valueList	-	recv	ret	value	a
summary	org.apache.commons.collections.map	MultiKeyMap	1	get	-	recv	ret	value	a
summary	org.apache.commons.collections.map	MultiKeyMap	1	put	-	recv	ret	value	a
summary	org.apache.commons.collections.map	MultiKeyMap	1	put	3	arg0	recv	value	a
summary	org.apache.commons.collections.map	MultiKeyMap	1	put	3	arg1	recv	value	a
summary	org.apache.commons.collections.map	MultiKeyMap	1	put	3	arg2	recv	value	a
summary	org.apache.commons.collections.map	MultiKeyMap	1	put	4	arg0	recv	value	a
summary	org.apache.commons.collections.map	MultiKeyMap	1	put	4	arg1	recv	value	a
summary	org.apache.commons.collections.map	MultiKeyMap	1	put	4	arg2	recv	value	a
summary	org.apache.commons.collections.map	MultiKeyMap	1	put	4	arg3	recv	value	a
summary	org.apache.commons.collections.map	MultiKeyMap	1	put	5	arg0	recv	value	a
summary	org.apache.commons.collections.map	MultiKeyMap	1	put	5	arg1	recv	value	a
summary	org.apache.commons.collections.map	MultiKeyMap	1	put	5	arg2	recv	value	a
summary	org.apache.commons.collections.map	MultiKeyMap	1	put	5	arg3	recv	value	a
summary	org.apache.commons.collections.map	MultiKeyMap	1	put	5	arg4	recv	value	a
summary	org.apache.commons.collections.map	MultiKeyMap	1	put	6	arg0	recv	value	a
summary	org.apache.commons.collections.map	MultiKeyMap	1	put	6	arg1	recv	value	a
summary	org.apache.commons.collections.map	MultiKeyMap	1	put	6	arg2	recv	value	a
summary	org.apache.commons.collections.map	MultiKeyMap	1	put	6	arg3	recv	value	a
summary	org.apache.commons.collections.map	MultiKeyMap	1	put	6	arg4	recv	value	a
summary	org.apache.commons.collections.map	MultiKeyMap	1	put	6	arg5	recv	value	a
summary	org.apache.commons.collections.map	MultiKeyMap	1	removeMultiKey	-	recv	ret	value	a
summary	org.apache.commons.collections.map	MultiValueMap	1	getCollection	-	recv	ret	value	a
summary	org.apache.commons.collections.map	MultiValueMap	1	iterator	0	recv	ret	value	a
summary	org.apache.commons.collections.map	MultiValueMap	1	iterator	1	recv	ret	value	a
summary	org.apache.commons.collections.map	MultiValueMap	1	multiValueMap	-	arg0	ret	value	a
summary	org.apache.commons.collections.map	MultiValueMap	1	putAll	1	arg0	recv	value	a
summary	org.apache.commons.collections.map	MultiValueMap	1	putAll	2	arg0	recv	value	a
summary	org.apache.commons.collections.map	MultiValueMap	1	putAll	2	arg1	recv	value	a
summary	org.apache.commons.collections.map	MultiValueMap	1	values	-	recv	ret	value	a
summary	org.apache.commons.collections.map	PassiveExpiringMap	1	PassiveExpiringMap	1	arg0	recv	value	a
summary	org.apache.commons.collections.map	PassiveExpiringMap	1	PassiveExpiringMap	2	arg1	recv	value	a
summary	org.apache.commons.collections.map	PassiveExpiringMap	1	PassiveExpiringMap	3	arg2	recv	value	a
summary	org.apache.commons.collections.map	PredicatedMap	1	predicatedMap	-	arg0	ret	value	a
summary	org.apache.commons.collections.map	PredicatedSortedMap	1	predicatedSortedMap	-	arg0	ret	value	a
summary	org.apache.commons.collections.map	SingletonMap	1	SingletonMap	1	arg0	recv	value	a
summary	org.apache.commons.collections.map	SingletonMap	1	SingletonMap	2	arg0	recv	value	a
summary	org.apache.commons.collections.map	SingletonMap	1	SingletonMap	2	arg1	recv	value	a
summary	org.apache.commons.collections.map	SingletonMap	1	setValue	-	arg0	recv	value	a
summary	org.apache.commons.collections.map	TransformedMap	1	transformingMap	-	arg0	ret	value	a
summary	org.apache.commons.collections.map	TransformedSortedMap	1	transformingSortedMap	-	arg0	ret	value	a
summary	org.apache.commons.collections.map	UnmodifiableEntrySet	1	unmodifiableEntrySet	-	arg0	ret	value	a
summary	org.apache.commons.collections.map	UnmodifiableMap	1	unmodifiableMap	-	arg0	ret	value	a
summary	org.apache.commons.collections.map	UnmodifiableOrderedMap	1	unmodifiableOrderedMap	-	arg0	ret	value	a
summary	org.apache.commons.collections.map	UnmodifiableSortedMap	1	unmodifiableSortedMap	-	arg0	ret	value	a
summary	org.apache.commons.collections.multimap	ArrayListValuedHashMap	1	ArrayListValuedHashMap	1	arg0	recv	value	a
summary	org.apache.commons.collections.multimap	HashSetValuedHashMap	1	HashSetValuedHashMap	1	arg0	recv	value	a
summary	org.apache.commons.collections.multimap	TransformedMultiValuedMap	1	transformingMap	-	arg0	ret	value	a
summary	org.apache.commons.collections.multimap	UnmodifiableMultiValuedMap	1	unmodifiableMultiValuedMap	1	arg0	ret	value	a
summary	org.apache.commons.collections.multiset	HashMultiSet	1	HashMultiSet	-	arg0	recv	value	a
summary	org.apache.commons.collections.multiset	PredicatedMultiSet	1	predicatedMultiSet	-	arg0	ret	value	a
summary	org.apache.commons.collections.multiset	SynchronizedMultiSet	1	synchronizedMultiSet	-	arg0	ret	value	a
summary	org.apache.commons.collections.multiset	UnmodifiableMultiSet	1	unmodifiableMultiSet	-	arg0	ret	value	a
summary	org.apache.commons.collections.properties	AbstractPropertiesFactory	1	load	1	arg0	ret	taint	-
summary	org.apache.commons.collections.properties	AbstractPropertiesFactory	1	load	2	arg1	ret	taint	-
summary	org.apache.commons.collections.queue	CircularFifoQueue	1	CircularFifoQueue	1	arg0	recv	value	a
summary	org.apache.commons.collections.queue	CircularFifoQueue	1	get	-	recv	ret	value	a
summary	org.apache.commons.collections.queue	PredicatedQueue	1	predicatedQueue	-	arg0	ret	value	a
summary	org.apache.commons.collections.queue	SynchronizedQueue	1	synchronizedQueue	-	arg0	ret	value	a
summary	org.apache.commons.collections.queue	TransformedQueue	1	transformingQueue	-	arg0	ret	value	a
summary	org.apache.commons.collections.queue	UnmodifiableQueue	1	unmodifiableQueue	-	arg0	ret	value	a
summary	org.apache.commons.collections.set	AbstractNavigableSetDecorator	1	AbstractNavigableSetDecorator	-	arg0	recv	value	a
summary	org.apache.commons.collections.set	AbstractSetDecorator	1	AbstractSetDecorator	-	arg0	recv	value	a
summary	org.apache.commons.collections.set	AbstractSortedSetDecorator	1	AbstractSortedSetDecorator	-	arg0	recv	value	a
summary	org.apache.commons.collections.set	CompositeSet	1	CompositeSet	1	arg0	recv	value	a
summary	org.apache.commons.collections.set	CompositeSet	1	addComposited	1	arg0	recv	value	a
summary	org.apache.commons.collections.set	CompositeSet	1	addComposited	2	arg0	recv	value	a
summary	org.apache.commons.collections.set	CompositeSet	1	addComposited	2	arg1	recv	value	a
summary	org.apache.commons.collections.set	CompositeSet	1	getSets	-	recv	ret	value	a
summary	org.apache.commons.collections.set	CompositeSet	1	toSet	-	recv	ret	value	a
summary	org.apache.commons.collections.set	ListOrderedSet	1	add	-	arg1	recv	value	a
summary	org.apache.commons.collections.set	ListOrderedSet	1	addAll	-	arg1	recv	value	a
summary	org.apache.commons.collections.set	ListOrderedSet	1	asList	-	recv	ret	value	a
summary	org.apache.commons.collections.set	ListOrderedSet	1	get	-	recv	ret	value	a
summary	org.apache.commons.collections.set	ListOrderedSet	1	listOrderedSet	1	arg0	ret	value	a
summary	org.apache.commons.collections.set	MapBackedSet	1	mapBackedSet	-	arg0	ret	value	a
summary	org.apache.commons.collections.set	PredicatedNavigableSet	1	predicatedNavigableSet	-	arg0	ret	value	a
summary	org.apache.commons.collections.set	PredicatedSet	1	predicatedSet	-	arg0	ret	value	a
summary	org.apache.commons.collections.set	PredicatedSortedSet	1	predicatedSortedSet	-	arg0	ret	value	a
summary	org.apache.commons.collections.set	SetMutator	1	add	-	arg2	arg0	value	a
summary	org.apache.commons.collections.set	SetMutator	1	add	-	arg2	arg1	value	a
summary	org.apache.commons.collections.set	SetMutator	1	addAll	-	arg2	arg0	value	a
summary	org.apache.commons.collections.set	SetMutator	1	addAll	-	arg2	arg1	value	a
summary	org.apache.commons.collections.set	TransformedNavigableSet	1	transformingNavigableSet	-	arg0	ret	value	a
summary	org.apache.commons.collections.set	TransformedSet	1	transformingSet	-	arg0	ret	value	a
summary	org.apache.commons.collections.set	TransformedSortedSet	1	transformingSortedSet	-	arg0	ret	value	a
summary	org.apache.commons.collections.set	UnmodifiableNavigableSet	1	unmodifiableNavigableSet	-	arg0	ret	value	a
summary	org.apache.commons.collections.set	UnmodifiableSet	1	unmodifiableSet	-	arg0	ret	value	a
summary	org.apache.commons.collections.set	UnmodifiableSortedSet	1	unmodifiableSortedSet	-	arg0	ret	value	a
summary	org.apache.commons.collections.splitmap	AbstractIterableGetMapDecorator	1	AbstractIterableGetMapDecorator	-	arg0	recv	value	a
summary	org.apache.commons.collections.splitmap	TransformedSplitMap	1	transformingMap	-	arg0	ret	value	a
summary	org.apache.commons.collections.trie	AbstractPatriciaTrie	1	select	-	recv	ret	value	a
summary	org.apache.commons.collections.trie	AbstractPatriciaTrie	1	selectKey	-	recv	ret	value	a
summary	org.apache.commons.collections.trie	AbstractPatriciaTrie	1	selectValue	-	recv	ret	value	a
summary	org.apache.commons.collections.trie	PatriciaTrie	1	PatriciaTrie	-	arg0	recv	value	a
summary	org.apache.commons.collections.trie	UnmodifiableTrie	1	unmodifiableTrie	-	arg0	ret	value	a
summary	org.apache.commons.collections4	ArrayStack	1	peek	-	recv	ret	value	a
summary	org.apache.commons.collections4	ArrayStack	1	pop	-	recv	ret	value	a
summary	org.apache.commons.collections4	ArrayStack	1	push	-	arg0	ret	value	-
summary	org.apache.commons.collections4	ArrayStack	1	push	-	arg0	recv	value	a
summary	org.apache.commons.collections4	Bag	1	add	-	arg0	recv	value	a
summary	org.apache.commons.collections4	Bag	1	uniqueSet	-	recv	ret	value	a
summary	org.apache.commons.collections4	BagUtils	1	collectionBag	-	arg0	ret	value	a
summary	org.apache.commons.collections4	BagUtils	1	predicatedBag	-	arg0	ret	value	a
summary	org.apache.commons.collections4	BagUtils	1	predicatedSortedBag	-	arg0	ret	value	a
summary	org.apache.commons.collections4	BagUtils	1	synchronizedBag	-	arg0	ret	value	a
summary	org.apache.commons.collections4	BagUtils	1	synchronizedSortedBag	-	arg0	ret	value	a
summary	org.apache.commons.collections4	BagUtils	1	transformingBag	-	arg0	ret	value	a
summary	org.apache.commons.collections4	BagUtils	1	transformingSortedBag	-	arg0	ret	value	a
summary	org.apache.commons.collections4	BagUtils	1	unmodifiableBag	-	arg0	ret	value	a
summary	org.apache.commons.collections4	BagUtils	1	unmodifiableSortedBag	-	arg0	ret	value	a
summary	org.apache.commons.collections4	BidiMap	1	getKey	-	recv	ret	value	a
summary	org.apache.commons.collections4	BidiMap	1	inverseBidiMap	-	recv	ret	value	a
summary	org.apache.commons.collections4	BidiMap	1	removeValue	-	recv	ret	value	a
summary	org.apache.commons.collections4	CollectionUtils	1	addAll	2	arg1	arg0	value	a
summary	org.apache.commons.collections4	CollectionUtils	1	addIgnoreNull	-	arg1	arg0	value	a
summary	org.apache.commons.collections4	CollectionUtils	1	collate	-	arg0	ret	value	a
summary	org.apache.commons.collections4	CollectionUtils	1	collate	-	arg1	ret	value	a
summary	org.apache.commons.collections4	CollectionUtils	1	disjunction	-	arg0	ret	value	a
summary	org.apache.commons.collections4	CollectionUtils	1	disjunction	-	arg1	ret	value	a
summary	org.apache.commons.collections4	CollectionUtils	1	emptyIfNull	-	arg0	ret	value	-
summary	org.apache.commons.collections4	CollectionUtils	1	extractSingleton	-	arg0	ret	value	a
summary	org.apache.commons.collections4	CollectionUtils	1	find	-	arg0	ret	value	a
summary	org.apache.commons.collections4	CollectionUtils	1	get	2	arg0	ret	value	a
summary	org.apache.commons.collections4	CollectionUtils	1	getCardinalityMap	-	arg0	ret	value	a
summary	org.apache.commons.collections4	CollectionUtils	1	intersection	-	arg0	ret	value	a
summary	org.apache.commons.collections4	CollectionUtils	1	intersection	-	arg1	ret	value	a
summary	org.apache.commons.collections4	CollectionUtils	1	permutations	-	arg0	ret	value	a
summary	org.apache.commons.collections4	CollectionUtils	1	predicatedCollection	-	arg0	ret	value	a
summary	org.apache.commons.collections4	CollectionUtils	1	removeAll	-	arg0	ret	value	a
summary	org.apache.commons.collections4	CollectionUtils	1	retainAll	-	arg0	ret	value	a
summary	org.apache.commons.collections4	CollectionUtils	1	select	2	arg0	ret	value	a
summary	org.apache.commons.collections4	CollectionUtils	1	select	3	arg0	arg2	value	a
summary	org.apache.commons.collections4	CollectionUtils	1	select	3	arg2	ret	value	-
summary	org.apache.commons.collections4	CollectionUtils	1	select	4	arg0	arg2	value	a
summary	org.apache.commons.collections4	CollectionUtils	1	select	4	arg0	arg3	value	a
summary	org.apache.commons.collections4	CollectionUtils	1	select	4	arg2	ret	value	-
summary	org.apache.commons.collections4	CollectionUtils	1	selectRejected	2	arg0	ret	value	a
summary	org.apache.commons.collections4	CollectionUtils	1	selectRejected	3	arg0	arg2	value	a
summary	org.apache.commons.collections4	CollectionUtils	1	selectRejected	3	arg2	ret	value	-
summary	org.apache.commons.collections4	CollectionUtils	1	subtract	-	arg0	ret	value	a
summary	org.apache.commons.collections4	CollectionUtils	1	synchronizedCollection	-	arg0	ret	value	a
summary	org.apache.commons.collections4	CollectionUtils	1	transformingCollection	-	arg0	ret	value	a
summary	org.apache.commons.collections4	CollectionUtils	1	union	-	arg0	ret	value	a
summary	org.apache.commons.collections4	CollectionUtils	1	union	-	arg1	ret	value	a
summary	org.apache.commons.collections4	CollectionUtils	1	unmodifiableCollection	-	arg0	ret	value	a
summary	org.apache.commons.collections4	Entry	1	getElement	-	recv	ret	value	a
summary	org.apache.commons.collections4	EnumerationUtils	1	get	-	arg0	ret	value	a
summary	org.apache.commons.collections4	EnumerationUtils	1	toList	1	arg0	ret	taint	a
summary	org.apache.commons.collections4	EnumerationUtils	1	toList	1	arg0	ret	value	a
summary	org.apache.commons.collections4	FluentIterable	1	append	1	recv	ret	value	a
summary	org.apache.commons.collections4	FluentIterable	1	append	1	arg0	ret	value	a
summary	org.apache.commons.collections4	FluentIterable	1	asEnumeration	-	recv	ret	value	a
summary	org.apache.commons.collections4	FluentIterable	1	collate	-	recv	ret	value	a
summary	org.apache.commons.collections4	FluentIterable	1	collate	-	arg0	ret	value	a
summary	org.apache.commons.collections4	FluentIterable	1	copyInto	-	recv	arg0	value	a
summary	org.apache.commons.collections4	FluentIterable	1	eval	-	recv	ret	value	a
summary	org.apache.commons.collections4	FluentIterable	1	filter	-	recv	ret	value	a
summary	org.apache.commons.collections4	FluentIterable	1	get	-	recv	ret	value	a
summary	org.apache.commons.collections4	FluentIterable	1	limit	-	recv	ret	value	a
summary	org.apache.commons.collections4	FluentIterable	1	loop	-	recv	ret	value	a
summary	org.apache.commons.collections4	FluentIterable	1	of	1	arg0	ret	value	a
summary	org.apache.commons.collections4	FluentIterable	1	reverse	-	recv	ret	value	a
summary	org.apache.commons.collections4	FluentIterable	1	skip	-	recv	ret	value	a
summary	org.apache.commons.collections4	FluentIterable	1	toArray	-	recv	ret	value	a
summary	org.apache.commons.collections4	FluentIterable	1	toList	-	recv	ret	value	a
summary	org.apache.commons.collections4	FluentIterable	1	unique	-	recv	ret	value	a
summary	org.apache.commons.collections4	FluentIterable	1	unmodifiable	-	recv	ret	value	a
summary	org.apache.commons.collections4	FluentIterable	1	zip	1	recv	ret	value	a
summary	org.apache.commons.collections4	FluentIterable	1	zip	1	arg0	ret	value	a
summary	org.apache.commons.collections4	Get	1	entrySet	-	recv	ret	value	a
summary	org.apache.commons.collections4	Get	1	get	-	recv	ret	value	a
summary	org.apache.commons.collections4	Get	1	keySet	0	recv	ret	value	a
summary	org.apache.commons.collections4	Get	1	remove	1	recv	ret	value	a
summary	org.apache.commons.collections4	Get	1	values	0	recv	ret	value	a
summary	org.apache.commons.collections4	IterableGet	1	mapIterator	-	recv	ret	value	a
summary	org.apache.commons.collections4	IterableUtils	1	boundedIterable	-	arg0	ret	value	a
summary	org.apache.commons.collections4	IterableUtils	1	chainedIterable	1	arg0	ret	value	a
summary	org.apache.commons.collections4	IterableUtils	1	chainedIterable	2	arg0	ret	value	a
summary	org.apache.commons.collections4	IterableUtils	1	chainedIterable	2	arg1	ret	value	a
summary	org.apache.commons.collections4	IterableUtils	1	chainedIterable	3	arg0	ret	value	a
summary	org.apache.commons.collections4	IterableUtils	1	chainedIterable	3	arg1	ret	value	a
summary	org.apache.commons.collections4	IterableUtils	1	chainedIterable	3	arg2	ret	value	a
summary	org.apache.commons.collections4	IterableUtils	1	chainedIterable	4	arg0	ret	value	a
summary	org.apache.commons.collections4	IterableUtils	1	chainedIterable	4	arg1	ret	value	a
summary	org.apache.commons.collections4	IterableUtils	1	chainedIterable	4	arg2	ret	value	a
summary	org.apache.commons.collections4	IterableUtils	1	chainedIterable	4	arg3	ret	value	a
summary	org.apache.commons.collections4	IterableUtils	1	collatedIterable	2	arg0	ret	value	a
summary	org.apache.commons.collections4	IterableUtils	1	collatedIterable	2	arg1	ret	value	a
summary	org.apache.commons.collections4	IterableUtils	1	collatedIterable	3	arg1	ret	value	a
summary	org.apache.commons.collections4	IterableUtils	1	collatedIterable	3	arg2	ret	value	a
summary	org.apache.commons.collections4	IterableUtils	1	emptyIfNull	-	arg0	ret	value	-
summary	org.apache.commons.collections4	IterableUtils	1	filteredIterable	-	arg0	ret	value	a
summary	org.apache.commons.collections4	IterableUtils	1	find	-	arg0	ret	value	a
summary	org.apache.commons.collections4	IterableUtils	1	first	-	arg0	ret	value	a
summary	org.apache.commons.collections4	IterableUtils	1	forEachButLast	-	arg0	ret	value	a
summary	org.apache.commons.collections4	IterableUtils	1	get	-	arg0	ret	value	a
summary	org.apache.commons.collections4	IterableUtils	1	loopingIterable	-	arg0	ret	value	a
summary	org.apache.commons.collections4	IterableUtils	1	partition	-	arg0	ret	value	a
summary	org.apache.commons.collections4	IterableUtils	1	reversedIterable	-	arg0	ret	value	a
summary	org.apache.commons.collections4	IterableUtils	1	skippingIterable	-	arg0	ret	value	a
summary	org.apache.commons.collections4	IterableUtils	1	toList	-	arg0	ret	value	a
summary	org.apache.commons.collections4	IterableUtils	1	toString	-	arg2	ret	taint	-
summary	org.apache.commons.collections4	IterableUtils	1	toString	-	arg3	ret	taint	-
summary	org.apache.commons.collections4	IterableUtils	1	toString	-	arg4	ret	taint	-
summary	org.apache.commons.collections4	IterableUtils	1	uniqueIterable	-	arg0	ret	value	a
summary	org.apache.commons.collections4	IterableUtils	1	unmodifiableIterable	-	arg0	ret	value	a
summary	org.apache.commons.collections4	IterableUtils	1	zippingIterable	-	arg0	ret	value	a
summary	org.apache.commons.collections4	IterableUtils	1	zippingIterable	2	arg1	ret	value	a
summary	org.apache.commons.collections4	IteratorUtils	1	arrayIterator	-	arg0	ret	value	a
summary	org.apache.commons.collections4	IteratorUtils	1	arrayListIterator	-	arg0	ret	value	a
summary	org.apache.commons.collections4	IteratorUtils	1	asEnumeration	-	arg0	ret	value	a
summary	org.apache.commons.collections4	IteratorUtils	1	asIterable	-	arg0	ret	value	a
summary	org.apache.commons.collections4	IteratorUtils	1	asIterator	-	arg0	ret	value	a
summary	org.apache.commons.collections4	IteratorUtils	1	asMultipleUseIterable	-	arg0	ret	value	a
summary	org.apache.commons.collections4	IteratorUtils	1	boundedIterator	-	arg0	ret	value	a
summary	org.apache.commons.collections4	IteratorUtils	1	chainedIterator	1	arg0	ret	value	a
summary	org.apache.commons.collections4	IteratorUtils	1	chainedIterator	2	arg0	ret	value	a
summary	org.apache.commons.collections4	IteratorUtils	1	chainedIterator	2	arg1	ret	value	a
summary	org.apache.commons.collections4	IteratorUtils	1	collatedIterator	2	arg1	ret	value	a
summary	org.apache.commons.collections4	IteratorUtils	1	collatedIterator	3	arg1	ret	value	a
summary	org.apache.commons.collections4	IteratorUtils	1	collatedIterator	3	arg2	ret	value	a
summary	org.apache.commons.collections4	IteratorUtils	1	filteredIterator	-	arg0	ret	value	a
summary	org.apache.commons.collections4	IteratorUtils	1	filteredListIterator	-	arg0	ret	value	a
summary	org.apache.commons.collections4	IteratorUtils	1	find	-	arg0	ret	value	a
summary	org.apache.commons.collections4	IteratorUtils	1	first	-	arg0	ret	value	a
summary	org.apache.commons.collections4	IteratorUtils	1	forEachButLast	-	arg0	ret	value	a
summary	org.apache.commons.collections4	IteratorUtils	1	get	-	arg0	ret	value	a
summary	org.apache.commons.collections4	IteratorUtils	1	getIterator	-	arg0	ret	value	a
summary	org.apache.commons.collections4	IteratorUtils	1	loopingIterator	-	arg0	ret	value	a
summary	org.apache.commons.collections4	IteratorUtils	1	loopingListIterator	-	arg0	ret	value	a
summary	org.apache.commons.collections4	IteratorUtils	1	peekingIterator	-	arg0	ret	value	a
summary	org.apache.commons.collections4	IteratorUtils	1	pushbackIterator	-	arg0	ret	value	a
summary	org.apache.commons.collections4	IteratorUtils	1	singletonIterator	-	arg0	ret	value	a
summary	org.apache.commons.collections4	IteratorUtils	1	singletonListIterator	-	arg0	ret	value	a
summary	org.apache.commons.collections4	IteratorUtils	1	skippingIterator	-	arg0	ret	value	a
summary	org.apache.commons.collections4	IteratorUtils	1	toArray	-	arg0	ret	value	a
summary	org.apache.commons.collections4	IteratorUtils	1	toList	-	arg0	ret	value	a
summary	org.apache.commons.collections4	IteratorUtils	1	toListIterator	-	arg0	ret	value	a
summary	org.apache.commons.collections4	IteratorUtils	1	toString	-	arg2	ret	taint	-
summary	org.apache.commons.collections4	IteratorUtils	1	toString	-	arg3	ret	taint	-
summary	org.apache.commons.collections4	IteratorUtils	1	toString	-	arg4	ret	taint	-
summary	org.apache.commons.collections4	IteratorUtils	1	unmodifiableIterator	-	arg0	ret	value	a
summary	org.apache.commons.collections4	IteratorUtils	1	unmodifiableListIterator	-	arg0	ret	value	a
summary	org.apache.commons.collections4	IteratorUtils	1	unmodifiableMapIterator	-	arg0	ret	value	a
summary	org.apache.commons.collections4	IteratorUtils	1	zippingIterator	1	arg0	ret	value	a
summary	org.apache.commons.collections4	IteratorUtils	1	zippingIterator	2	arg0	ret	value	a
summary	org.apache.commons.collections4	IteratorUtils	1	zippingIterator	2	arg1	ret	value	a
summary	org.apache.commons.collections4	IteratorUtils	1	zippingIterator	3	arg0	ret	value	a
summary	org.apache.commons.collections4	IteratorUtils	1	zippingIterator	3	arg1	ret	value	a
summary	org.apache.commons.collections4	IteratorUtils	1	zippingIterator	3	arg2	ret	value	a
summary	org.apache.commons.collections4	KeyValue	1	getKey	-	recv	ret	value	a
summary	org.apache.commons.collections4	KeyValue	1	getValue	-	recv	ret	value	a
summary	org.apache.commons.collections4	ListUtils	1	defaultIfNull	-	arg0	ret	value	-
summary	org.apache.commons.collections4	ListUtils	1	defaultIfNull	-	arg1	ret	value	-
summary	org.apache.commons.collections4	ListUtils	1	emptyIfNull	-	arg0	ret	value	-
summary	org.apache.commons.collections4	ListUtils	1	fixedSizeList	-	arg0	ret	value	a
summary	org.apache.commons.collections4	ListUtils	1	intersection	-	arg0	ret	value	a
summary	org.apache.commons.collections4	ListUtils	1	intersection	-	arg1	ret	value	a
summary	org.apache.commons.collections4	ListUtils	1	lazyList	-	arg0	ret	value	a
summary	org.apache.commons.collections4	ListUtils	1	longestCommonSubsequence	2	arg0	ret	taint	-
summary	org.apache.commons.collections4	ListUtils	1	longestCommonSubsequence	2	arg0	ret	value	a
summary	org.apache.commons.collections4	ListUtils	1	longestCommonSubsequence	2	arg1	ret	taint	-
summary	org.apache.commons.collections4	ListUtils	1	longestCommonSubsequence	2	arg1	ret	value	a
summary	org.apache.commons.collections4	ListUtils	1	longestCommonSubsequence	3	arg0	ret	value	a
summary	org.apache.commons.collections4	ListUtils	1	longestCommonSubsequence	3	arg1	ret	value	a
summary	org.apache.commons.collections4	ListUtils	1	partition	-	arg0	ret	value	a
summary	org.apache.commons.collections4	ListUtils	1	predicatedList	-	arg0	ret	value	a
summary	org.apache.commons.collections4	ListUtils	1	removeAll	-	arg0	ret	value	a
summary	org.apache.commons.collections4	ListUtils	1	retainAll	-	arg0	ret	value	a
summary	org.apache.commons.collections4	ListUtils	1	select	-	arg0	ret	value	a
summary	org.apache.commons.collections4	ListUtils	1	selectRejected	-	arg0	ret	value	a
summary	org.apache.commons.collections4	ListUtils	1	subtract	-	arg0	ret	value	a
summary	org.apache.commons.collections4	ListUtils	1	sum	-	arg0	ret	value	a
summary	org.apache.commons.collections4	ListUtils	1	sum	-	arg1	ret	value	a
summary	org.apache.commons.collections4	ListUtils	1	synchronizedList	-	arg0	ret	value	a
summary	org.apache.commons.collections4	ListUtils	1	transformedList	-	arg0	ret	value	a
summary	org.apache.commons.collections4	ListUtils	1	union	-	arg0	ret	value	a
summary	org.apache.commons.collections4	ListUtils	1	union	-	arg1	ret	value	a
summary	org.apache.commons.collections4	ListUtils	1	unmodifiableList	-	arg0	ret	value	a
summary	org.apache.commons.collections4	MapIterator	1	getKey	-	recv	ret	value	a
summary	org.apache.commons.collections4	MapIterator	1	getValue	-	recv	ret	value	a
summary	org.apache.commons.collections4	MapIterator	1	setValue	-	recv	ret	value	a
summary	org.apache.commons.collections4	MapIterator	1	setValue	-	arg0	recv	value	a
summary	org.apache.commons.collections4	MapUtils	1	emptyIfNull	-	arg0	ret	value	-
summary	org.apache.commons.collections4	MapUtils	1	fixedSizeMap	-	arg0	ret	value	a
summary	org.apache.commons.collections4	MapUtils	1	fixedSizeSortedMap	-	arg0	ret	value	a
summary	org.apache.commons.collections4	MapUtils	1	getMap	-	arg0	ret	value	a
summary	org.apache.commons.collections4	MapUtils	1	getMap	-	arg2	ret	value	-
summary	org.apache.commons.collections4	MapUtils	1	getObject	-	arg0	ret	value	a
summary	org.apache.commons.collections4	MapUtils	1	getObject	-	arg2	ret	value	-
summary	org.apache.commons.collections4	MapUtils	1	getString	-	arg0	ret	value	a
summary	org.apache.commons.collections4	MapUtils	1	getString	-	arg2	ret	value	-
summary	org.apache.commons.collections4	MapUtils	1	invertMap	-	arg0	ret	value	a
summary	org.apache.commons.collections4	MapUtils	1	iterableMap	-	arg0	ret	value	a
summary	org.apache.commons.collections4	MapUtils	1	iterableSortedMap	-	arg0	ret	value	a
summary	org.apache.commons.collections4	MapUtils	1	lazyMap	-	arg0	ret	value	a
summary	org.apache.commons.collections4	MapUtils	1	lazySortedMap	-	arg0	ret	value	a
summary	org.apache.commons.collections4	MapUtils	1	multiValueMap	-	arg0	ret	value	a
summary	org.apache.commons.collections4	MapUtils	1	orderedMap	-	arg0	ret	value	a
summary	org.apache.commons.collections4	MapUtils	1	populateMap	3	arg1	arg0	value	a
summary	org.apache.commons.collections4	MapUtils	1	predicatedMap	-	arg0	ret	value	a
summary	org.apache.commons.collections4	MapUtils	1	predicatedSortedMap	-	arg0	ret	value	a
summary	org.apache.commons.collections4	MapUtils	1	putAll	-	arg1	ret	value	a
summary	org.apache.commons.collections4	MapUtils	1	putAll	-	arg1	arg0	value	a
summary	org.apache.commons.collections4	MapUtils	1	safeAddToMap	-	arg1	arg0	value	a
summary	org.apache.commons.collections4	MapUtils	1	safeAddToMap	-	arg2	arg0	value	a
summary	org.apache.commons.collections4	MapUtils	1	synchronizedMap	-	arg0	ret	value	a
summary	org.apache.commons.collections4	MapUtils	1	synchronizedSortedMap	-	arg0	ret	value	a
summary	org.apache.commons.collections4	MapUtils	1	toMap	-	arg0	ret	value	a
summary	org.apache.commons.collections4	MapUtils	1	transformedMap	-	arg0	ret	value	a
summary	org.apache.commons.collections4	MapUtils	1	transformedSortedMap	-	arg0	ret	value	a
summary	org.apache.commons.collections4	MapUtils	1	unmodifiableMap	-	arg0	ret	value	a
summary	org.apache.commons.collections4	MapUtils	1	unmodifiableSortedMap	-	arg0	ret	value	a
summary	org.apache.commons.collections4	MultiMap	1	get	-	recv	ret	value	a
summary	org.apache.commons.collections4	MultiMap	1	put	-	arg0	recv	value	a
summary	org.apache.commons.collections4	MultiMap	1	put	-	arg1	recv	value	a
summary	org.apache.commons.collections4	MultiMap	1	values	-	recv	ret	value	a
summary	org.apache.commons.collections4	MultiMapUtils	1	emptyIfNull	-	arg0	ret	value	-
summary	org.apache.commons.collections4	MultiMapUtils	1	getCollection	-	arg0	ret	value	a
summary	org.apache.commons.collections4	MultiMapUtils	1	getValuesAsBag	-	arg0	ret	value	a
summary	org.apache.commons.collections4	MultiMapUtils	1	getValuesAsList	-	arg0	ret	value	a
summary	org.apache.commons.collections4	MultiMapUtils	1	getValuesAsSet	-	arg0	ret	value	a
summary	org.apache.commons.collections4	MultiMapUtils	1	transformedMultiValuedMap	-	arg0	ret	value	a
summary	org.apache.commons.collections4	MultiMapUtils	1	unmodifiableMultiValuedMap	-	arg0	ret	value	a
summary	org.apache.commons.collections4	MultiSet	1	add	-	arg0	recv	value	a
summary	org.apache.commons.collections4	MultiSet	1	entrySet	-	recv	ret	value	a
summary	org.apache.commons.collections4	MultiSet	1	uniqueSet	-	recv	ret	value	a
summary	org.apache.commons.collections4	MultiSetUtils	1	predicatedMultiSet	-	arg0	ret	value	a
summary	org.apache.commons.collections4	MultiSetUtils	1	synchronizedMultiSet	-	arg0	ret	value	a
summary	org.apache.commons.collections4	MultiSetUtils	1	unmodifiableMultiSet	-	arg0	ret	value	a
summary	org.apache.commons.collections4	MultiValuedMap	1	asMap	-	recv	ret	value	a
summary	org.apache.commons.collections4	MultiValuedMap	1	entries	-	recv	ret	value	a
summary	org.apache.commons.collections4	MultiValuedMap	1	get	-	recv	ret	value	a
summary	org.apache.commons.collections4	MultiValuedMap	1	keySet	-	recv	ret	value	a
summary	org.apache.commons.collections4	MultiValuedMap	1	keys	-	recv	ret	value	a
summary	org.apache.commons.collections4	MultiValuedMap	1	mapIterator	-	recv	ret	value	a
summary	org.apache.commons.collections4	MultiValuedMap	1	put	-	arg0	recv	value	a
summary	org.apache.commons.collections4	MultiValuedMap	1	put	-	arg1	recv	value	a
summary	org.apache.commons.collections4	MultiValuedMap	1	putAll	1	arg0	recv	value	a
summary	org.apache.commons.collections4	MultiValuedMap	1	putAll	2	arg0	recv	value	a
summary	org.apache.commons.collections4	MultiValuedMap	1	putAll	2	arg1	recv	value	a
summary	org.apache.commons.collections4	MultiValuedMap	1	remove	-	recv	ret	value	a
summary	org.apache.commons.collections4	MultiValuedMap	1	values	-	recv	ret	value	a
summary	org.apache.commons.collections4	OrderedIterator	1	previous	-	recv	ret	value	a
summary	org.apache.commons.collections4	OrderedMap	1	firstKey	-	recv	ret	value	a
summary	org.apache.commons.collections4	OrderedMap	1	lastKey	-	recv	ret	value	a
summary	org.apache.commons.collections4	OrderedMap	1	nextKey	-	recv	ret	value	a
summary	org.apache.commons.collections4	OrderedMap	1	previousKey	-	recv	ret	value	a
summary	org.apache.commons.collections4	Put	1	put	2	recv	ret	value	a
summary	org.apache.commons.collections4	Put	1	put	2	arg0	recv	value	a
summary	org.apache.commons.collections4	Put	1	put	2	arg1	recv	value	a
summary	org.apache.commons.collections4	Put	1	putAll	1	arg0	recv	value	a
summary	org.apache.commons.collections4	QueueUtils	1	predicatedQueue	-	arg0	ret	value	a
summary	org.apache.commons.collections4	QueueUtils	1	synchronizedQueue	-	arg0	ret	value	a
summary	org.apache.commons.collections4	QueueUtils	1	transformingQueue	-	arg0	ret	value	a
summary	org.apache.commons.collections4	QueueUtils	1	unmodifiableQueue	-	arg0	ret	value	a
summary	org.apache.commons.collections4	SetUtils	1	difference	-	arg0	ret	value	a
summary	org.apache.commons.collections4	SetUtils	1	disjunction	-	arg0	ret	value	a
summary	org.apache.commons.collections4	SetUtils	1	disjunction	-	arg1	ret	value	a
summary	org.apache.commons.collections4	SetUtils	1	emptyIfNull	-	arg0	ret	value	-
summary	org.apache.commons.collections4	SetUtils	1	hashSet	-	arg0	ret	value	a
summary	org.apache.commons.collections4	SetUtils	1	intersection	-	arg0	ret	value	a
summary	org.apache.commons.collections4	SetUtils	1	intersection	-	arg1	ret	value	a
summary	org.apache.commons.collections4	SetUtils	1	orderedSet	-	arg0	ret	value	a
summary	org.apache.commons.collections4	SetUtils	1	predicatedNavigableSet	-	arg0	ret	value	a
summary	org.apache.commons.collections4	SetUtils	1	predicatedSet	-	arg0	ret	value	a
summary	org.apache.commons.collections4	SetUtils	1	predicatedSortedSet	-	arg0	ret	value	a
summary	org.apache.commons.collections4	SetUtils	1	synchronizedSet	-	arg0	ret	value	a
summary	org.apache.commons.collections4	SetUtils	1	synchronizedSortedSet	-	arg0	ret	value	a
summary	org.apache.commons.collections4	SetUtils	1	transformedNavigableSet	-	arg0	ret	value	a
summary	org.apache.commons.collections4	SetUtils	1	transformedSet	-	arg0	ret	value	a
summary	org.apache.commons.collections4	SetUtils	1	transformedSortedSet	-	arg0	ret	value	a
summary	org.apache.commons.collections4	SetUtils	1	union	-	arg0	ret	value	a
summary	org.apache.commons.collections4	SetUtils	1	union	-	arg1	ret	value	a
summary	org.apache.commons.collections4	SetUtils	1	unmodifiableNavigableSet	-	arg0	ret	value	a
summary	org.apache.commons.collections4	SetUtils	1	unmodifiableSet	1	arg0	ret	value	a
summary	org.apache.commons.collections4	SetUtils	1	unmodifiableSortedSet	-	arg0	ret	value	a
summary	org.apache.commons.collections4	SetView	1	copyInto	-	recv	arg0	value	a
summary	org.apache.commons.collections4	SetView	1	createIterator	-	recv	ret	value	a
summary	org.apache.commons.collections4	SetView	1	toSet	-	recv	ret	value	a
summary	org.apache.commons.collections4	SortedBag	1	first	-	recv	ret	value	a
summary	org.apache.commons.collections4	SortedBag	1	last	-	recv	ret	value	a
summary	org.apache.commons.collections4	SplitMapUtils	1	readableMap	-	arg0	ret	value	a
summary	org.apache.commons.collections4	SplitMapUtils	1	writableMap	-	arg0	ret	value	a
summary	org.apache.commons.collections4	Trie	1	prefixMap	-	recv	ret	value	a
summary	org.apache.commons.collections4	TrieUtils	1	unmodifiableTrie	-	arg0	ret	value	a
summary	org.apache.commons.collections4.bag	AbstractBagDecorator	1	AbstractBagDecorator	-	arg0	recv	value	a
summary	org.apache.commons.collections4.bag	AbstractMapBag	1	AbstractMapBag	-	arg0	recv	value	a
summary	org.apache.commons.collections4.bag	AbstractMapBag	1	getMap	-	recv	ret	value	a
summary	org.apache.commons.collections4.bag	AbstractSortedBagDecorator	1	AbstractSortedBagDecorator	-	arg0	recv	value	a
summary	org.apache.commons.collections4.bag	CollectionBag	1	CollectionBag	-	arg0	recv	value	a
summary	org.apache.commons.collections4.bag	CollectionBag	1	collectionBag	-	arg0	ret	value	a
summary	org.apache.commons.collections4.bag	CollectionSortedBag	1	CollectionSortedBag	-	arg0	recv	value	a
summary	org.apache.commons.collections4.bag	CollectionSortedBag	1	collectionSortedBag	-	arg0	ret	value	a
summary	org.apache.commons.collections4.bag	HashBag	1	HashBag	-	arg0	recv	value	a
summary	org.apache.commons.collections4.bag	PredicatedBag	1	predicatedBag	-	arg0	ret	value	a
summary	org.apache.commons.collections4.bag	PredicatedSortedBag	1	predicatedSortedBag	-	arg0	ret	value	a
summary	org.apache.commons.collections4.bag	SynchronizedBag	1	synchronizedBag	-	arg0	ret	value	a
summary	org.apache.commons.collections4.bag	SynchronizedSortedBag	1	synchronizedSortedBag	-	arg0	ret	value	a
summary	org.apache.commons.collections4.bag	TransformedBag	1	transformedBag	-	arg0	ret	value	a
summary	org.apache.commons.collections4.bag	TransformedSortedBag	1	transformedSortedBag	-	arg0	ret	value	a
summary	org.apache.commons.collections4.bag	TreeBag	1	TreeBag	1	arg0	recv	value	a
summary	org.apache.commons.collections4.bag	UnmodifiableBag	1	unmodifiableBag	-	arg0	ret	value	a
summary	org.apache.commons.collections4.bag	UnmodifiableSortedBag	1	unmodifiableSortedBag	-	arg0	ret	value	a
summary	org.apache.commons.collections4.bidimap	AbstractBidiMapDecorator	1	AbstractBidiMapDecorator	-	arg0	recv	value	a
summary	org.apache.commons.collections4.bidimap	AbstractDualBidiMap	1	AbstractDualBidiMap	-	arg0	recv	value	a
summary	org.apache.commons.collections4.bidimap	AbstractDualBidiMap	1	AbstractDualBidiMap	-	arg1	recv	value	a
summary	org.apache.commons.collections4.bidimap	AbstractDualBidiMap	1	AbstractDualBidiMap	-	arg2	recv	value	a
summary	org.apache.commons.collections4.bidimap	AbstractOrderedBidiMapDecorator	1	AbstractOrderedBidiMapDecorator	-	arg0	recv	value	a
summary	org.apache.commons.collections4.bidimap	AbstractSortedBidiMapDecorator	1	AbstractSortedBidiMapDecorator	-	arg0	recv	value	a
summary	org.apache.commons.collections4.bidimap	DualHashBidiMap	1	DualHashBidiMap	1	arg0	recv	value	a
summary	org.apache.commons.collections4.bidimap	DualLinkedHashBidiMap	1	DualLinkedHashBidiMap	1	arg0	recv	value	a
summary	org.apache.commons.collections4.bidimap	DualTreeBidiMap	1	DualTreeBidiMap	1	arg0	recv	value	a
summary	org.apache.commons.collections4.bidimap	DualTreeBidiMap	1	inverseOrderedBidiMap	-	recv	ret	value	a
summary	org.apache.commons.collections4.bidimap	DualTreeBidiMap	1	inverseSortedBidiMap	-	recv	ret	value	a
summary	org.apache.commons.collections4.bidimap	TreeBidiMap	1	TreeBidiMap	-	arg0	recv	value	a
summary	org.apache.commons.collections4.bidimap	UnmodifiableBidiMap	1	unmodifiableBidiMap	-	arg0	ret	value	a
summary	org.apache.commons.collections4.bidimap	UnmodifiableOrderedBidiMap	1	inverseOrderedBidiMap	-	recv	ret	value	a
summary	org.apache.commons.collections4.bidimap	UnmodifiableOrderedBidiMap	1	unmodifiableOrderedBidiMap	-	arg0	ret	value	a
summary	org.apache.commons.collections4.bidimap	UnmodifiableSortedBidiMap	1	unmodifiableSortedBidiMap	-	arg0	ret	value	a
summary	org.apache.commons.collections4.collection	AbstractCollectionDecorator	1	AbstractCollectionDecorator	-	arg0	recv	value	a
summary	org.apache.commons.collections4.collection	AbstractCollectionDecorator	1	decorated	-	recv	ret	value	a
summary	org.apache.commons.collections4.collection	AbstractCollectionDecorator	1	setCollection	-	arg0	recv	value	a
summary	org.apache.commons.collections4.collection	Builder	1	add	-	arg0	recv	value	a
summary	org.apache.commons.collections4.collection	Builder	1	addAll	-	arg0	recv	value	a
summary	org.apache.commons.collections4.collection	Builder	1	createPredicatedBag	-	recv	ret	value	a
summary	org.apache.commons.collections4.collection	Builder	1	createPredicatedBag	-	arg0	ret	value	a
summary	org.apache.commons.collections4.collection	Builder	1	createPredicatedList	-	recv	ret	value	a
summary	org.apache.commons.collections4.collection	Builder	1	createPredicatedList	-	arg0	ret	value	a
summary	org.apache.commons.collections4.collection	Builder	1	createPredicatedMultiSet	-	recv	ret	value	a
summary	org.apache.commons.collections4.collection	Builder	1	createPredicatedMultiSet	-	arg0	ret	value	a
summary	org.apache.commons.collections4.collection	Builder	1	createPredicatedQueue	-	recv	ret	value	a
summary	org.apache.commons.collections4.collection	Builder	1	createPredicatedQueue	-	arg0	ret	value	a
summary	org.apache.commons.collections4.collection	Builder	1	createPredicatedSet	-	recv	ret	value	a
summary	org.apache.commons.collections4.collection	Builder	1	createPredicatedSet	-	arg0	ret	value	a
summary	org.apache.commons.collections4.collection	Builder	1	rejectedElements	-	recv	ret	value	a
summary	org.apache.commons.collections4.collection	CollectionMutator	1	add	-	arg2	arg0	value	a
summary	org.apache.commons.collections4.collection	CollectionMutator	1	add	-	arg2	arg1	value	a
summary	org.apache.commons.collections4.collection	CollectionMutator	1	addAll	-	arg2	arg0	value	a
summary	org.apache.commons.collections4.collection	CollectionMutator	1	addAll	-	arg2	arg1	value	a
summary	org.apache.commons.collections4.collection	CompositeCollection	1	CompositeCollection	1	arg0	recv	value	a
summary	org.apache.commons.collections4.collection	CompositeCollection	1	CompositeCollection	2	arg0	recv	value	a
summary	org.apache.commons.collections4.collection	CompositeCollection	1	CompositeCollection	2	arg1	recv	value	a
summary	org.apache.commons.collections4.collection	CompositeCollection	1	addComposited	1	arg0	recv	value	a
summary	org.apache.commons.collections4.collection	CompositeCollection	1	addComposited	2	arg0	recv	value	a
summary	org.apache.commons.collections4.collection	CompositeCollection	1	addComposited	2	arg1	recv	value	a
summary	org.apache.commons.collections4.collection	CompositeCollection	1	getCollections	-	recv	ret	value	a
summary	org.apache.commons.collections4.collection	CompositeCollection	1	toCollection	-	recv	ret	value	a
summary	org.apache.commons.collections4.collection	IndexedCollection	1	IndexedCollection	-	arg0	recv	value	a
summary	org.apache.commons.collections4.collection	IndexedCollection	1	get	-	recv	ret	value	a
summary	org.apache.commons.collections4.collection	IndexedCollection	1	nonUniqueIndexedCollection	-	arg0	ret	value	a
summary	org.apache.commons.collections4.collection	IndexedCollection	1	uniqueIndexedCollection	-	arg0	ret	value	a
summary	org.apache.commons.collections4.collection	IndexedCollection	1	values	-	recv	ret	value	a
summary	org.apache.commons.collections4.collection	PredicatedCollection	1	predicatedCollection	-	arg0	ret	value	a
summary	org.apache.commons.collections4.collection	SynchronizedCollection	1	synchronizedCollection	-	arg0	ret	value	a
summary	org.apache.commons.collections4.collection	TransformedCollection	1	transformingCollection	-	arg0	ret	value	a
summary	org.apache.commons.collections4.collection	UnmodifiableBoundedCollection	1	unmodifiableBoundedCollection	-	arg0	ret	value	a
summary	org.apache.commons.collections4.collection	UnmodifiableCollection	1	unmodifiableCollection	-	arg0	ret	value	a
summary	org.apache.commons.collections4.iterators	AbstractIteratorDecorator	1	AbstractIteratorDecorator	-	arg0	recv	value	a
summary	org.apache.commons.collections4.iterators	AbstractListIteratorDecorator	1	AbstractListIteratorDecorator	-	arg0	recv	value	a
summary	org.apache.commons.collections4.iterators	AbstractListIteratorDecorator	1	getListIterator	-	recv	ret	value	a
summary	org.apache.commons.collections4.iterators	AbstractMapIteratorDecorator	1	AbstractMapIteratorDecorator	-	arg0	recv	value	a
summary	org.apache.commons.collections4.iterators	AbstractMapIteratorDecorator	1	getMapIterator	-	recv	ret	value	a
summary	org.apache.commons.collections4.iterators	AbstractOrderedMapIteratorDecorator	1	AbstractOrderedMapIteratorDecorator	-	arg0	recv	value	a
summary	org.apache.commons.collections4.iterators	AbstractOrderedMapIteratorDecorator	1	getOrderedMapIterator	-	recv	ret	value	a
summary	org.apache.commons.collections4.iterators	AbstractUntypedIteratorDecorator	1	AbstractUntypedIteratorDecorator	-	arg0	recv	value	a
summary	org.apache.commons.collections4.iterators	AbstractUntypedIteratorDecorator	1	getIterator	-	recv	ret	value	a
summary	org.apache.commons.collections4.iterators	ArrayIterator	1	ArrayIterator	-	arg0	recv	value	a
summary	org.apache.commons.collections4.iterators	ArrayIterator	1	getArray	-	recv	ret	value	a
summary	org.apache.commons.collections4.iterators	ArrayListIterator	1	ArrayListIterator	-	arg0	recv	value	a
summary	org.apache.commons.collections4.iterators	BoundedIterator	1	BoundedIterator	-	arg0	recv	value	a
summary	org.apache.commons.collections4.iterators	CollatingIterator	1	CollatingIterator	2	arg1	recv	value	a
summary	org.apache.commons.collections4.iterators	CollatingIterator	1	CollatingIterator	3	arg1	recv	value	a
summary	org.apache.commons.collections4.iterators	CollatingIterator	1	CollatingIterator	3	arg2	recv	value	a
summary	org.apache.commons.collections4.iterators	CollatingIterator	1	addIterator	-	arg0	recv	value	a
summary	org.apache.commons.collections4.iterators	CollatingIterator	1	getIterators	-	recv	ret	value	a
summary	org.apache.commons.collections4.iterators	CollatingIterator	1	setIterator	-	arg1	recv	value	a
summary	org.apache.commons.collections4.iterators	EnumerationIterator	1	EnumerationIterator	-	arg0	recv	value	a
summary	org.apache.commons.collections4.iterators	EnumerationIterator	1	getEnumeration	-	recv	ret	value	a
summary	org.apache.commons.collections4.iterators	EnumerationIterator	1	setEnumeration	-	arg0	recv	value	a
summary	org.apache.commons.collections4.iterators	FilterIterator	1	FilterIterator	-	arg0	recv	value	a
summary	org.apache.commons.collections4.iterators	FilterIterator	1	getIterator	-	recv	ret	value	a
summary	org.apache.commons.collections4.iterators	FilterIterator	1	setIterator	-	arg0	recv	value	a
summary	org.apache.commons.collections4.iterators	FilterListIterator	1	FilterListIterator	1	arg0	recv	value	a
summary	org.apache.commons.collections4.iterators	FilterListIterator	1	FilterListIterator	2	arg0	recv	value	a
summary	org.apache.commons.collections4.iterators	FilterListIterator	1	getListIterator	-	recv	ret	value	a
summary	org.apache.commons.collections4.iterators	FilterListIterator	1	setListIterator	-	arg0	recv	value	a
summary	org.apache.commons.collections4.iterators	IteratorChain	1	IteratorChain	1	arg0	recv	value	a
summary	org.apache.commons.collections4.iterators	IteratorChain	1	IteratorChain	2	arg0	recv	value	a
summary	org.apache.commons.collections4.iterators	IteratorChain	1	IteratorChain	2	arg1	recv	value	a
summary	org.apache.commons.collections4.iterators	IteratorChain	1	addIterator	-	arg0	recv	value	a
summary	org.apache.commons.collections4.iterators	IteratorEnumeration	1	IteratorEnumeration	-	arg0	recv	value	a
summary	org.apache.commons.collections4.iterators	IteratorEnumeration	1	getIterator	-	recv	ret	value	a
summary	org.apache.commons.collections4.iterators	IteratorEnumeration	1	setIterator	-	arg0	recv	value	a
summary	org.apache.commons.collections4.iterators	IteratorIterable	1	IteratorIterable	-	arg0	recv	value	a
summary	org.apache.commons.collections4.iterators	ListIteratorWrapper	1	ListIteratorWrapper	-	arg0	recv	value	a
summary	org.apache.commons.collections4.iterators	LoopingIterator	1	LoopingIterator	-	arg0	recv	value	a
summary	org.apache.commons.collections4.iterators	LoopingListIterator	1	LoopingListIterator	-	arg0	recv	value	a
summary	org.apache.commons.collections4.iterators	ObjectArrayIterator	1	ObjectArrayIterator	-	arg0	recv	value	a
summary	org.apache.commons.collections4.iterators	ObjectArrayIterator	1	getArray	-	recv	ret	value	a
summary	org.apache.commons.collections4.iterators	ObjectArrayListIterator	1	ObjectArrayListIterator	-	arg0	recv	value	a
summary	org.apache.commons.collections4.iterators	PeekingIterator	1	PeekingIterator	-	arg0	recv	value	a
summary	org.apache.commons.collections4.iterators	PeekingIterator	1	element	-	recv	ret	value	a
summary	org.apache.commons.collections4.iterators	PeekingIterator	1	peek	-	recv	ret	value	a
summary	org.apache.commons.collections4.iterators	PeekingIterator	1	peekingIterator	-	arg0	ret	value	a
summary	org.apache.commons.collections4.iterators	PermutationIterator	1	PermutationIterator	-	arg0	recv	value	a
summary	org.apache.commons.collections4.iterators	PushbackIterator	1	PushbackIterator	-	arg0	recv	value	a
summary	org.apache.commons.collections4.iterators	PushbackIterator	1	pushback	-	arg0	recv	value	a
summary	org.apache.commons.collections4.iterators	PushbackIterator	1	pushbackIterator	-	arg0	ret	value	a
summary	org.apache.commons.collections4.iterators	ReverseListIterator	1	ReverseListIterator	-	arg0	recv	value	a
summary	org.apache.commons.collections4.iterators	SingletonIterator	1	SingletonIterator	-	arg0	recv	value	a
summary	org.apache.commons.collections4.iterators	SingletonListIterator	1	SingletonListIterator	-	arg0	recv	value	a
summary	org.apache.commons.collections4.iterators	SkippingIterator	1	SkippingIterator	-	arg0	recv	value	a
summary	org.apache.commons.collections4.iterators	UniqueFilterIterator	1	UniqueFilterIterator	-	arg0	recv	value	a
summary	org.apache.commons.collections4.iterators	UnmodifiableIterator	1	unmodifiableIterator	-	arg0	ret	value	a
summary	org.apache.commons.collections4.iterators	UnmodifiableListIterator	1	umodifiableListIterator	-	arg0	ret	value	a
summary	org.apache.commons.collections4.iterators	UnmodifiableMapIterator	1	unmodifiableMapIterator	-	arg0	ret	value	a
summary	org.apache.commons.collections4.iterators	UnmodifiableOrderedMapIterator	1	unmodifiableOrderedMapIterator	-	arg0	ret	value	a
summary	org.apache.commons.collections4.iterators	ZippingIterator	1	ZippingIterator	1	arg0	recv	value	a
summary	org.apache.commons.collections4.iterators	ZippingIterator	1	ZippingIterator	2	arg0	recv	value	a
summary	org.apache.commons.collections4.iterators	ZippingIterator	1	ZippingIterator	2	arg1	recv	value	a
summary	org.apache.commons.collections4.iterators	ZippingIterator	1	ZippingIterator	3	arg0	recv	value	a
summary	org.apache.commons.collections4.iterators	ZippingIterator	1	ZippingIterator	3	arg1	recv	value	a
summary	org.apache.commons.collections4.iterators	ZippingIterator	1	ZippingIterator	3	arg2	recv	value	a
summary	org.apache.commons.collections4.keyvalue	AbstractKeyValue	1	AbstractKeyValue	-	arg0	recv	value	a
summary	org.apache.commons.collections4.keyvalue	AbstractKeyValue	1	AbstractKeyValue	-	arg1	recv	value	a
summary	org.apache.commons.collections4.keyvalue	AbstractKeyValue	1	setKey	-	recv	ret	value	a
summary	org.apache.commons.collections4.keyvalue	AbstractKeyValue	1	setKey	-	arg0	recv	value	a
summary	org.apache.commons.collections4.keyvalue	AbstractKeyValue	1	setValue	-	recv	ret	value	a
summary	org.apache.commons.collections4.keyvalue	AbstractKeyValue	1	setValue	-	arg0	recv	value	a
summary	org.apache.commons.collections4.keyvalue	AbstractMapEntry	1	AbstractMapEntry	-	arg0	recv	value	a
summary	org.apache.commons.collections4.keyvalue	AbstractMapEntry	1	AbstractMapEntry	-	arg1	recv	value	a
summary	org.apache.commons.collections4.keyvalue	AbstractMapEntryDecorator	1	AbstractMapEntryDecorator	-	arg0	recv	value	a
summary	org.apache.commons.collections4.keyvalue	AbstractMapEntryDecorator	1	getMapEntry	-	recv	ret	value	a
summary	org.apache.commons.collections4.keyvalue	DefaultKeyValue	1	DefaultKeyValue	1	arg0	recv	value	a
summary	org.apache.commons.collections4.keyvalue	DefaultKeyValue	1	DefaultKeyValue	2	arg0	recv	value	a
summary	org.apache.commons.collections4.keyvalue	DefaultKeyValue	1	DefaultKeyValue	2	arg1	recv	value	a
summary	org.apache.commons.collections4.keyvalue	DefaultKeyValue	1	toMapEntry	-	recv	ret	value	a
summary	org.apache.commons.collections4.keyvalue	DefaultMapEntry	1	DefaultMapEntry	1	arg0	recv	value	a
summary	org.apache.commons.collections4.keyvalue	DefaultMapEntry	1	DefaultMapEntry	2	arg0	recv	value	a
summary	org.apache.commons.collections4.keyvalue	DefaultMapEntry	1	DefaultMapEntry	2	arg1	recv	value	a
summary	org.apache.commons.collections4.keyvalue	MultiKey	1	MultiKey	1	arg0	recv	value	a
summary	org.apache.commons.collections4.keyvalue	MultiKey	1	MultiKey	2	arg0	recv	value	a
summary	org.apache.commons.collections4.keyvalue	MultiKey	1	MultiKey	2	arg1	recv	value	a
summary	org.apache.commons.collections4.keyvalue	MultiKey	1	MultiKey	3	arg0	recv	value	a
summary	org.apache.commons.collections4.keyvalue	MultiKey	1	MultiKey	3	arg1	recv	value	a
summary	org.apache.commons.collections4.keyvalue	MultiKey	1	MultiKey	3	arg2	recv	value	a
summary	org.apache.commons.collections4.keyvalue	MultiKey	1	MultiKey	4	arg0	recv	value	a
summary	org.apache.commons.collections4.keyvalue	MultiKey	1	MultiKey	4	arg1	recv	value	a
summary	org.apache.commons.collections4.keyvalue	MultiKey	1	MultiKey	4	arg2	recv	value	a
summary	org.apache.commons.collections4.keyvalue	MultiKey	1	MultiKey	4	arg3	recv	value	a
summary	org.apache.commons.collections4.keyvalue	MultiKey	1	MultiKey	5	arg0	recv	value	a
summary	org.apache.commons.collections4.keyvalue	MultiKey	1	MultiKey	5	arg1	recv	value	a
summary	org.apache.commons.collections4.keyvalue	MultiKey	1	MultiKey	5	arg2	recv	value	a
summary	org.apache.commons.collections4.keyvalue	MultiKey	1	MultiKey	5	arg3	recv	value	a
summary	org.apache.commons.collections4.keyvalue	MultiKey	1	MultiKey	5	arg4	recv	value	a
summary	org.apache.commons.collections4.keyvalue	MultiKey	1	getKey	-	recv	ret	value	a
summary	org.apache.commons.collections4.keyvalue	MultiKey	1	getKeys	-	recv	ret	value	a
summary	org.apache.commons.collections4.keyvalue	TiedMapEntry	1	TiedMapEntry	-	arg0	recv	value	a
summary	org.apache.commons.collections4.keyvalue	TiedMapEntry	1	TiedMapEntry	-	arg1	recv	value	a
summary	org.apache.commons.collections4.keyvalue	UnmodifiableMapEntry	1	UnmodifiableMapEntry	1	arg0	recv	value	a
summary	org.apache.commons.collections4.keyvalue	UnmodifiableMapEntry	1	UnmodifiableMapEntry	2	arg0	recv	value	a
summary	org.apache.commons.collections4.keyvalue	UnmodifiableMapEntry	1	UnmodifiableMapEntry	2	arg1	recv	value	a
summary	org.apache.commons.collections4.list	AbstractLinkedList	1	AbstractLinkedList	-	arg0	recv	value	a
summary	org.apache.commons.collections4.list	AbstractLinkedList	1	addFirst	-	arg0	recv	value	a
summary	org.apache.commons.collections4.list	AbstractLinkedList	1	addLast	-	arg0	recv	value	a
summary	org.apache.commons.collections4.list	AbstractLinkedList	1	getFirst	-	recv	ret	value	a
summary	org.apache.commons.collections4.list	AbstractLinkedList	1	getLast	-	recv	ret	value	a
summary	org.apache.commons.collections4.list	AbstractLinkedList	1	removeFirst	-	recv	ret	value	a
summary	org.apache.commons.collections4.list	AbstractLinkedList	1	removeLast	-	recv	ret	value	a
summary	org.apache.commons.collections4.list	AbstractListDecorator	1	AbstractListDecorator	-	arg0	recv	value	a
summary	org.apache.commons.collections4.list	AbstractSerializableListDecorator	1	AbstractSerializableListDecorator	-	arg0	recv	value	a
summary	org.apache.commons.collections4.list	CursorableLinkedList	1	CursorableLinkedList	-	arg0	recv	value	a
summary	org.apache.commons.collections4.list	CursorableLinkedList	1	cursor	-	recv	ret	value	a
summary	org.apache.commons.collections4.list	FixedSizeList	1	fixedSizeList	-	arg0	ret	value	a
summary	org.apache.commons.collections4.list	GrowthList	1	growthList	-	arg0	ret	value	a
summary	org.apache.commons.collections4.list	LazyList	1	lazyList	-	arg0	ret	value	a
summary	org.apache.commons.collections4.list	NodeCachingLinkedList	1	NodeCachingLinkedList	1	arg0	recv	value	a
summary	org.apache.commons.collections4.list	PredicatedList	1	predicatedList	-	arg0	ret	value	a
summary	org.apache.commons.collections4.list	SetUniqueList	1	asSet	-	recv	ret	value	a
summary	org.apache.commons.collections4.list	SetUniqueList	1	setUniqueList	-	arg0	ret	value	a
summary	org.apache.commons.collections4.list	TransformedList	1	transformingList	-	arg0	ret	value	a
summary	org.apache.commons.collections4.list	TreeList	1	TreeList	-	arg0	recv	value	a
summary	org.apache.commons.collections4.list	UnmodifiableList	1	UnmodifiableList	-	arg0	recv	value	a
summary	org.apache.commons.collections4.list	UnmodifiableList	1	unmodifiableList	-	arg0	ret	value	a
summary	org.apache.commons.collections4.map	AbstractHashedMap	1	AbstractHashedMap	1	arg0	recv	value	a
summary	org.apache.commons.collections4.map	AbstractLinkedMap	1	AbstractLinkedMap	1	arg0	recv	value	a
summary	org.apache.commons.collections4.map	AbstractMapDecorator	1	AbstractMapDecorator	1	arg0	recv	value	a
summary	org.apache.commons.collections4.map	AbstractMapDecorator	1	decorated	-	recv	ret	value	a
summary	org.apache.commons.collections4.map	AbstractOrderedMapDecorator	1	AbstractOrderedMapDecorator	1	arg0	recv	value	a
summary	org.apache.commons.collections4.map	AbstractSortedMapDecorator	1	AbstractSortedMapDecorator	1	arg0	recv	value	a
summary	org.apache.commons.collections4.map	CaseInsensitiveMap	1	CaseInsensitiveMap	1	arg0	recv	value	a
summary	org.apache.commons.collections4.map	CompositeMap	1	CompositeMap	1	arg0	recv	value	a
summary	org.apache.commons.collections4.map	CompositeMap	1	CompositeMap	2	arg0	recv	value	a
summary	org.apache.commons.collections4.map	CompositeMap	1	CompositeMap	2	arg1	recv	value	a
summary	org.apache.commons.collections4.map	CompositeMap	1	CompositeMap	3	arg0	recv	value	a
summary	org.apache.commons.collections4.map	CompositeMap	1	CompositeMap	3	arg1	recv	value	a
summary	org.apache.commons.collections4.map	CompositeMap	1	addComposited	-	arg0	recv	value	a
summary	org.apache.commons.collections4.map	CompositeMap	1	removeComposited	-	recv	ret	value	a
summary	org.apache.commons.collections4.map	CompositeMap	1	removeComposited	-	arg0	ret	value	-
summary	org.apache.commons.collections4.map	DefaultedMap	1	DefaultedMap	1	arg0	recv	value	a
summary	org.apache.commons.collections4.map	DefaultedMap	1	defaultedMap	-	arg0	ret	value	a
summary	org.apache.commons.collections4.map	DefaultedMap	1	defaultedMap	2	arg1	ret	value	a
summary	org.apache.commons.collections4.map	EntrySetToMapIteratorAdapter	1	EntrySetToMapIteratorAdapter	-	arg0	recv	value	a
summary	org.apache.commons.collections4.map	FixedSizeMap	1	fixedSizeMap	-	arg0	ret	value	a
summary	org.apache.commons.collections4.map	FixedSizeSortedMap	1	fixedSizeSortedMap	-	arg0	ret	value	a
summary	org.apache.commons.collections4.map	Flat3Map	1	Flat3Map	-	arg0	recv	value	a
summary	org.apache.commons.collections4.map	HashedMap	1	HashedMap	1	arg0	recv	value	a
summary	org.apache.commons.collections4.map	LRUMap	1	LRUMap	1	arg0	recv	value	a
summary	org.apache.commons.collections4.map	LRUMap	1	LRUMap	2	arg0	recv	value	a
summary	org.apache.commons.collections4.map	LRUMap	1	get	2	arg0	ret	value	a
summary	org.apache.commons.collections4.map	LazyMap	1	lazyMap	-	arg0	ret	value	a
summary	org.apache.commons.collections4.map	LazySortedMap	1	lazySortedMap	-	arg0	ret	value	a
summary	org.apache.commons.collections4.map	LinkedMap	1	LinkedMap	1	arg0	recv	value	a
summary	org.apache.commons.collections4.map	LinkedMap	1	asList	-	recv	ret	value	a
summary	org.apache.commons.collections4.map	LinkedMap	1	get	1	recv	ret	value	a
summary	org.apache.commons.collections4.map	LinkedMap	1	getValue	1	recv	ret	value	a
summary	org.apache.commons.collections4.map	LinkedMap	1	remove	1	recv	ret	value	a
summary	org.apache.commons.collections4.map	ListOrderedMap	1	asList	-	recv	ret	value	a
summary	org.apache.commons.collections4.map	ListOrderedMap	1	get	1	recv	ret	value	a
summary	org.apache.commons.collections4.map	ListOrderedMap	1	getValue	1	recv	ret	value	a
summary	org.apache.commons.collections4.map	ListOrderedMap	1	keyList	-	recv	ret	value	a
summary	org.apache.commons.collections4.map	ListOrderedMap	1	listOrderedMap	-	arg0	ret	value	a
summary	org.apache.commons.collections4.map	ListOrderedMap	1	put	3	arg1	recv	value	a
summary	org.apache.commons.collections4.map	ListOrderedMap	1	put	3	arg2	recv	value	a
summary	org.apache.commons.collections4.map	ListOrderedMap	1	putAll	2	arg1	recv	value	a
summary	org.apache.commons.collections4.map	ListOrderedMap	1	remove	1	recv	ret	value	a
summary	org.apache.commons.collections4.map	ListOrderedMap	1	setValue	-	arg1	recv	value	a
summary	org.apache.commons.collections4.map	ListOrderedMap	1	valueList	-	recv	ret	value	a
summary	org.apache.commons.collections4.map	MultiKeyMap	1	get	-	recv	ret	value	a
summary	org.apache.commons.collections4.map	MultiKeyMap	1	put	-	recv	ret	value	a
summary	org.apache.commons.collections4.map	MultiKeyMap	1	put	2	arg0	recv	value	a
summary	org.apache.commons.collections4.map	MultiKeyMap	1	put	2	arg1	recv	value	a
summary	org.apache.commons.collections4.map	MultiKeyMap	1	put	3	arg0	recv	value	a
summary	org.apache.commons.collections4.map	MultiKeyMap	1	put	3	arg1	recv	value	a
summary	org.apache.commons.collections4.map	MultiKeyMap	1	put	3	arg2	recv	value	a
summary	org.apache.commons.collections4.map	MultiKeyMap	1	put	4	arg0	recv	value	a
summary	org.apache.commons.collections4.map	MultiKeyMap	1	put	4	arg1	recv	value	a
summary	org.apache.commons.collections4.map	MultiKeyMap	1	put	4	arg2	recv	value	a
summary	org.apache.commons.collections4.map	MultiKeyMap	1	put	4	arg3	recv	value	a
summary	org.apache.commons.collections4.map	MultiKeyMap	1	put	5	arg0	recv	value	a
summary	org.apache.commons.collections4.map	MultiKeyMap	1	put	5	arg1	recv	value	a
summary	org.apache.commons.collections4.map	MultiKeyMap	1	put	5	arg2	recv	value	a
summary	org.apache.commons.collections4.map	MultiKeyMap	1	put	5	arg3	recv	value	a
summary	org.apache.commons.collections4.map	MultiKeyMap	1	put	5	arg4	recv	value	a
summary	org.apache.commons.collections4.map	MultiKeyMap	1	put	6	arg0	recv	value	a
summary	org.apache.commons.collections4.map	MultiKeyMap	1	put	6	arg1	recv	value	a
summary	org.apache.commons.collections4.map	MultiKeyMap	1	put	6	arg2	recv	value	a
summary	org.apache.commons.collections4.map	MultiKeyMap	1	put	6	arg3	recv	value	a
summary	org.apache.commons.collections4.map	MultiKeyMap	1	put	6	arg4	recv	value	a
summary	org.apache.commons.collections4.map	MultiKeyMap	1	put	6	arg5	recv	value	a
summary	org.apache.commons.collections4.map	MultiKeyMap	1	removeMultiKey	-	recv	ret	value	a
summary	org.apache.commons.collections4.map	MultiValueMap	1	getCollection	-	recv	ret	value	a
summary	org.apache.commons.collections4.map	MultiValueMap	1	iterator	0	recv	ret	value	a
summary	org.apache.commons.collections4.map	MultiValueMap	1	iterator	1	recv	ret	value	a
summary	org.apache.commons.collections4.map	MultiValueMap	1	multiValueMap	-	arg0	ret	value	a
summary	org.apache.commons.collections4.map	MultiValueMap	1	putAll	1	arg0	recv	value	a
summary	org.apache.commons.collections4.map	MultiValueMap	1	putAll	2	arg0	recv	value	a
summary	org.apache.commons.collections4.map	MultiValueMap	1	putAll	2	arg1	recv	value	a
summary	org.apache.commons.collections4.map	MultiValueMap	1	values	-	recv	ret	value	a
summary	org.apache.commons.collections4.map	PassiveExpiringMap	1	PassiveExpiringMap	1	arg0	recv	value	a
summary	org.apache.commons.collections4.map	PassiveExpiringMap	1	PassiveExpiringMap	2	arg1	recv	value	a
summary	org.apache.commons.collections4.map	PassiveExpiringMap	1	PassiveExpiringMap	3	arg2	recv	value	a
summary	org.apache.commons.collections4.map	PredicatedMap	1	predicatedMap	-	arg0	ret	value	a
summary	org.apache.commons.collections4.map	PredicatedSortedMap	1	predicatedSortedMap	-	arg0	ret	value	a
summary	org.apache.commons.collections4.map	SingletonMap	1	SingletonMap	1	arg0	recv	value	a
summary	org.apache.commons.collections4.map	SingletonMap	1	SingletonMap	2	arg0	recv	value	a
summary	org.apache.commons.collections4.map	SingletonMap	1	SingletonMap	2	arg1	recv	value	a
summary	org.apache.commons.collections4.map	SingletonMap	1	setValue	-	arg0	recv	value	a
summary	org.apache.commons.collections4.map	TransformedMap	1	transformingMap	-	arg0	ret	value	a
summary	org.apache.commons.collections4.map	TransformedSortedMap	1	transformingSortedMap	-	arg0	ret	value	a
summary	org.apache.commons.collections4.map	UnmodifiableEntrySet	1	unmodifiableEntrySet	-	arg0	ret	value	a
summary	org.apache.commons.collections4.map	UnmodifiableMap	1	unmodifiableMap	-	arg0	ret	value	a
summary	org.apache.commons.collections4.map	UnmodifiableOrderedMap	1	unmodifiableOrderedMap	-	arg0	ret	value	a
summary	org.apache.commons.collections4.map	UnmodifiableSortedMap	1	unmodifiableSortedMap	-	arg0	ret	value	a
summary	org.apache.commons.collections4.multimap	ArrayListValuedHashMap	1	ArrayListValuedHashMap	1	arg0	recv	value	a
summary	org.apache.commons.collections4.multimap	HashSetValuedHashMap	1	HashSetValuedHashMap	1	arg0	recv	value	a
summary	org.apache.commons.collections4.multimap	TransformedMultiValuedMap	1	transformingMap	-	arg0	ret	value	a
summary	org.apache.commons.collections4.multimap	UnmodifiableMultiValuedMap	1	unmodifiableMultiValuedMap	1	arg0	ret	value	a
summary	org.apache.commons.collections4.multiset	HashMultiSet	1	HashMultiSet	-	arg0	recv	value	a
summary	org.apache.commons.collections4.multiset	PredicatedMultiSet	1	predicatedMultiSet	-	arg0	ret	value	a
summary	org.apache.commons.collections4.multiset	SynchronizedMultiSet	1	synchronizedMultiSet	-	arg0	ret	value	a
summary	org.apache.commons.collections4.multiset	UnmodifiableMultiSet	1	unmodifiableMultiSet	-	arg0	ret	value	a
summary	org.apache.commons.collections4.properties	AbstractPropertiesFactory	1	load	1	arg0	ret	taint	-
summary	org.apache.commons.collections4.properties	AbstractPropertiesFactory	1	load	2	arg1	ret	taint	-
summary	org.apache.commons.collections4.queue	CircularFifoQueue	1	CircularFifoQueue	1	arg0	recv	value	a
summary	org.apache.commons.collections4.queue	CircularFifoQueue	1	get	-	recv	ret	value	a
summary	org.apache.commons.collections4.queue	PredicatedQueue	1	predicatedQueue	-	arg0	ret	value	a
summary	org.apache.commons.collections4.queue	SynchronizedQueue	1	synchronizedQueue	-	arg0	ret	value	a
summary	org.apache.commons.collections4.queue	TransformedQueue	1	transformingQueue	-	arg0	ret	value	a
summary	org.apache.commons.collections4.queue	UnmodifiableQueue	1	unmodifiableQueue	-	arg0	ret	value	a
summary	org.apache.commons.collections4.set	AbstractNavigableSetDecorator	1	AbstractNavigableSetDecorator	-	arg0	recv	value	a
summary	org.apache.commons.collections4.set	AbstractSetDecorator	1	AbstractSetDecorator	-	arg0	recv	value	a
summary	org.apache.commons.collections4.set	AbstractSortedSetDecorator	1	AbstractSortedSetDecorator	-	arg0	recv	value	a
summary	org.apache.commons.collections4.set	CompositeSet	1	CompositeSet	1	arg0	recv	value	a
summary	org.apache.commons.collections4.set	CompositeSet	1	addComposited	1	arg0	recv	value	a
summary	org.apache.commons.collections4.set	CompositeSet	1	addComposited	2	arg0	recv	value	a
summary	org.apache.commons.collections4.set	CompositeSet	1	addComposited	2	arg1	recv	value	a
summary	org.apache.commons.collections4.set	CompositeSet	1	getSets	-	recv	ret	value	a
summary	org.apache.commons.collections4.set	CompositeSet	1	toSet	-	recv	ret	value	a
summary	org.apache.commons.collections4.set	ListOrderedSet	1	add	-	arg1	recv	value	a
summary	org.apache.commons.collections4.set	ListOrderedSet	1	add	1	arg0	recv	value	a
summary	org.apache.commons.collections4.set	ListOrderedSet	1	addAll	-	arg1	recv	value	a
summary	org.apache.commons.collections4.set	ListOrderedSet	1	addAll	1	arg0	recv	value	a
summary	org.apache.commons.collections4.set	ListOrderedSet	1	asList	-	recv	ret	value	a
summary	org.apache.commons.collections4.set	ListOrderedSet	1	get	-	recv	ret	value	a
summary	org.apache.commons.collections4.set	ListOrderedSet	1	listOrderedSet	1	arg0	ret	value	a
summary	org.apache.commons.collections4.set	MapBackedSet	1	mapBackedSet	-	arg0	ret	value	a
summary	org.apache.commons.collections4.set	PredicatedNavigableSet	1	predicatedNavigableSet	-	arg0	ret	value	a
summary	org.apache.commons.collections4.set	PredicatedSet	1	predicatedSet	-	arg0	ret	value	a
summary	org.apache.commons.collections4.set	PredicatedSortedSet	1	predicatedSortedSet	-	arg0	ret	value	a
summary	org.apache.commons.collections4.set	SetMutator	1	add	-	arg2	arg0	value	a
summary	org.apache.commons.collections4.set	SetMutator	1	add	-	arg2	arg1	value	a
summary	org.apache.commons.collections4.set	SetMutator	1	addAll	-	arg2	arg0	value	a
summary	org.apache.commons.collections4.set	SetMutator	1	addAll	-	arg2	arg1	value	a
summary	org.apache.commons.collections4.set	TransformedNavigableSet	1	transformingNavigableSet	-	arg0	ret	value	a
summary	org.apache.commons.collections4.set	TransformedSet	1	transformingSet	-	arg0	ret	value	a
summary	org.apache.commons.collections4.set	TransformedSortedSet	1	transformingSortedSet	-	arg0	ret	value	a
summary	org.apache.commons.collections4.set	UnmodifiableNavigableSet	1	unmodifiableNavigableSet	-	arg0	ret	value	a
summary	org.apache.commons.collections4.set	UnmodifiableSet	1	unmodifiableSet	-	arg0	ret	value	a
summary	org.apache.commons.collections4.set	UnmodifiableSortedSet	1	unmodifiableSortedSet	-	arg0	ret	value	a
summary	org.apache.commons.collections4.splitmap	AbstractIterableGetMapDecorator	1	AbstractIterableGetMapDecorator	-	arg0	recv	value	a
summary	org.apache.commons.collections4.splitmap	TransformedSplitMap	1	transformingMap	-	arg0	ret	value	a
summary	org.apache.commons.collections4.trie	AbstractPatriciaTrie	1	select	-	recv	ret	value	a
summary	org.apache.commons.collections4.trie	AbstractPatriciaTrie	1	selectKey	-	recv	ret	value	a
summary	org.apache.commons.collections4.trie	AbstractPatriciaTrie	1	selectValue	-	recv	ret	value	a
summary	org.apache.commons.collections4.trie	PatriciaTrie	1	PatriciaTrie	-	arg0	recv	value	a
summary	org.apache.commons.collections4.trie	UnmodifiableTrie	1	unmodifiableTrie	-	arg0	ret	value	a
summary	org.apache.commons.compress.archivers.tar	TarArchiveEntry	1	TarArchiveEntry	1	arg0	recv	taint	-
summary	org.apache.commons.compress.archivers.tar	TarArchiveEntry	1	TarArchiveEntry	2	arg0	recv	taint	-
summary	org.apache.commons.compress.archivers.tar	TarArchiveEntry	1	setLinkName	1	arg0	recv	taint	-
summary	org.apache.commons.fileupload.util	Streams	1	asString	1	arg0	ret	taint	-
summary	org.apache.commons.fileupload.util	Streams	1	asString	2	arg0	ret	taint	-
summary	org.apache.commons.fileupload.util	Streams	1	copy	3	arg0	arg1	taint	-
summary	org.apache.commons.fileupload.util	Streams	1	copy	4	arg0	arg1	taint	-
summary	org.apache.commons.httpclient.util	URIUtil	1	encodePath	2	arg0	ret	taint	-
summary	org.apache.commons.io	FileUtils	0	listFiles	3	arg0	ret	taint	a
summary	org.apache.commons.io	IOUtils	0	toBufferedInputStream	-	arg0	ret	taint	-
summary	org.apache.commons.io	IOUtils	1	toByteArray	1	arg0	ret	taint	-
summary	org.apache.commons.io	IOUtils	1	toByteArray	2	arg0	ret	taint	-
summary	org.apache.commons.io	IOUtils	1	writeLines	3	arg0	arg2	taint	a
summary	org.apache.commons.io	IOUtils	1	writeLines	3	arg1	arg2	taint	-
summary	org.apache.commons.lang	StringEscapeUtils	1	escapeHtml	1	arg0	ret	taint	-
summary	org.apache.commons.lang	StringEscapeUtils	1	escapeHtml	2	arg1	arg0	taint	-
summary	org.apache.commons.lang3	ArrayUtils	0	add	-	arg0	ret	value	a
summary	org.apache.commons.lang3	ArrayUtils	0	add	-	arg2	ret	value	a
summary	org.apache.commons.lang3	ArrayUtils	0	add	2	arg1	ret	value	a
summary	org.apache.commons.lang3	ArrayUtils	0	addAll	-	arg0	ret	value	a
summary	org.apache.commons.lang3	ArrayUtils	0	addAll	-	arg1	ret	value	a
summary	org.apache.commons.lang3	ArrayUtils	0	addFirst	-	arg0	ret	value	a
summary	org.apache.commons.lang3	ArrayUtils	0	addFirst	-	arg1	ret	value	a
summary	org.apache.commons.lang3	ArrayUtils	0	clone	-	arg0	ret	value	a
summary	org.apache.commons.lang3	ArrayUtils	0	get	-	arg0	ret	value	a
summary	org.apache.commons.lang3	ArrayUtils	0	get	3	arg2	ret	value	-
summary	org.apache.commons.lang3	ArrayUtils	0	insert	-	arg1	ret	value	a
summary	org.apache.commons.lang3	ArrayUtils	0	insert	-	arg2	ret	value	a
summary	org.apache.commons.lang3	ArrayUtils	0	nullToEmpty	1	arg0	ret	value	-
summary	org.apache.commons.lang3	ArrayUtils	0	nullToEmpty	2	arg0	ret	value	-
summary	org.apache.commons.lang3	ArrayUtils	0	remove	-	arg0	ret	value	a
summary	org.apache.commons.lang3	ArrayUtils	0	removeAll	-	arg0	ret	value	a
summary	org.apache.commons.lang3	ArrayUtils	0	removeAllOccurences	-	arg0	ret	value	a
summary	org.apache.commons.lang3	ArrayUtils	0	removeAllOccurrences	-	arg0	ret	value	a
summary	org.apache.commons.lang3	ArrayUtils	0	removeElement	-	arg0	ret	value	a
summary	org.apache.commons.lang3	ArrayUtils	0	removeElements	-	arg0	ret	value	a
summary	org.apache.commons.lang3	ArrayUtils	0	subarray	-	arg0	ret	value	a
summary	org.apache.commons.lang3	ArrayUtils	0	toArray	-	arg0	ret	value	a
summary	org.apache.commons.lang3	ArrayUtils	0	toMap	-	arg0	ret	value	a
summary	org.apache.commons.lang3	ArrayUtils	0	toObject	-	arg0	ret	value	a
summary	org.apache.commons.lang3	ArrayUtils	0	toPrimitive	-	arg0	ret	value	a
summary	org.apache.commons.lang3	ArrayUtils	0	toPrimitive	-	arg1	ret	value	a
summary	org.apache.commons.lang3	ObjectUtils	0	CONST	-	arg0	ret	value	-
summary	org.apache.commons.lang3	ObjectUtils	0	CONST_BYTE	-	arg0	ret	value	-
summary	org.apache.commons.lang3	ObjectUtils	0	CONST_SHORT	-	arg0	ret	value	-
summary	org.apache.commons.lang3	ObjectUtils	0	clone	-	arg0	ret	value	-
summary	org.apache.commons.lang3	ObjectUtils	0	cloneIfPossible	-	arg0	ret	value	-
summary	org.apache.commons.lang3	ObjectUtils	0	defaultIfNull	-	arg0	ret	value	-
summary	org.apache.commons.lang3	ObjectUtils	0	defaultIfNull	-	arg1	ret	value	-
summary	org.apache.commons.lang3	ObjectUtils	0	firstNonNull	-	arg0	ret	value	a
summary	org.apache.commons.lang3	ObjectUtils	0	getIfNull	-	arg0	ret	value	-
summary	org.apache.commons.lang3	ObjectUtils	0	max	-	arg0	ret	value	a
summary	org.apache.commons.lang3	ObjectUtils	0	median	-	arg0	ret	value	a
summary	org.apache.commons.lang3	ObjectUtils	0	min	-	arg0	ret	value	a
summary	org.apache.commons.lang3	ObjectUtils	0	mode	-	arg0	ret	value	a
summary	org.apache.commons.lang3	ObjectUtils	0	requireNonEmpty	-	arg0	ret	value	-
summary	org.apache.commons.lang3	ObjectUtils	0	toString	2	arg1	ret	value	-
summary	org.apache.commons.lang3	RegExUtils	0	removeAll	-	arg0	ret	taint	-
summary	org.apache.commons.lang3	RegExUtils	0	removeFirst	-	arg0	ret	taint	-
summary	org.apache.commons.lang3	RegExUtils	0	removePattern	-	arg0	ret	taint	-
summary	org.apache.commons.lang3	RegExUtils	0	replaceAll	-	arg0	ret	taint	-
summary	org.apache.commons.lang3	RegExUtils	0	replaceAll	-	arg2	ret	taint	-
summary	org.apache.commons.lang3	RegExUtils	0	replaceFirst	-	arg0	ret	taint	-
summary	org.apache.commons.lang3	RegExUtils	0	replaceFirst	-	arg2	ret	taint	-
summary	org.apache.commons.lang3	RegExUtils	0	replacePattern	-	arg0	ret	taint	-
summary	org.apache.commons.lang3	RegExUtils	0	replacePattern	-	arg2	ret	taint	-
summary	org.apache.commons.lang3	StringEscapeUtils	0	escapeJson	-	arg0	ret	taint	-
summary	org.apache.commons.lang3	StringUtils	0	abbreviate	-	arg0	ret	taint	-
summary	org.apache.commons.lang3	StringUtils	0	abbreviate	3	arg1	ret	taint	-
summary	org.apache.commons.lang3	StringUtils	0	abbreviate	4	arg1	ret	taint	-
summary	org.apache.commons.lang3	StringUtils	0	abbreviateMiddle	-	arg0	ret	taint	-
summary	org.apache.commons.lang3	StringUtils	0	abbreviateMiddle	-	arg1	ret	taint	-
summary	org.apache.commons.lang3	StringUtils	0	appendIfMissing	-	arg0	ret	taint	-
summary	org.apache.commons.lang3	StringUtils	0	appendIfMissing	-	arg1	ret	taint	-
summary	org.apache.commons.lang3	StringUtils	0	appendIfMissingIgnoreCase	-	arg0	ret	taint	-
summary	org.apache.commons.lang3	StringUtils	0	appendIfMissingIgnoreCase	-	arg1	ret	taint	-
summary	org.apache.commons.lang3	StringUtils	0	capitalize	-	arg0	ret	taint	-
summary	org.apache.commons.lang3	StringUtils	0	center	-	arg0	ret	taint	-
summary	org.apache.commons.lang3	StringUtils	0	center	3	arg2	ret	taint	-
summary	org.apache.commons.lang3	StringUtils	0	chomp	1	arg0	ret	taint	-
summary	org.apache.commons.lang3	StringUtils	0	chomp	2	arg0	ret	taint	-
summary	org.apache.commons.lang3	StringUtils	0	chop	-	arg0	ret	taint	-
summary	org.apache.commons.lang3	StringUtils	0	defaultIfBlank	-	arg0	ret	taint	-
summary	org.apache.commons.lang3	StringUtils	0	defaultIfBlank	-	arg1	ret	taint	-
summary	org.apache.commons.lang3	StringUtils	0	defaultIfEmpty	-	arg0	ret	taint	-
summary	org.apache.commons.lang3	StringUtils	0	defaultIfEmpty	-	arg1	ret	taint	-
summary	org.apache.commons.lang3	StringUtils	0	defaultString	-	arg0	ret	taint	-
summary	org.apache.commons.lang3	StringUtils	0	defaultString	-	arg1	ret	taint	-
summary	org.apache.commons.lang3	StringUtils	0	deleteWhitespace	-	arg0	ret	taint	-
summary	org.apache.commons.lang3	StringUtils	0	difference	-	arg0	ret	taint	-
summary	org.apache.commons.lang3	StringUtils	0	difference	-	arg1	ret	taint	-
summary	org.apache.commons.lang3	StringUtils	0	firstNonBlank	-	arg0	ret	value	a
summary	org.apache.commons.lang3	StringUtils	0	firstNonEmpty	-	arg0	ret	value	a
summary	org.apache.commons.lang3	StringUtils	0	getBytes	-	arg0	ret	taint	-
summary	org.apache.commons.lang3	StringUtils	0	getCommonPrefix	-	arg0	ret	taint	a
summary	org.apache.commons.lang3	StringUtils	0	getDigits	-	arg0	ret	taint	-
summary	org.apache.commons.lang3	StringUtils	0	getIfBlank	-	arg0	ret	taint	-
summary	org.apache.commons.lang3	StringUtils	0	getIfBlank	-	arg1	ret	taint	-
summary	org.apache.commons.lang3	StringUtils	0	getIfEmpty	-	arg0	ret	taint	-
summary	org.apache.commons.lang3	StringUtils	0	getIfEmpty	-	arg1	ret	taint	-
summary	org.apache.commons.lang3	StringUtils	0	join	1	arg0	ret	taint	a
summary	org.apache.commons.lang3	StringUtils	0	join	2	arg0	ret	taint	-
summary	org.apache.commons.lang3	StringUtils	0	join	2	arg0	ret	taint	a
summary	org.apache.commons.lang3	StringUtils	0	join	2	arg1	ret	taint	-
summary	org.apache.commons.lang3	StringUtils	0	join	4	arg0	ret	taint	-
summary	org.apache.commons.lang3	StringUtils	0	join	4	arg0	ret	taint	a
summary	org.apache.commons.lang3	StringUtils	0	join	4	arg1	ret	taint	-
summary	org.apache.commons.lang3	StringUtils	0	joinWith	-	arg0	ret	taint	-
summary	org.apache.commons.lang3	StringUtils	0	joinWith	-	arg1	ret	taint	a
summary	org.apache.commons.lang3	StringUtils	0	left	-	arg0	ret	taint	-
summary	org.apache.commons.lang3	StringUtils	0	leftPad	-	arg0	ret	taint	-
summary	org.apache.commons.lang3	StringUtils	0	leftPad	3	arg2	ret	taint	-
summary	org.apache.commons.lang3	StringUtils	0	lowerCase	1	arg0	ret	taint	-
summary	org.apache.commons.lang3	StringUtils	0	lowerCase	2	arg0	ret	taint	-
summary	org.apache.commons.lang3	StringUtils	0	mid	-	arg0	ret	taint	-
summary	org.apache.commons.lang3	StringUtils	0	normalizeSpace	-	arg0	ret	taint	-
summary	org.apache.commons.lang3	StringUtils	0	overlay	-	arg0	ret	taint	-
summary	org.apache.commons.lang3	StringUtils	0	overlay	-	arg1	ret	taint	-
summary	org.apache.commons.lang3	StringUtils	0	prependIfMissing	-	arg0	ret	taint	-
summary	org.apache.commons.lang3	StringUtils	0	prependIfMissing	-	arg1	ret	taint	-
summary	org.apache.commons.lang3	StringUtils	0	prependIfMissingIgnoreCase	-	arg0	ret	taint	-
summary	org.apache.commons.lang3	StringUtils	0	prependIfMissingIgnoreCase	-	arg1	ret	taint	-
summary	org.apache.commons.lang3	StringUtils	0	remove	-	arg0	ret	taint	-
summary	org.apache.commons.lang3	StringUtils	0	removeAll	-	arg0	ret	taint	-
summary	org.apache.commons.lang3	StringUtils	0	removeEnd	-	arg0	ret	taint	-
summary	org.apache.commons.lang3	StringUtils	0	removeEndIgnoreCase	-	arg0	ret	taint	-
summary	org.apache.commons.lang3	StringUtils	0	removeFirst	-	arg0	ret	taint	-
summary	org.apache.commons.lang3	StringUtils	0	removeIgnoreCase	-	arg0	ret	taint	-
summary	org.apache.commons.lang3	StringUtils	0	removePattern	-	arg0	ret	taint	-
summary	org.apache.commons.lang3	StringUtils	0	removeStart	-	arg0	ret	taint	-
summary	org.apache.commons.lang3	StringUtils	0	removeStartIgnoreCase	-	arg0	ret	taint	-
summary	org.apache.commons.lang3	StringUtils	0	repeat	-	arg0	ret	taint	-
summary	org.apache.commons.lang3	StringUtils	0	repeat	3	arg1	ret	taint	-
summary	org.apache.commons.lang3	StringUtils	0	replace	-	arg0	ret	taint	-
summary	org.apache.commons.lang3	StringUtils	0	replace	-	arg2	ret	taint	-
summary	org.apache.commons.lang3	StringUtils	0	replaceAll	-	arg0	ret	taint	-
summary	org.apache.commons.lang3	StringUtils	0	replaceAll	-	arg2	ret	taint	-
summary	org.apache.commons.lang3	StringUtils	0	replaceChars	-	arg0	ret	taint	-
summary	org.apache.commons.lang3	StringUtils	0	replaceChars	3	arg2	ret	taint	-
summary	org.apache.commons.lang3	StringUtils	0	replaceEach	-	arg0	ret	taint	-
summary	org.apache.commons.lang3	StringUtils	0	replaceEach	-	arg2	ret	taint	a
summary	org.apache.commons.lang3	StringUtils	0	replaceEachRepeatedly	-	arg0	ret	taint	-
summary	org.apache.commons.lang3	StringUtils	0	replaceEachRepeatedly	-	arg2	ret	taint	a
summary	org.apache.commons.lang3	StringUtils	0	replaceFirst	-	arg0	ret	taint	-
summary	org.apache.commons.lang3	StringUtils	0	replaceFirst	-	arg2	ret	taint	-
summary	org.apache.commons.lang3	StringUtils	0	replaceIgnoreCase	-	arg0	ret	taint	-
summary	org.apache.commons.lang3	StringUtils	0	replaceIgnoreCase	-	arg2	ret	taint	-
summary	org.apache.commons.lang3	StringUtils	0	replaceOnce	-	arg0	ret	taint	-
summary	org.apache.commons.lang3	StringUtils	0	replaceOnce	-	arg2	ret	taint	-
summary	org.apache.commons.lang3	StringUtils	0	replaceOnceIgnoreCase	-	arg0	ret	taint	-
summary	org.apache.commons.lang3	StringUtils	0	replaceOnceIgnoreCase	-	arg2	ret	taint	-
summary	org.apache.commons.lang3	StringUtils	0	replacePattern	-	arg0	ret	taint	-
summary	org.apache.commons.lang3	StringUtils	0	replacePattern	-	arg2	ret	taint	-
summary	org.apache.commons.lang3	StringUtils	0	reverse	-	arg0	ret	taint	-
summary	org.apache.commons.lang3	StringUtils	0	reverseDelimited	-	arg0	ret	taint	-
summary	org.apache.commons.lang3	StringUtils	0	right	-	arg0	ret	taint	-
summary	org.apache.commons.lang3	StringUtils	0	rightPad	-	arg0	ret	taint	-
summary	org.apache.commons.lang3	StringUtils	0	rightPad	3	arg2	ret	taint	-
summary	org.apache.commons.lang3	StringUtils	0	rotate	-	arg0	ret	taint	-
summary	org.apache.commons.lang3	StringUtils	0	split	1	arg0	ret	taint	-
summary	org.apache.commons.lang3	StringUtils	0	split	2	arg0	ret	taint	-
summary	org.apache.commons.lang3	StringUtils	0	split	3	arg0	ret	taint	-
summary	org.apache.commons.lang3	StringUtils	0	splitByCharacterType	-	arg0	ret	taint	-
summary	org.apache.commons.lang3	StringUtils	0	splitByCharacterTypeCamelCase	-	arg0	ret	taint	-
summary	org.apache.commons.lang3	StringUtils	0	splitByWholeSeparator	-	arg0	ret	taint	-
summary	org.apache.commons.lang3	StringUtils	0	splitByWholeSeparatorPreserveAllTokens	-	arg0	ret	taint	-
summary	org.apache.commons.lang3	StringUtils	0	splitPreserveAllTokens	1	arg0	ret	taint	-
summary	org.apache.commons.lang3	StringUtils	0	splitPreserveAllTokens	2	arg0	ret	taint	-
summary	org.apache.commons.lang3	StringUtils	0	splitPreserveAllTokens	3	arg0	ret	taint	-
summary	org.apache.commons.lang3	StringUtils	0	strip	1	arg0	ret	taint	-
summary	org.apache.commons.lang3	StringUtils	0	strip	2	arg0	ret	taint	-
summary	org.apache.commons.lang3	StringUtils	0	stripAccents	-	arg0	ret	taint	-
summary	org.apache.commons.lang3	StringUtils	0	stripAll	-	arg0	ret	taint	a
summary	org.apache.commons.lang3	StringUtils	0	stripEnd	-	arg0	ret	taint	-
summary	org.apache.commons.lang3	StringUtils	0	stripStart	-	arg0	ret	taint	-
summary	org.apache.commons.lang3	StringUtils	0	stripToEmpty	-	arg0	ret	taint	-
summary	org.apache.commons.lang3	StringUtils	0	stripToNull	-	arg0	ret	taint	-
summary	org.apache.commons.lang3	StringUtils	0	substring	-	arg0	ret	taint	-
summary	org.apache.commons.lang3	StringUtils	0	substringAfter	-	arg0	ret	taint	-
summary	org.apache.commons.lang3	StringUtils	0	substringAfterLast	-	arg0	ret	taint	-
summary	org.apache.commons.lang3	StringUtils	0	substringBefore	-	arg0	ret	taint	-
summary	org.apache.commons.lang3	StringUtils	0	substringBeforeLast	-	arg0	ret	taint	-
summary	org.apache.commons.lang3	StringUtils	0	substringBetween	-	arg0	ret	taint	-
summary	org.apache.commons.lang3	StringUtils	0	substringsBetween	-	arg0	ret	taint	-
summary	org.apache.commons.lang3	StringUtils	0	swapCase	-	arg0	ret	taint	-
summary	org.apache.commons.lang3	StringUtils	0	toCodePoints	-	arg0	ret	taint	-
summary	org.apache.commons.lang3	StringUtils	0	toEncodedString	-	arg0	ret	taint	-
summary	org.apache.commons.lang3	StringUtils	0	toRootLowerCase	-	arg0	ret	taint	-
summary	org.apache.commons.lang3	StringUtils	0	toRootUpperCase	-	arg0	ret	taint	-
summary	org.apache.commons.lang3	StringUtils	0	toString	-	arg0	ret	taint	-
summary	org.apache.commons.lang3	StringUtils	0	trim	-	arg0	ret	taint	-
summary	org.apache.commons.lang3	StringUtils	0	trimToEmpty	-	arg0	ret	taint	-
summary	org.apache.commons.lang3	StringUtils	0	trimToNull	-	arg0	ret	taint	-
summary	org.apache.commons.lang3	StringUtils	0	truncate	-	arg0	ret	taint	-
summary	org.apache.commons.lang3	StringUtils	0	uncapitalize	-	arg0	ret	taint	-
summary	org.apache.commons.lang3	StringUtils	0	unwrap	-	arg0	ret	taint	-
summary	org.apache.commons.lang3	StringUtils	0	upperCase	1	arg0	ret	taint	-
summary	org.apache.commons.lang3	StringUtils	0	upperCase	2	arg0	ret	taint	-
summary	org.apache.commons.lang3	StringUtils	0	valueOf	-	arg0	ret	taint	-
summary	org.apache.commons.lang3	StringUtils	0	wrap	2	arg0	ret	taint	-
summary	org.apache.commons.lang3	StringUtils	0	wrap	2	arg1	ret	taint	-
summary	org.apache.commons.lang3	StringUtils	0	wrapIfMissing	2	arg0	ret	taint	-
summary	org.apache.commons.lang3	StringUtils	0	wrapIfMissing	2	arg1	ret	taint	-
summary	org.apache.commons.lang3.builder	ToStringBuilder	0	append	-	recv	ret	value	-
summary	org.apache.commons.lang3.builder	ToStringBuilder	0	append	1	arg0	recv	taint	-
summary	org.apache.commons.lang3.builder	ToStringBuilder	0	append	1	arg0	recv	taint	a
summary	org.apache.commons.lang3.builder	ToStringBuilder	0	append	2	arg0	recv	taint	-
summary	org.apache.commons.lang3.builder	ToStringBuilder	0	append	2	arg1	recv	taint	-
summary	org.apache.commons.lang3.builder	ToStringBuilder	0	append	2	arg1	recv	taint	a
summary	org.apache.commons.lang3.builder	ToStringBuilder	0	append	3	arg0	recv	taint	-
summary	org.apache.commons.lang3.builder	ToStringBuilder	0	append	3	arg1	recv	taint	a
summary	org.apache.commons.lang3.builder	ToStringBuilder	0	appendAsObjectToString	-	recv	ret	value	-
summary	org.apache.commons.lang3.builder	ToStringBuilder	0	appendSuper	-	recv	ret	value	-
summary	org.apache.commons.lang3.builder	ToStringBuilder	0	appendSuper	-	arg0	recv	taint	-
summary	org.apache.commons.lang3.builder	ToStringBuilder	0	appendToString	-	recv	ret	value	-
summary	org.apache.commons.lang3.builder	ToStringBuilder	0	appendToString	-	arg0	recv	taint	-
summary	org.apache.commons.lang3.builder	ToStringBuilder	0	build	-	recv	ret	taint	-
summary	org.apache.commons.lang3.builder	ToStringBuilder	0	getStringBuffer	-	recv	ret	taint	-
summary	org.apache.commons.lang3.builder	ToStringBuilder	0	reflectionToString	-	arg0	ret	taint	-
summary	org.apache.commons.lang3.builder	ToStringBuilder	0	toString	-	recv	ret	taint	-
summary	org.apache.commons.lang3.mutable	Mutable	1	getValue	-	recv	ret	value	a
summary	org.apache.commons.lang3.mutable	Mutable	1	setValue	-	arg0	recv	value	a
summary	org.apache.commons.lang3.mutable	MutableObject	0	MutableObject	-	arg0	recv	value	a
summary	org.apache.commons.lang3.text	StrBuilder	0	StrBuilder	1	arg0	recv	taint	-
summary	org.apache.commons.lang3.text	StrBuilder	0	append	-	recv	ret	taint	-
summary	org.apache.commons.lang3.text	StrBuilder	0	append	-	recv	ret	value	-
summary	org.apache.commons.lang3.text	StrBuilder	0	append	1	arg0	recv	taint	-
summary	org.apache.commons.lang3.text	StrBuilder	0	append	2	arg0	recv	taint	-
summary	org.apache.commons.lang3.text	StrBuilder	0	append	2	arg1	recv	taint	a
summary	org.apache.commons.lang3.text	StrBuilder	0	append	3	arg0	recv	taint	-
summary	org.apache.commons.lang3.text	StrBuilder	0	appendAll	-	recv	ret	taint	-
summary	org.apache.commons.lang3.text	StrBuilder	0	appendAll	-	recv	ret	value	-
summary	org.apache.commons.lang3.text	StrBuilder	0	appendAll	1	arg0	recv	taint	a
summary	org.apache.commons.lang3.text	StrBuilder	0	appendFixedWidthPadLeft	-	recv	ret	taint	-
summary	org.apache.commons.lang3.text	StrBuilder	0	appendFixedWidthPadLeft	-	recv	ret	value	-
summary	org.apache.commons.lang3.text	StrBuilder	0	appendFixedWidthPadLeft	-	arg0	recv	taint	-
summary	org.apache.commons.lang3.text	StrBuilder	0	appendFixedWidthPadRight	-	recv	ret	taint	-
summary	org.apache.commons.lang3.text	StrBuilder	0	appendFixedWidthPadRight	-	recv	ret	value	-
summary	org.apache.commons.lang3.text	StrBuilder	0	appendFixedWidthPadRight	-	arg0	recv	taint	-
summary	org.apache.commons.lang3.text	StrBuilder	0	appendNewLine	-	recv	ret	value	-
summary	org.apache.commons.lang3.text	StrBuilder	0	appendNull	-	recv	ret	value	-
summary	org.apache.commons.lang3.text	StrBuilder	0	appendPadding	-	recv	ret	value	-
summary	org.apache.commons.lang3.text	StrBuilder	0	appendSeparator	-	recv	ret	taint	-
summary	org.apache.commons.lang3.text	StrBuilder	0	appendSeparator	-	recv	ret	value	-
summary	org.apache.commons.lang3.text	StrBuilder	0	appendSeparator	1	arg0	recv	taint	-
summary	org.apache.commons.lang3.text	StrBuilder	0	appendSeparator	2	arg0	recv	taint	-
summary	org.apache.commons.lang3.text	StrBuilder	0	appendSeparator	2	arg1	recv	taint	-
summary	org.apache.commons.lang3.text	StrBuilder	0	appendTo	-	recv	arg0	taint	-
summary	org.apache.commons.lang3.text	StrBuilder	0	appendWithSeparators	-	recv	ret	taint	-
summary	org.apache.commons.lang3.text	StrBuilder	0	appendWithSeparators	-	recv	ret	value	-
summary	org.apache.commons.lang3.text	StrBuilder	0	appendWithSeparators	-	arg1	recv	taint	-
summary	org.apache.commons.lang3.text	StrBuilder	0	appendWithSeparators	2	arg0	recv	taint	a
summary	org.apache.commons.lang3.text	StrBuilder	0	appendln	-	recv	ret	taint	-
summary	org.apache.commons.lang3.text	StrBuilder	0	appendln	-	recv	ret	value	-
summary	org.apache.commons.lang3.text	StrBuilder	0	appendln	1	arg0	recv	taint	-
summary	org.apache.commons.lang3.text	StrBuilder	0	appendln	2	arg0	recv	taint	-
summary	org.apache.commons.lang3.text	StrBuilder	0	appendln	2	arg1	recv	taint	a
summary	org.apache.commons.lang3.text	StrBuilder	0	appendln	3	arg0	recv	taint	-
summary	org.apache.commons.lang3.text	StrBuilder	0	asReader	-	recv	ret	taint	-
summary	org.apache.commons.lang3.text	StrBuilder	0	asTokenizer	-	recv	ret	taint	-
summary	org.apache.commons.lang3.text	StrBuilder	0	build	-	recv	ret	taint	-
summary	org.apache.commons.lang3.text	StrBuilder	0	delete	-	recv	ret	value	-
summary	org.apache.commons.lang3.text	StrBuilder	0	deleteAll	-	recv	ret	value	-
summary	org.apache.commons.lang3.text	StrBuilder	0	deleteCharAt	-	recv	ret	value	-
summary	org.apache.commons.lang3.text	StrBuilder	0	deleteFirst	-	recv	ret	value	-
summary	org.apache.commons.lang3.text	StrBuilder	0	ensureCapacity	-	recv	ret	value	-
summary	org.apache.commons.lang3.text	StrBuilder	0	getChars	1	recv	ret	taint	-
summary	org.apache.commons.lang3.text	StrBuilder	0	getChars	1	recv	arg0	taint	-
summary	org.apache.commons.lang3.text	StrBuilder	0	getChars	4	recv	arg2	taint	-
summary	org.apache.commons.lang3.text	StrBuilder	0	insert	-	recv	ret	taint	-
summary	org.apache.commons.lang3.text	StrBuilder	0	insert	-	recv	ret	value	-
summary	org.apache.commons.lang3.text	StrBuilder	0	insert	-	arg1	recv	taint	-
summary	org.apache.commons.lang3.text	StrBuilder	0	leftString	-	recv	ret	taint	-
summary	org.apache.commons.lang3.text	StrBuilder	0	midString	-	recv	ret	taint	-
summary	org.apache.commons.lang3.text	StrBuilder	0	minimizeCapacity	-	recv	ret	value	-
summary	org.apache.commons.lang3.text	StrBuilder	0	readFrom	-	arg0	recv	taint	-
summary	org.apache.commons.lang3.text	StrBuilder	0	replace	-	recv	ret	taint	-
summary	org.apache.commons.lang3.text	StrBuilder	0	replace	-	recv	ret	value	-
summary	org.apache.commons.lang3.text	StrBuilder	0	replace	3	arg2	recv	taint	-
summary	org.apache.commons.lang3.text	StrBuilder	0	replace	5	arg1	recv	taint	-
summary	org.apache.commons.lang3.text	StrBuilder	0	replaceAll	-	recv	ret	taint	-
summary	org.apache.commons.lang3.text	StrBuilder	0	replaceAll	-	recv	ret	value	-
summary	org.apache.commons.lang3.text	StrBuilder	0	replaceAll	-	arg1	recv	taint	-
summary	org.apache.commons.lang3.text	StrBuilder	0	replaceFirst	-	recv	ret	taint	-
summary	org.apache.commons.lang3.text	StrBuilder	0	replaceFirst	-	recv	ret	value	-
summary	org.apache.commons.lang3.text	StrBuilder	0	replaceFirst	-	arg1	recv	taint	-
summary	org.apache.commons.lang3.text	StrBuilder	0	reverse	-	recv	ret	value	-
summary	org.apache.commons.lang3.text	StrBuilder	0	rightString	-	recv	ret	taint	-
summary	org.apache.commons.lang3.text	StrBuilder	0	setCharAt	-	recv	ret	value	-
summary	org.apache.commons.lang3.text	StrBuilder	0	setLength	-	recv	ret	value	-
summary	org.apache.commons.lang3.text	StrBuilder	0	setNewLineText	-	recv	ret	value	-
summary	org.apache.commons.lang3.text	StrBuilder	0	setNullText	-	recv	ret	value	-
summary	org.apache.commons.lang3.text	StrBuilder	0	subSequence	-	recv	ret	taint	-
summary	org.apache.commons.lang3.text	StrBuilder	0	substring	-	recv	ret	taint	-
summary	org.apache.commons.lang3.text	StrBuilder	0	toCharArray	-	recv	ret	taint	-
summary	org.apache.commons.lang3.text	StrBuilder	0	toString	-	recv	ret	taint	-
summary	org.apache.commons.lang3.text	StrBuilder	0	toStringBuffer	-	recv	ret	taint	-
summary	org.apache.commons.lang3.text	StrBuilder	0	toStringBuilder	-	recv	ret	taint	-
summary	org.apache.commons.lang3.text	StrBuilder	0	trim	-	recv	ret	value	-
summary	org.apache.commons.lang3.text	StrLookup	0	lookup	-	recv	ret	taint	-
summary	org.apache.commons.lang3.text	StrLookup	0	mapLookup	-	arg0	ret	taint	a
summary	org.apache.commons.lang3.text	StrSubstitutor	0	StrSubstitutor	-	arg0	recv	taint	-
summary	org.apache.commons.lang3.text	StrSubstitutor	0	StrSubstitutor	-	arg0	recv	taint	a
summary	org.apache.commons.lang3.text	StrSubstitutor	0	replace	-	recv	ret	taint	-
summary	org.apache.commons.lang3.text	StrSubstitutor	0	replace	1	arg0	ret	taint	-
summary	org.apache.commons.lang3.text	StrSubstitutor	0	replace	2	arg0	ret	taint	-
summary	org.apache.commons.lang3.text	StrSubstitutor	0	replace	2	arg1	ret	taint	a
summary	org.apache.commons.lang3.text	StrSubstitutor	0	replace	3	arg0	ret	taint	-
summary	org.apache.commons.lang3.text	StrSubstitutor	0	replace	4	arg0	ret	taint	-
summary	org.apache.commons.lang3.text	StrSubstitutor	0	replace	4	arg1	ret	taint	a
summary	org.apache.commons.lang3.text	StrSubstitutor	0	replaceIn	1	recv	arg0	taint	-
summary	org.apache.commons.lang3.text	StrSubstitutor	0	replaceIn	3	recv	arg0	taint	-
summary	org.apache.commons.lang3.text	StrSubstitutor	0	setVariableResolver	-	arg0	recv	taint	-
summary	org.apache.commons.lang3.text	StrTokenizer	0	StrTokenizer	-	arg0	recv	taint	-
summary	org.apache.commons.lang3.text	StrTokenizer	0	clone	-	recv	ret	taint	-
summary	org.apache.commons.lang3.text	StrTokenizer	0	getCSVInstance	-	arg0	ret	taint	-
summary	org.apache.commons.lang3.text	StrTokenizer	0	getContent	-	recv	ret	taint	-
summary	org.apache.commons.lang3.text	StrTokenizer	0	getTSVInstance	-	arg0	ret	taint	-
summary	org.apache.commons.lang3.text	StrTokenizer	0	getTokenArray	-	recv	ret	taint	-
summary	org.apache.commons.lang3.text	StrTokenizer	0	getTokenList	-	recv	ret	taint	-
summary	org.apache.commons.lang3.text	StrTokenizer	0	next	-	recv	ret	taint	-
summary	org.apache.commons.lang3.text	StrTokenizer	0	nextToken	-	recv	ret	taint	-
summary	org.apache.commons.lang3.text	StrTokenizer	0	previous	-	recv	ret	taint	-
summary	org.apache.commons.lang3.text	StrTokenizer	0	previousToken	-	recv	ret	taint	-
summary	org.apache.commons.lang3.text	StrTokenizer	0	reset	-	arg0	ret	taint	-
summary	org.apache.commons.lang3.text	StrTokenizer	0	reset	-	arg0	recv	taint	-
summary	org.apache.commons.lang3.text	StrTokenizer	0	toString	-	recv	ret	taint	-
summary	org.apache.commons.lang3.text	WordUtils	0	capitalize	1	arg0	ret	taint	-
summary	org.apache.commons.lang3.text	WordUtils	0	capitalize	2	arg0	ret	taint	-
summary	org.apache.commons.lang3.text	WordUtils	0	capitalizeFully	1	arg0	ret	taint	-
summary	org.apache.commons.lang3.text	WordUtils	0	capitalizeFully	2	arg0	ret	taint	-
summary	org.apache.commons.lang3.text	WordUtils	0	initials	1	arg0	ret	taint	-
summary	org.apache.commons.lang3.text	WordUtils	0	initials	2	arg0	ret	taint	-
summary	org.apache.commons.lang3.text	WordUtils	0	swapCase	-	arg0	ret	taint	-
summary	org.apache.commons.lang3.text	WordUtils	0	uncapitalize	1	arg0	ret	taint	-
summary	org.apache.commons.lang3.text	WordUtils	0	uncapitalize	2	arg0	ret	taint	-
summary	org.apache.commons.lang3.text	WordUtils	0	wrap	-	arg0	ret	taint	-
summary	org.apache.commons.lang3.text	WordUtils	0	wrap	4	arg2	ret	taint	-
summary	org.apache.commons.lang3.text	WordUtils	0	wrap	5	arg2	ret	taint	-
summary	org.apache.commons.lang3.tuple	ImmutablePair	0	ImmutablePair	2	arg0	recv	value	a
summary	org.apache.commons.lang3.tuple	ImmutablePair	0	ImmutablePair	2	arg1	recv	value	a
summary	org.apache.commons.lang3.tuple	ImmutablePair	0	left	-	arg0	ret	value	a
summary	org.apache.commons.lang3.tuple	ImmutablePair	0	of	2	arg0	ret	value	a
summary	org.apache.commons.lang3.tuple	ImmutablePair	0	of	2	arg1	ret	value	a
summary	org.apache.commons.lang3.tuple	ImmutablePair	0	right	-	arg0	ret	value	a
summary	org.apache.commons.lang3.tuple	ImmutableTriple	0	ImmutableTriple	3	arg0	recv	value	a
summary	org.apache.commons.lang3.tuple	ImmutableTriple	0	ImmutableTriple	3	arg1	recv	value	a
summary	org.apache.commons.lang3.tuple	ImmutableTriple	0	ImmutableTriple	3	arg2	recv	value	a
summary	org.apache.commons.lang3.tuple	ImmutableTriple	0	of	3	arg0	ret	value	a
summary	org.apache.commons.lang3.tuple	ImmutableTriple	0	of	3	arg1	ret	value	a
summary	org.apache.commons.lang3.tuple	ImmutableTriple	0	of	3	arg2	ret	value	a
summary	org.apache.commons.lang3.tuple	MutablePair	0	MutablePair	2	arg0	recv	value	a
summary	org.apache.commons.lang3.tuple	MutablePair	0	MutablePair	2	arg1	recv	value	a
summary	org.apache.commons.lang3.tuple	MutablePair	0	of	2	arg0	ret	value	a
summary	org.apache.commons.lang3.tuple	MutablePair	0	of	2	arg1	ret	value	a
summary	org.apache.commons.lang3.tuple	MutablePair	0	setLeft	-	arg0	recv	value	a
summary	org.apache.commons.lang3.tuple	MutablePair	0	setRight	-	arg0	recv	value	a
summary	org.apache.commons.lang3.tuple	MutablePair	0	setValue	-	arg0	recv	value	a
summary	org.apache.commons.lang3.tuple	MutableTriple	0	MutableTriple	3	arg0	recv	value	a
summary	org.apache.commons.lang3.tuple	MutableTriple	0	MutableTriple	3	arg1	recv	value	a
summary	org.apache.commons.lang3.tuple	MutableTriple	0	MutableTriple	3	arg2	recv	value	a
summary	org.apache.commons.lang3.tuple	MutableTriple	0	of	3	arg0	ret	value	a
summary	org.apache.commons.lang3.tuple	MutableTriple	0	of	3	arg1	ret	value	a
summary	org.apache.commons.lang3.tuple	MutableTriple	0	of	3	arg2	ret	value	a
summary	org.apache.commons.lang3.tuple	MutableTriple	0	setLeft	-	arg0	recv	value	a
summary	org.apache.commons.lang3.tuple	MutableTriple	0	setMiddle	-	arg0	recv	value	a
summary	org.apache.commons.lang3.tuple	MutableTriple	0	setRight	-	arg0	recv	value	a
summary	org.apache.commons.lang3.tuple	Pair	0	of	2	arg0	ret	value	a
summary	org.apache.commons.lang3.tuple	Pair	0	of	2	arg1	ret	value	a
summary	org.apache.commons.lang3.tuple	Pair	1	getKey	-	recv	ret	value	a
summary	org.apache.commons.lang3.tuple	Pair	1	getLeft	-	recv	ret	value	a
summary	org.apache.commons.lang3.tuple	Pair	1	getRight	-	recv	ret	value	a
summary	org.apache.commons.lang3.tuple	Pair	1	getValue	-	recv	ret	value	a
summary	org.apache.commons.lang3.tuple	Triple	0	of	3	arg0	ret	value	a
summary	org.apache.commons.lang3.tuple	Triple	0	of	3	arg1	ret	value	a
summary	org.apache.commons.lang3.tuple	Triple	0	of	3	arg2	ret	value	a
summary	org.apache.commons.lang3.tuple	Triple	1	getLeft	-	recv	ret	value	a
summary	org.apache.commons.lang3.tuple	Triple	1	getMiddle	-	recv	ret	value	a
summary	org.apache.commons.lang3.tuple	Triple	1	getRight	-	recv	ret	value	a
summary	org.apache.commons.text	StrBuilder	0	StrBuilder	1	arg0	recv	taint	-
summary	org.apache.commons.text	StrBuilder	0	append	-	recv	ret	taint	-
summary	org.apache.commons.text	StrBuilder	0	append	-	recv	ret	value	-
summary	org.apache.commons.text	StrBuilder	0	append	1	arg0	recv	taint	-
summary	org.apache.commons.text	StrBuilder	0	append	2	arg0	recv	taint	-
summary	org.apache.commons.text	StrBuilder	0	append	2	arg1	recv	taint	a
summary	org.apache.commons.text	StrBuilder	0	append	3	arg0	recv	taint	-
summary	org.apache.commons.text	StrBuilder	0	appendAll	-	recv	ret	taint	-
summary	org.apache.commons.text	StrBuilder	0	appendAll	-	recv	ret	value	-
summary	org.apache.commons.text	StrBuilder	0	appendAll	1	arg0	recv	taint	a
summary	org.apache.commons.text	StrBuilder	0	appendFixedWidthPadLeft	-	recv	ret	taint	-
summary	org.apache.commons.text	StrBuilder	0	appendFixedWidthPadLeft	-	recv	ret	value	-
summary	org.apache.commons.text	StrBuilder	0	appendFixedWidthPadLeft	-	arg0	recv	taint	-
summary	org.apache.commons.text	StrBuilder	0	appendFixedWidthPadRight	-	recv	ret	taint	-
summary	org.apache.commons.text	StrBuilder	0	appendFixedWidthPadRight	-	recv	ret	value	-
summary	org.apache.commons.text	StrBuilder	0	appendFixedWidthPadRight	-	arg0	recv	taint	-
summary	org.apache.commons.text	StrBuilder	0	appendNewLine	-	recv	ret	value	-
summary	org.apache.commons.text	StrBuilder	0	appendNull	-	recv	ret	value	-
summary	org.apache.commons.text	StrBuilder	0	appendPadding	-	recv	ret	value	-
summary	org.apache.commons.text	StrBuilder	0	appendSeparator	-	recv	ret	taint	-
summary	org.apache.commons.text	StrBuilder	0	appendSeparator	-	recv	ret	value	-
summary	org.apache.commons.text	StrBuilder	0	appendSeparator	1	arg0	recv	taint	-
summary	org.apache.commons.text	StrBuilder	0	appendSeparator	2	arg0	recv	taint	-
summary	org.apache.commons.text	StrBuilder	0	appendSeparator	2	arg1	recv	taint	-
summary	org.apache.commons.text	StrBuilder	0	appendTo	-	recv	arg0	taint	-
summary	org.apache.commons.text	StrBuilder	0	appendWithSeparators	-	recv	ret	taint	-
summary	org.apache.commons.text	StrBuilder	0	appendWithSeparators	-	recv	ret	value	-
summary	org.apache.commons.text	StrBuilder	0	appendWithSeparators	-	arg1	recv	taint	-
summary	org.apache.commons.text	StrBuilder	0	appendWithSeparators	2	arg0	recv	taint	a
summary	org.apache.commons.text	StrBuilder	0	appendln	-	recv	ret	taint	-
summary	org.apache.commons.text	StrBuilder	0	appendln	-	recv	ret	value	-
summary	org.apache.commons.text	StrBuilder	0	appendln	1	arg0	recv	taint	-
summary	org.apache.commons.text	StrBuilder	0	appendln	2	arg0	recv	taint	-
summary	org.apache.commons.text	StrBuilder	0	appendln	2	arg1	recv	taint	a
summary	org.apache.commons.text	StrBuilder	0	appendln	3	arg0	recv	taint	-
summary	org.apache.commons.text	StrBuilder	0	asReader	-	recv	ret	taint	-
summary	org.apache.commons.text	StrBuilder	0	asTokenizer	-	recv	ret	taint	-
summary	org.apache.commons.text	StrBuilder	0	build	-	recv	ret	taint	-
summary	org.apache.commons.text	StrBuilder	0	delete	-	recv	ret	value	-
summary	org.apache.commons.text	StrBuilder	0	deleteAll	-	recv	ret	value	-
summary	org.apache.commons.text	StrBuilder	0	deleteCharAt	-	recv	ret	value	-
summary	org.apache.commons.text	StrBuilder	0	deleteFirst	-	recv	ret	value	-
summary	org.apache.commons.text	StrBuilder	0	ensureCapacity	-	recv	ret	value	-
summary	org.apache.commons.text	StrBuilder	0	getChars	1	recv	ret	taint	-
summary	org.apache.commons.text	StrBuilder	0	getChars	1	recv	arg0	taint	-
summary	org.apache.commons.text	StrBuilder	0	getChars	4	recv	arg2	taint	-
summary	org.apache.commons.text	StrBuilder	0	insert	-	recv	ret	taint	-
summary	org.apache.commons.text	StrBuilder	0	insert	-	recv	ret	value	-
summary	org.apache.commons.text	StrBuilder	0	insert	-	arg1	recv	taint	-
summary	org.apache.commons.text	StrBuilder	0	leftString	-	recv	ret	taint	-
summary	org.apache.commons.text	StrBuilder	0	midString	-	recv	ret	taint	-
summary	org.apache.commons.text	StrBuilder	0	minimizeCapacity	-	recv	ret	value	-
summary	org.apache.commons.text	StrBuilder	0	readFrom	-	arg0	recv	taint	-
summary	org.apache.commons.text	StrBuilder	0	replace	-	recv	ret	taint	-
summary	org.apache.commons.text	StrBuilder	0	replace	-	recv	ret	value	-
summary	org.apache.commons.text	StrBuilder	0	replace	3	arg2	recv	taint	-
summary	org.apache.commons.text	StrBuilder	0	replace	5	arg1	recv	taint	-
summary	org.apache.commons.text	StrBuilder	0	replaceAll	-	recv	ret	taint	-
summary	org.apache.commons.text	StrBuilder	0	replaceAll	-	recv	ret	value	-
summary	org.apache.commons.text	StrBuilder	0	replaceAll	-	arg1	recv	taint	-
summary	org.apache.commons.text	StrBuilder	0	replaceFirst	-	recv	ret	taint	-
summary	org.apache.commons.text	StrBuilder	0	replaceFirst	-	recv	ret	value	-
summary	org.apache.commons.text	StrBuilder	0	replaceFirst	-	arg1	recv	taint	-
summary	org.apache.commons.text	StrBuilder	0	reverse	-	recv	ret	value	-
summary	org.apache.commons.text	StrBuilder	0	rightString	-	recv	ret	taint	-
summary	org.apache.commons.text	StrBuilder	0	setCharAt	-	recv	ret	value	-
summary	org.apache.commons.text	StrBuilder	0	setLength	-	recv	ret	value	-
summary	org.apache.commons.text	StrBuilder	0	setNewLineText	-	recv	ret	value	-
summary	org.apache.commons.text	StrBuilder	0	setNullText	-	recv	ret	value	-
summary	org.apache.commons.text	StrBuilder	0	subSequence	-	recv	ret	taint	-
summary	org.apache.commons.text	StrBuilder	0	substring	-	recv	ret	taint	-
summary	org.apache.commons.text	StrBuilder	0	toCharArray	-	recv	ret	taint	-
summary	org.apache.commons.text	StrBuilder	0	toString	-	recv	ret	taint	-
summary	org.apache.commons.text	StrBuilder	0	toStringBuffer	-	recv	ret	taint	-
summary	org.apache.commons.text	StrBuilder	0	toStringBuilder	-	recv	ret	taint	-
summary	org.apache.commons.text	StrBuilder	0	trim	-	recv	ret	value	-
summary	org.apache.commons.text	StrTokenizer	0	StrTokenizer	-	arg0	recv	taint	-
summary	org.apache.commons.text	StrTokenizer	0	clone	-	recv	ret	taint	-
summary	org.apache.commons.text	StrTokenizer	0	getCSVInstance	-	arg0	ret	taint	-
summary	org.apache.commons.text	StrTokenizer	0	getContent	-	recv	ret	taint	-
summary	org.apache.commons.text	StrTokenizer	0	getTSVInstance	-	arg0	ret	taint	-
summary	org.apache.commons.text	StrTokenizer	0	getTokenArray	-	recv	ret	taint	-
summary	org.apache.commons.text	StrTokenizer	0	getTokenList	-	recv	ret	taint	-
summary	org.apache.commons.text	StrTokenizer	0	next	-	recv	ret	taint	-
summary	org.apache.commons.text	StrTokenizer	0	nextToken	-	recv	ret	taint	-
summary	org.apache.commons.text	StrTokenizer	0	previous	-	recv	ret	taint	-
summary	org.apache.commons.text	StrTokenizer	0	previousToken	-	recv	ret	taint	-
summary	org.apache.commons.text	StrTokenizer	0	reset	-	arg0	ret	taint	-
summary	org.apache.commons.text	StrTokenizer	0	reset	-	arg0	recv	taint	-
summary	org.apache.commons.text	StrTokenizer	0	toString	-	recv	ret	taint	-
summary	org.apache.commons.text	StringSubstitutor	0	StringSubstitutor	-	arg0	recv	taint	-
summary	org.apache.commons.text	StringSubstitutor	0	StringSubstitutor	-	arg0	recv	taint	a
summary	org.apache.commons.text	StringSubstitutor	0	replace	-	recv	ret	taint	-
summary	org.apache.commons.text	StringSubstitutor	0	replace	1	arg0	ret	taint	-
summary	org.apache.commons.text	StringSubstitutor	0	replace	2	arg0	ret	taint	-
summary	org.apache.commons.text	StringSubstitutor	0	replace	2	arg1	ret	taint	a
summary	org.apache.commons.text	StringSubstitutor	0	replace	3	arg0	ret	taint	-
summary	org.apache.commons.text	StringSubstitutor	0	replace	4	arg0	ret	taint	-
summary	org.apache.commons.text	StringSubstitutor	0	replace	4	arg1	ret	taint	a
summary	org.apache.commons.text	StringSubstitutor	0	replaceIn	1	recv	arg0	taint	-
summary	org.apache.commons.text	StringSubstitutor	0	replaceIn	3	recv	arg0	taint	-
summary	org.apache.commons.text	StringSubstitutor	0	setVariableResolver	-	arg0	recv	taint	-
summary	org.apache.commons.text	StringTokenizer	0	StringTokenizer	-	arg0	recv	taint	-
summary	org.apache.commons.text	StringTokenizer	0	clone	-	recv	ret	taint	-
summary	org.apache.commons.text	StringTokenizer	0	getCSVInstance	-	arg0	ret	taint	-
summary	org.apache.commons.text	StringTokenizer	0	getContent	-	recv	ret	taint	-
summary	org.apache.commons.text	StringTokenizer	0	getTSVInstance	-	arg0	ret	taint	-
summary	org.apache.commons.text	StringTokenizer	0	getTokenArray	-	recv	ret	taint	-
summary	org.apache.commons.text	StringTokenizer	0	getTokenList	-	recv	ret	taint	-
summary	org.apache.commons.text	StringTokenizer	0	next	-	recv	ret	taint	-
summary	org.apache.commons.text	StringTokenizer	0	nextToken	-	recv	ret	taint	-
summary	org.apache.commons.text	StringTokenizer	0	previous	-	recv	ret	taint	-
summary	org.apache.commons.text	StringTokenizer	0	previousToken	-	recv	ret	taint	-
summary	org.apache.commons.text	StringTokenizer	0	reset	-	arg0	ret	taint	-
summary	org.apache.commons.text	StringTokenizer	0	reset	-	arg0	recv	taint	-
summary	org.apache.commons.text	StringTokenizer	0	toString	-	recv	ret	taint	-
summary	org.apache.commons.text	TextStringBuilder	0	TextStringBuilder	1	arg0	recv	taint	-
summary	org.apache.commons.text	TextStringBuilder	0	append	-	recv	ret	taint	-
summary	org.apache.commons.text	TextStringBuilder	0	append	-	recv	ret	value	-
summary	org.apache.commons.text	TextStringBuilder	0	append	1	arg0	recv	taint	-
summary	org.apache.commons.text	TextStringBuilder	0	append	2	arg0	recv	taint	-
summary	org.apache.commons.text	TextStringBuilder	0	append	2	arg1	recv	taint	a
summary	org.apache.commons.text	TextStringBuilder	0	append	3	arg0	recv	taint	-
summary	org.apache.commons.text	TextStringBuilder	0	appendAll	-	recv	ret	taint	-
summary	org.apache.commons.text	TextStringBuilder	0	appendAll	-	recv	ret	value	-
summary	org.apache.commons.text	TextStringBuilder	0	appendAll	1	arg0	recv	taint	a
summary	org.apache.commons.text	TextStringBuilder	0	appendFixedWidthPadLeft	-	recv	ret	taint	-
summary	org.apache.commons.text	TextStringBuilder	0	appendFixedWidthPadLeft	-	recv	ret	value	-
summary	org.apache.commons.text	TextStringBuilder	0	appendFixedWidthPadLeft	-	arg0	recv	taint	-
summary	org.apache.commons.text	TextStringBuilder	0	appendFixedWidthPadRight	-	recv	ret	taint	-
summary	org.apache.commons.text	TextStringBuilder	0	appendFixedWidthPadRight	-	recv	ret	value	-
summary	org.apache.commons.text	TextStringBuilder	0	appendFixedWidthPadRight	-	arg0	recv	taint	-
summary	org.apache.commons.text	TextStringBuilder	0	appendNewLine	-	recv	ret	value	-
summary	org.apache.commons.text	TextStringBuilder	0	appendNull	-	recv	ret	value	-
summary	org.apache.commons.text	TextStringBuilder	0	appendPadding	-	recv	ret	value	-
summary	org.apache.commons.text	TextStringBuilder	0	appendSeparator	-	recv	ret	taint	-
summary	org.apache.commons.text	TextStringBuilder	0	appendSeparator	-	recv	ret	value	-
summary	org.apache.commons.text	TextStringBuilder	0	appendSeparator	1	arg0	recv	taint	-
summary	org.apache.commons.text	TextStringBuilder	0	appendSeparator	2	arg0	recv	taint	-
summary	org.apache.commons.text	TextStringBuilder	0	appendSeparator	2	arg1	recv	taint	-
summary	org.apache.commons.text	TextStringBuilder	0	appendTo	-	recv	arg0	taint	-
summary	org.apache.commons.text	TextStringBuilder	0	appendWithSeparators	-	recv	ret	taint	-
summary	org.apache.commons.text	TextStringBuilder	0	appendWithSeparators	-	recv	ret	value	-
summary	org.apache.commons.text	TextStringBuilder	0	appendWithSeparators	-	arg1	recv	taint	-
summary	org.apache.commons.text	TextStringBuilder	0	appendWithSeparators	2	arg0	recv	taint	a
summary	org.apache.commons.text	TextStringBuilder	0	appendln	-	recv	ret	taint	-
summary	org.apache.commons.text	TextStringBuilder	0	appendln	-	recv	ret	value	-
summary	org.apache.commons.text	TextStringBuilder	0	appendln	1	arg0	recv	taint	-
summary	org.apache.commons.text	TextStringBuilder	0	appendln	2	arg0	recv	taint	-
summary	org.apache.commons.text	TextStringBuilder	0	appendln	2	arg1	recv	taint	a
summary	org.apache.commons.text	TextStringBuilder	0	appendln	3	arg0	recv	taint	-
summary	org.apache.commons.text	TextStringBuilder	0	asReader	-	recv	ret	taint	-
summary	org.apache.commons.text	TextStringBuilder	0	asTokenizer	-	recv	ret	taint	-
summary	org.apache.commons.text	TextStringBuilder	0	build	-	recv	ret	taint	-
summary	org.apache.commons.text	TextStringBuilder	0	delete	-	recv	ret	value	-
summary	org.apache.commons.text	TextStringBuilder	0	deleteAll	-	recv	ret	value	-
summary	org.apache.commons.text	TextStringBuilder	0	deleteCharAt	-	recv	ret	value	-
summary	org.apache.commons.text	TextStringBuilder	0	deleteFirst	-	recv	ret	value	-
summary	org.apache.commons.text	TextStringBuilder	0	ensureCapacity	-	recv	ret	value	-
summary	org.apache.commons.text	TextStringBuilder	0	getChars	1	recv	ret	taint	-
summary	org.apache.commons.text	TextStringBuilder	0	getChars	1	recv	arg0	taint	-
summary	org.apache.commons.text	TextStringBuilder	0	getChars	4	recv	arg2	taint	-
summary	org.apache.commons.text	TextStringBuilder	0	insert	-	recv	ret	taint	-
summary	org.apache.commons.text	TextStringBuilder	0	insert	-	recv	ret	value	-
summary	org.apache.commons.text	TextStringBuilder	0	insert	-	arg1	recv	taint	-
summary	org.apache.commons.text	TextStringBuilder	0	leftString	-	recv	ret	taint	-
summary	org.apache.commons.text	TextStringBuilder	0	midString	-	recv	ret	taint	-
summary	org.apache.commons.text	TextStringBuilder	0	minimizeCapacity	-	recv	ret	value	-
summary	org.apache.commons.text	TextStringBuilder	0	readFrom	-	arg0	recv	taint	-
summary	org.apache.commons.text	TextStringBuilder	0	replace	-	recv	ret	taint	-
summary	org.apache.commons.text	TextStringBuilder	0	replace	-	recv	ret	value	-
summary	org.apache.commons.text	TextStringBuilder	0	replace	3	arg2	recv	taint	-
summary	org.apache.commons.text	TextStringBuilder	0	replace	5	arg1	recv	taint	-
summary	org.apache.commons.text	TextStringBuilder	0	replaceAll	-	recv	ret	taint	-
summary	org.apache.commons.text	TextStringBuilder	0	replaceAll	-	recv	ret	value	-
summary	org.apache.commons.text	TextStringBuilder	0	replaceAll	-	arg1	recv	taint	-
summary	org.apache.commons.text	TextStringBuilder	0	replaceFirst	-	recv	ret	taint	-
summary	org.apache.commons.text	TextStringBuilder	0	replaceFirst	-	recv	ret	value	-
summary	org.apache.commons.text	TextStringBuilder	0	replaceFirst	-	arg1	recv	taint	-
summary	org.apache.commons.text	TextStringBuilder	0	reverse	-	recv	ret	value	-
summary	org.apache.commons.text	TextStringBuilder	0	rightString	-	recv	ret	taint	-
summary	org.apache.commons.text	TextStringBuilder	0	setCharAt	-	recv	ret	value	-
summary	org.apache.commons.text	TextStringBuilder	0	setLength	-	recv	ret	value	-
summary	org.apache.commons.text	TextStringBuilder	0	setNewLineText	-	recv	ret	value	-
summary	org.apache.commons.text	TextStringBuilder	0	setNullText	-	recv	ret	value	-
summary	org.apache.commons.text	TextStringBuilder	0	subSequence	-	recv	ret	taint	-
summary	org.apache.commons.text	TextStringBuilder	0	substring	-	recv	ret	taint	-
summary	org.apache.commons.text	TextStringBuilder	0	toCharArray	-	recv	ret	taint	-
summary	org.apache.commons.text	TextStringBuilder	0	toString	-	recv	ret	taint	-
summary	org.apache.commons.text	TextStringBuilder	0	toStringBuffer	-	recv	ret	taint	-
summary	org.apache.commons.text	TextStringBuilder	0	toStringBuilder	-	recv	ret	taint	-
summary	org.apache.commons.text	TextStringBuilder	0	trim	-	recv	ret	value	-
summary	org.apache.commons.text	WordUtils	0	abbreviate	-	arg0	ret	taint	-
summary	org.apache.commons.text	WordUtils	0	abbreviate	-	arg3	ret	taint	-
summary	org.apache.commons.text	WordUtils	0	capitalize	1	arg0	ret	taint	-
summary	org.apache.commons.text	WordUtils	0	capitalize	2	arg0	ret	taint	-
summary	org.apache.commons.text	WordUtils	0	capitalizeFully	1	arg0	ret	taint	-
summary	org.apache.commons.text	WordUtils	0	capitalizeFully	2	arg0	ret	taint	-
summary	org.apache.commons.text	WordUtils	0	initials	1	arg0	ret	taint	-
summary	org.apache.commons.text	WordUtils	0	initials	2	arg0	ret	taint	-
summary	org.apache.commons.text	WordUtils	0	swapCase	-	arg0	ret	taint	-
summary	org.apache.commons.text	WordUtils	0	uncapitalize	1	arg0	ret	taint	-
summary	org.apache.commons.text	WordUtils	0	uncapitalize	2	arg0	ret	taint	-
summary	org.apache.commons.text	WordUtils	0	wrap	-	arg0	ret	taint	-
summary	org.apache.commons.text	WordUtils	0	wrap	4	arg2	ret	taint	-
summary	org.apache.commons.text	WordUtils	0	wrap	5	arg2	ret	taint	-
summary	org.apache.commons.text.lookup	StringLookup	1	lookup	-	recv	ret	taint	-
summary	org.apache.commons.text.lookup	StringLookupFactory	0	mapStringLookup	-	arg0	ret	taint	a
summary	org.apache.hadoop.fs	FileSystem	1	makeQualified	1	arg0	ret	taint	-
summary	org.apache.hadoop.fs	Path	1	Path	1	arg0	recv	taint	-
summary	org.apache.hadoop.fs	Path	1	Path	2	arg0	recv	taint	-
summary	org.apache.hadoop.fs	Path	1	Path	2	arg1	recv	taint	-
summary	org.apache.hadoop.fs	Path	1	Path	3	arg1	recv	taint	-
summary	org.apache.hadoop.fs	Path	1	Path	3	arg2	recv	taint	-
summary	org.apache.hadoop.hive.ql.exec	Utilities	0	replaceTaskIdFromFilename	2	arg0	ret	taint	-
summary	org.apache.hc.client5.http.protocol	RedirectLocations	1	add	1	arg0	recv	value	a
summary	org.apache.hc.client5.http.utils	URIUtils	1	extractHost	1	arg0	ret	taint	-
summary	org.apache.hc.client5.http.utils	URIUtils	1	resolve	2	arg0	ret	taint	-
summary	org.apache.hc.client5.http.utils	URIUtils	1	resolve	3	arg0	ret	taint	-
summary	org.apache.hc.client5.http.utils	URIUtils	1	rewriteURI	1	arg0	ret	taint	-
summary	org.apache.hc.client5.http.utils	URIUtils	1	rewriteURI	2	arg0	ret	taint	-
summary	org.apache.hc.client5.http.utils	URIUtils	1	rewriteURI	3	arg0	ret	taint	-
summary	org.apache.hc.core5.function	Supplier	1	get	0	recv	ret	taint	-
summary	org.apache.hc.core5.http	EntityDetails	1	getContentEncoding	0	recv	ret	taint	-
summary	org.apache.hc.core5.http	EntityDetails	1	getContentType	0	recv	ret	taint	-
summary	org.apache.hc.core5.http	EntityDetails	1	getTrailerNames	0	recv	ret	taint	-
summary	org.apache.hc.core5.http	HttpEntity	1	getContent	0	recv	ret	taint	-
summary	org.apache.hc.core5.http	HttpEntity	1	getTrailers	0	recv	ret	taint	-
summary	org.apache.hc.core5.http	HttpEntityContainer	1	getEntity	0	recv	ret	taint	-
summary	org.apache.hc.core5.http	HttpHost	1	HttpHost	1	arg0	recv	taint	-
summary	org.apache.hc.core5.http	HttpHost	1	HttpHost	2	arg0	recv	taint	-
summary	org.apache.hc.core5.http	HttpHost	1	HttpHost	2	arg1	recv	taint	-
summary	org.apache.hc.core5.http	HttpHost	1	HttpHost	3	arg1	recv	taint	-
summary	org.apache.hc.core5.http	HttpHost	1	HttpHost	4	arg2	recv	taint	-
summary	org.apache.hc.core5.http	HttpHost	1	create	1	arg0	ret	taint	-
summary	org.apache.hc.core5.http	HttpRequest	1	getAuthority	0	recv	ret	taint	-
summary	org.apache.hc.core5.http	HttpRequest	1	getMethod	0	recv	ret	taint	-
summary	org.apache.hc.core5.http	HttpRequest	1	getPath	0	recv	ret	taint	-
summary	org.apache.hc.core5.http	HttpRequest	1	getRequestUri	0	recv	ret	taint	-
summary	org.apache.hc.core5.http	HttpRequest	1	getUri	0	recv	ret	taint	-
summary	org.apache.hc.core5.http	MessageHeaders	1	getFirstHeader	1	recv	ret	taint	-
summary	org.apache.hc.core5.http	MessageHeaders	1	getHeader	1	recv	ret	taint	-
summary	org.apache.hc.core5.http	MessageHeaders	1	getHeaders	0	recv	ret	taint	-
summary	org.apache.hc.core5.http	MessageHeaders	1	getHeaders	1	recv	ret	taint	-
summary	org.apache.hc.core5.http	MessageHeaders	1	getLastHeader	1	recv	ret	taint	-
summary	org.apache.hc.core5.http	MessageHeaders	1	headerIterator	0	recv	ret	taint	-
summary	org.apache.hc.core5.http	MessageHeaders	1	headerIterator	1	recv	ret	taint	-
summary	org.apache.hc.core5.http	NameValuePair	1	getName	0	recv	ret	taint	-
summary	org.apache.hc.core5.http	NameValuePair	1	getValue	0	recv	ret	taint	-
summary	org.apache.hc.core5.http.io.entity	BasicHttpEntity	1	BasicHttpEntity	-	arg0	recv	taint	-
summary	org.apache.hc.core5.http.io.entity	BufferedHttpEntity	1	BufferedHttpEntity	1	arg0	recv	taint	-
summary	org.apache.hc.core5.http.io.entity	ByteArrayEntity	1	ByteArrayEntity	-	arg0	recv	taint	-
summary	org.apache.hc.core5.http.io.entity	EntityUtils	1	parse	-	arg0	ret	taint	-
summary	org.apache.hc.core5.http.io.entity	EntityUtils	1	toByteArray	-	arg0	ret	taint	-
summary	org.apache.hc.core5.http.io.entity	EntityUtils	1	toString	-	arg0	ret	taint	-
summary	org.apache.hc.core5.http.io.entity	HttpEntities	1	create	-	arg0	ret	taint	-
summary	org.apache.hc.core5.http.io.entity	HttpEntities	1	createGzipped	-	arg0	ret	taint	-
summary	org.apache.hc.core5.http.io.entity	HttpEntities	1	createUrlEncoded	-	arg0	ret	taint	-
summary	org.apache.hc.core5.http.io.entity	HttpEntities	1	gzip	1	arg0	ret	taint	-
summary	org.apache.hc.core5.http.io.entity	HttpEntities	1	withTrailers	-	arg0	ret	taint	-
summary	org.apache.hc.core5.http.io.entity	HttpEntityWrapper	1	HttpEntityWrapper	1	arg0	recv	taint	-
summary	org.apache.hc.core5.http.io.entity	InputStreamEntity	1	InputStreamEntity	-	arg0	recv	taint	-
summary	org.apache.hc.core5.http.io.entity	StringEntity	1	StringEntity	-	arg0	recv	taint	-
summary	org.apache.hc.core5.http.message	RequestLine	1	RequestLine	1	arg0	recv	taint	-
summary	org.apache.hc.core5.http.message	RequestLine	1	RequestLine	3	arg1	recv	taint	-
summary	org.apache.hc.core5.http.message	RequestLine	1	getMethod	0	recv	ret	taint	-
summary	org.apache.hc.core5.http.message	RequestLine	1	getUri	0	recv	ret	taint	-
summary	org.apache.hc.core5.http.message	RequestLine	1	toString	0	recv	ret	taint	-
summary	org.apache.hc.core5.net	URIAuthority	1	URIAuthority	1	arg0	recv	taint	-
summary	org.apache.hc.core5.net	URIAuthority	1	URIAuthority	2	arg0	recv	taint	-
summary	org.apache.hc.core5.net	URIAuthority	1	URIAuthority	2	arg1	recv	taint	-
summary	org.apache.hc.core5.net	URIAuthority	1	URIAuthority	3	arg1	recv	taint	-
summary	org.apache.hc.core5.net	URIAuthority	1	getHostName	0	recv	ret	taint	-
summary	org.apache.hc.core5.net	URIAuthority	1	toString	0	recv	ret	taint	-
summary	org.apache.hc.core5.net	URIBuilder	1	URIBuilder	1	arg0	recv	taint	-
summary	org.apache.hc.core5.net	URIBuilder	1	URIBuilder	2	arg0	recv	taint	-
summary	org.apache.hc.core5.net	URIBuilder	1	setHost	1	arg0	ret	taint	-
summary	org.apache.hc.core5.net	URIBuilder	1	setHost	1	arg0	recv	taint	-
summary	org.apache.hc.core5.net	URIBuilder	1	setHttpHost	1	arg0	ret	taint	-
summary	org.apache.hc.core5.net	URIBuilder	1	setHttpHost	1	arg0	recv	taint	-
summary	org.apache.hc.core5.net	URLEncodedUtils	1	parse	2	arg0	ret	taint	a
summary	org.apache.hc.core5.util	Args	1	containsNoBlanks	2	arg0	ret	value	-
summary	org.apache.hc.core5.util	Args	1	notBlank	2	arg0	ret	value	-
summary	org.apache.hc.core5.util	Args	1	notEmpty	2	arg0	ret	value	-
summary	org.apache.hc.core5.util	Args	1	notNull	2	arg0	ret	value	-
summary	org.apache.hc.core5.util	ByteArrayBuffer	1	append	3	arg0	recv	taint	-
summary	org.apache.hc.core5.util	ByteArrayBuffer	1	array	0	recv	ret	taint	-
summary	org.apache.hc.core5.util	ByteArrayBuffer	1	toByteArray	0	recv	ret	taint	-
summary	org.apache.hc.core5.util	CharArrayBuffer	1	append	1	arg0	recv	taint	-
summary	org.apache.hc.core5.util	CharArrayBuffer	1	append	3	arg0	recv	taint	-
summary	org.apache.hc.core5.util	CharArrayBuffer	1	array	0	recv	ret	taint	-
summary	org.apache.hc.core5.util	CharArrayBuffer	1	subSequence	2	recv	ret	taint	-
summary	org.apache.hc.core5.util	CharArrayBuffer	1	substring	2	recv	ret	taint	-
summary	org.apache.hc.core5.util	CharArrayBuffer	1	substringTrimmed	2	recv	ret	taint	-
summary	org.apache.hc.core5.util	CharArrayBuffer	1	toCharArray	0	recv	ret	taint	-
summary	org.apache.hc.core5.util	CharArrayBuffer	1	toString	0	recv	ret	taint	-
summary	org.apache.http	Header	1	getElements	0	recv	ret	taint	-
summary	org.apache.http	HeaderElement	1	getName	0	recv	ret	taint	-
summary	org.apache.http	HeaderElement	1	getParameter	1	recv	ret	taint	-
summary	org.apache.http	HeaderElement	1	getParameterByName	1	recv	ret	taint	-
summary	org.apache.http	HeaderElement	1	getParameters	0	recv	ret	taint	-
summary	org.apache.http	HeaderElement	1	getValue	0	recv	ret	taint	-
summary	org.apache.http	HeaderIterator	1	nextHeader	0	recv	ret	taint	-
summary	org.apache.http	HttpEntity	1	getContent	0	recv	ret	taint	-
summary	org.apache.http	HttpEntity	1	getContentEncoding	0	recv	ret	taint	-
summary	org.apache.http	HttpEntity	1	getContentType	0	recv	ret	taint	-
summary	org.apache.http	HttpEntityEnclosingRequest	1	getEntity	0	recv	ret	taint	-
summary	org.apache.http	HttpHost	1	HttpHost	1	arg0	recv	taint	-
summary	org.apache.http	HttpHost	1	HttpHost	2	arg0	recv	taint	-
summary	org.apache.http	HttpHost	1	HttpHost	3	arg0	recv	taint	-
summary	org.apache.http	HttpHost	1	HttpHost	4	arg1	recv	taint	-
summary	org.apache.http	HttpMessage	1	getAllHeaders	0	recv	ret	taint	-
summary	org.apache.http	HttpMessage	1	getFirstHeader	1	recv	ret	taint	-
summary	org.apache.http	HttpMessage	1	getHeaders	1	recv	ret	taint	-
summary	org.apache.http	HttpMessage	1	getLastHeader	1	recv	ret	taint	-
summary	org.apache.http	HttpMessage	1	getParams	0	recv	ret	taint	-
summary	org.apache.http	HttpMessage	1	headerIterator	0	recv	ret	taint	-
summary	org.apache.http	HttpMessage	1	headerIterator	1	recv	ret	taint	-
summary	org.apache.http	HttpRequest	1	getRequestLine	0	recv	ret	taint	-
summary	org.apache.http	NameValuePair	1	getName	0	recv	ret	taint	-
summary	org.apache.http	NameValuePair	1	getValue	0	recv	ret	taint	-
summary	org.apache.http	RequestLine	1	getMethod	0	recv	ret	taint	-
summary	org.apache.http	RequestLine	1	getUri	-	recv	ret	taint	-
summary	org.apache.http	RequestLine	1	getUri	0	recv	ret	taint	-
summary	org.apache.http	RequestLine	1	toString	-	recv	ret	taint	-
summary	org.apache.http.client.methods	RequestBuilder	1	build	0	recv	ret	taint	-
summary	org.apache.http.client.methods	RequestBuilder	1	delete	1	arg0	ret	taint	-
summary	org.apache.http.client.methods	RequestBuilder	1	get	1	arg0	ret	taint	-
summary	org.apache.http.client.methods	RequestBuilder	1	getUri	0	recv	ret	taint	-
summary	org.apache.http.client.methods	RequestBuilder	1	head	1	arg0	ret	taint	-
summary	org.apache.http.client.methods	RequestBuilder	1	options	1	arg0	ret	taint	-
summary	org.apache.http.client.methods	RequestBuilder	1	patch	1	arg0	ret	taint	-
summary	org.apache.http.client.methods	RequestBuilder	1	post	1	arg0	ret	taint	-
summary	org.apache.http.client.methods	RequestBuilder	1	put	1	arg0	ret	taint	-
summary	org.apache.http.client.methods	RequestBuilder	1	setUri	1	arg0	ret	taint	-
summary	org.apache.http.client.methods	RequestBuilder	1	setUri	1	arg0	recv	taint	-
summary	org.apache.http.client.methods	RequestBuilder	1	trace	1	arg0	ret	taint	-
summary	org.apache.http.client.utils	URIBuilder	1	URIBuilder	1	arg0	recv	taint	-
summary	org.apache.http.client.utils	URIBuilder	1	URIBuilder	2	arg0	recv	taint	-
summary	org.apache.http.client.utils	URIBuilder	1	setHost	1	arg0	ret	taint	-
summary	org.apache.http.client.utils	URIBuilder	1	setHost	1	arg0	recv	taint	-
summary	org.apache.http.client.utils	URIBuilder	1	setPath	1	arg0	recv	taint	a
summary	org.apache.http.client.utils	URIBuilder	1	setPathSegments	1	arg0	recv	taint	a
summary	org.apache.http.client.utils	URIBuilder	1	setPort	1	recv	ret	value	-
summary	org.apache.http.client.utils	URIUtils	1	createURI	6	arg1	ret	taint	-
summary	org.apache.http.client.utils	URIUtils	1	extractHost	1	arg0	ret	taint	-
summary	org.apache.http.client.utils	URIUtils	1	resolve	2	arg0	ret	taint	-
summary	org.apache.http.client.utils	URIUtils	1	resolve	3	arg0	ret	taint	-
summary	org.apache.http.client.utils	URIUtils	1	rewriteURI	1	arg0	ret	taint	-
summary	org.apache.http.client.utils	URIUtils	1	rewriteURI	2	arg0	ret	taint	-
summary	org.apache.http.client.utils	URIUtils	1	rewriteURI	3	arg0	ret	taint	-
summary	org.apache.http.client.utils	URIUtils	1	rewriteURIForRoute	2	arg0	ret	taint	-
summary	org.apache.http.client.utils	URIUtils	1	rewriteURIForRoute	3	arg0	ret	taint	-
summary	org.apache.http.client.utils	URLEncodedUtils	1	parse	2	arg0	ret	taint	a
summary	org.apache.http.entity	BasicHttpEntity	1	setContent	1	arg0	recv	taint	-
summary	org.apache.http.entity	BufferedHttpEntity	1	BufferedHttpEntity	1	arg0	recv	taint	-
summary	org.apache.http.entity	ByteArrayEntity	1	ByteArrayEntity	-	arg0	recv	taint	-
summary	org.apache.http.entity	HttpEntityWrapper	1	HttpEntityWrapper	1	arg0	recv	taint	-
summary	org.apache.http.entity	InputStreamEntity	1	InputStreamEntity	-	arg0	recv	taint	-
summary	org.apache.http.entity	StringEntity	1	StringEntity	-	arg0	recv	taint	-
summary	org.apache.http.message	BasicRequestLine	0	BasicRequestLine	-	arg1	recv	taint	-
summary	org.apache.http.params	HttpParams	1	getDoubleParameter	2	recv	ret	taint	-
summary	org.apache.http.params	HttpParams	1	getDoubleParameter	2	arg1	ret	value	-
summary	org.apache.http.params	HttpParams	1	getIntParameter	2	recv	ret	taint	-
summary	org.apache.http.params	HttpParams	1	getIntParameter	2	arg1	ret	value	-
summary	org.apache.http.params	HttpParams	1	getLongParameter	2	recv	ret	taint	-
summary	org.apache.http.params	HttpParams	1	getLongParameter	2	arg1	ret	value	-
summary	org.apache.http.params	HttpParams	1	getParameter	1	recv	ret	taint	-
summary	org.apache.http.util	Args	1	containsNoBlanks	2	arg0	ret	value	-
summary	org.apache.http.util	Args	1	notBlank	2	arg0	ret	value	-
summary	org.apache.http.util	Args	1	notEmpty	2	arg0	ret	value	-
summary	org.apache.http.util	Args	1	notNull	2	arg0	ret	value	-
summary	org.apache.http.util	ByteArrayBuffer	1	append	3	arg0	recv	taint	-
summary	org.apache.http.util	ByteArrayBuffer	1	buffer	0	recv	ret	taint	-
summary	org.apache.http.util	ByteArrayBuffer	1	toByteArray	0	recv	ret	taint	-
summary	org.apache.http.util	CharArrayBuffer	1	append	1	arg0	recv	taint	-
summary	org.apache.http.util	CharArrayBuffer	1	append	3	arg0	recv	taint	-
summary	org.apache.http.util	CharArrayBuffer	1	buffer	0	recv	ret	taint	-
summary	org.apache.http.util	CharArrayBuffer	1	subSequence	2	recv	ret	taint	-
summary	org.apache.http.util	CharArrayBuffer	1	substring	2	recv	ret	taint	-
summary	org.apache.http.util	CharArrayBuffer	1	substringTrimmed	2	recv	ret	taint	-
summary	org.apache.http.util	CharArrayBuffer	1	toCharArray	0	recv	ret	taint	-
summary	org.apache.http.util	CharArrayBuffer	1	toString	0	recv	ret	taint	-
summary	org.apache.http.util	EncodingUtils	1	getAsciiBytes	1	arg0	ret	taint	-
summary	org.apache.http.util	EncodingUtils	1	getAsciiString	-	arg0	ret	taint	-
summary	org.apache.http.util	EncodingUtils	1	getBytes	2	arg0	ret	taint	-
summary	org.apache.http.util	EncodingUtils	1	getString	-	arg0	ret	taint	-
summary	org.apache.http.util	EntityUtils	1	getContentCharSet	1	arg0	ret	taint	-
summary	org.apache.http.util	EntityUtils	1	getContentMimeType	1	arg0	ret	taint	-
summary	org.apache.http.util	EntityUtils	1	toByteArray	1	arg0	ret	taint	-
summary	org.apache.http.util	EntityUtils	1	toString	-	arg0	ret	taint	-
summary	org.apache.ibatis.jdbc	AbstractSQL	1	DELETE_FROM	1	arg0	recv	taint	-
summary	org.apache.ibatis.jdbc	AbstractSQL	1	FETCH_FIRST_ROWS_ONLY	1	arg0	recv	taint	-
summary	org.apache.ibatis.jdbc	AbstractSQL	1	FROM	1	arg0	recv	taint	-
summary	org.apache.ibatis.jdbc	AbstractSQL	1	FROM	1	arg0	recv	taint	a
summary	org.apache.ibatis.jdbc	AbstractSQL	1	GROUP_BY	1	arg0	recv	taint	-
summary	org.apache.ibatis.jdbc	AbstractSQL	1	GROUP_BY	1	arg0	recv	taint	a
summary	org.apache.ibatis.jdbc	AbstractSQL	1	HAVING	1	arg0	recv	taint	-
summary	org.apache.ibatis.jdbc	AbstractSQL	1	HAVING	1	arg0	recv	taint	a
summary	org.apache.ibatis.jdbc	AbstractSQL	1	INNER_JOIN	1	arg0	recv	taint	-
summary	org.apache.ibatis.jdbc	AbstractSQL	1	INNER_JOIN	1	arg0	recv	taint	a
summary	org.apache.ibatis.jdbc	AbstractSQL	1	INSERT_INTO	1	arg0	recv	taint	-
summary	org.apache.ibatis.jdbc	AbstractSQL	1	INTO_COLUMNS	1	arg0	recv	taint	a
summary	org.apache.ibatis.jdbc	AbstractSQL	1	INTO_VALUES	1	arg0	recv	taint	a
summary	org.apache.ibatis.jdbc	AbstractSQL	1	JOIN	1	arg0	recv	taint	a
summary	org.apache.ibatis.jdbc	AbstractSQL	1	LEFT_OUTER_JOIN	1	arg0	recv	taint	-
summary	org.apache.ibatis.jdbc	AbstractSQL	1	LEFT_OUTER_JOIN	1	arg0	recv	taint	a
summary	org.apache.ibatis.jdbc	AbstractSQL	1	LIMIT	1	arg0	recv	taint	-
summary	org.apache.ibatis.jdbc	AbstractSQL	1	OFFSET	1	arg0	recv	taint	-
summary	org.apache.ibatis.jdbc	AbstractSQL	1	OFFSET_ROWS	1	arg0	recv	taint	-
summary	org.apache.ibatis.jdbc	AbstractSQL	1	ORDER_BY	1	arg0	recv	taint	-
summary	org.apache.ibatis.jdbc	AbstractSQL	1	ORDER_BY	1	arg0	recv	taint	a
summary	org.apache.ibatis.jdbc	AbstractSQL	1	OUTER_JOIN	1	arg0	recv	taint	-
summary	org.apache.ibatis.jdbc	AbstractSQL	1	OUTER_JOIN	1	arg0	recv	taint	a
summary	org.apache.ibatis.jdbc	AbstractSQL	1	RIGHT_OUTER_JOIN	1	arg0	recv	taint	-
summary	org.apache.ibatis.jdbc	AbstractSQL	1	RIGHT_OUTER_JOIN	1	arg0	recv	taint	a
summary	org.apache.ibatis.jdbc	AbstractSQL	1	SELECT	1	arg0	recv	taint	-
summary	org.apache.ibatis.jdbc	AbstractSQL	1	SELECT_DISTINCT	1	arg0	recv	taint	-
summary	org.apache.ibatis.jdbc	AbstractSQL	1	SELECT_DISTINCT	1	arg0	recv	taint	a
summary	org.apache.ibatis.jdbc	AbstractSQL	1	SET	1	arg0	recv	taint	-
summary	org.apache.ibatis.jdbc	AbstractSQL	1	SET	1	arg0	recv	taint	a
summary	org.apache.ibatis.jdbc	AbstractSQL	1	UPDATE	1	arg0	recv	taint	-
summary	org.apache.ibatis.jdbc	AbstractSQL	1	VALUES	2	arg0	recv	taint	-
summary	org.apache.ibatis.jdbc	AbstractSQL	1	VALUES	2	arg1	recv	taint	-
summary	org.apache.ibatis.jdbc	AbstractSQL	1	WHERE	1	arg0	recv	taint	-
summary	org.apache.ibatis.jdbc	AbstractSQL	1	WHERE	1	arg0	recv	taint	a
summary	org.apache.ibatis.jdbc	AbstractSQL	1	toString	-	recv	ret	taint	-
summary	org.apache.ibatis.mapping	BoundSql	1	getSql	0	recv	ret	taint	-
summary	org.apache.logging.log4j	Logger	1	traceEntry	1	arg0	ret	taint	-
summary	org.apache.logging.log4j	Logger	1	traceEntry	2	arg0	ret	taint	-
summary	org.apache.logging.log4j	Logger	1	traceEntry	2	arg1	ret	taint	-
summary	org.apache.logging.log4j	Logger	1	traceExit	1	arg0	ret	value	-
summary	org.apache.logging.log4j	Logger	1	traceExit	2	arg1	ret	value	-
summary	org.apache.poi.ddf	EscherContainerRecord	0	getChildById	1	recv	ret	value	a
summary	org.apache.poi.ddf	EscherContainerRecord	0	getChildContainers	0	recv	ret	value	a
summary	org.apache.poi.ddf	EscherContainerRecord	0	getRecordsById	2	recv	ret	value	a
summary	org.apache.poi.hssf.record	ArrayRecord	0	ArrayRecord	2	arg1	recv	taint	-
summary	org.apache.poi.hssf.record	CFRule12Record	0	createColorGradientFormatting	0	recv	ret	taint	-
summary	org.apache.poi.hssf.record	CFRule12Record	0	createDataBarFormatting	0	recv	ret	taint	-
summary	org.apache.poi.hssf.record	CFRule12Record	0	createMultiStateFormatting	0	recv	ret	taint	-
summary	org.apache.poi.hssf.record.aggregates	WorksheetProtectionBlock	0	getHCenter	0	recv	ret	taint	-
summary	org.apache.poi.hssf.usermodel	HSSFCellStyle	0	getFont	1	arg0	ret	taint	-
summary	org.apache.poi.hssf.usermodel	HSSFEvaluationWorkbook	0	create	1	arg0	ret	taint	-
summary	org.apache.poi.hssf.usermodel	HSSFFormulaEvaluator	1	HSSFFormulaEvaluator	1	arg0	recv	taint	-
summary	org.apache.poi.hssf.usermodel	HSSFFormulaEvaluator	1	HSSFFormulaEvaluator	2	arg0	recv	taint	-
summary	org.apache.poi.hssf.usermodel	HSSFFormulaEvaluator	1	create	3	arg0	ret	taint	-
summary	org.apache.poi.hssf.usermodel	HSSFRangeCopier	1	HSSFRangeCopier	1	arg0	recv	taint	-
summary	org.apache.poi.hssf.usermodel	HSSFRangeCopier	1	HSSFRangeCopier	2	arg0	recv	taint	-
summary	org.apache.poi.hssf.usermodel	HSSFRangeCopier	1	HSSFRangeCopier	2	arg1	recv	taint	-
summary	org.apache.poi.hssf.usermodel.helpers	HSSFColumnShifter	0	HSSFColumnShifter	1	arg0	recv	taint	-
summary	org.apache.poi.hssf.usermodel.helpers	HSSFRowShifter	0	HSSFRowShifter	1	arg0	recv	taint	-
summary	org.apache.poi.poifs.crypt	ChunkedCipherOutputStream	1	ChunkedCipherOutputStream	2	arg0	recv	taint	-
summary	org.apache.poi.poifs.crypt	DataSpaceMapUtils	1	createEncryptionEntry	3	arg0	ret	taint	-
summary	org.apache.poi.poifs.filesystem	DocumentInputStream	0	DocumentInputStream	1	arg0	recv	taint	a
summary	org.apache.poi.poifs.filesystem	Ole10Native	1	Ole10Native	4	arg2	recv	value	a
summary	org.apache.poi.sl.draw	DrawAutoShape	1	DrawAutoShape	1	arg0	recv	taint	-
summary	org.apache.poi.sl.draw	DrawFactory	1	getDrawable	1	arg0	ret	taint	-
summary	org.apache.poi.sl.draw	DrawFreeformShape	1	DrawFreeformShape	1	arg0	recv	taint	-
summary	org.apache.poi.sl.draw	DrawGroupShape	1	DrawGroupShape	1	arg0	recv	taint	-
summary	org.apache.poi.sl.draw	DrawNothing	1	DrawNothing	1	arg0	recv	taint	-
summary	org.apache.poi.sl.draw	DrawSheet	1	DrawSheet	1	arg0	recv	taint	-
summary	org.apache.poi.sl.draw	DrawTextBox	1	DrawTextBox	1	arg0	recv	taint	-
summary	org.apache.poi.sl.draw	DrawTextParagraph	1	DrawTextParagraph	1	arg0	recv	taint	-
summary	org.apache.poi.sl.draw	DrawTextShape	1	DrawTextShape	1	arg0	recv	taint	-
summary	org.apache.poi.ss.formula	ConditionalFormattingEvaluator	1	ConditionalFormattingEvaluator	2	arg0	recv	taint	-
summary	org.apache.poi.ss.formula	DataValidationEvaluator	1	DataValidationEvaluator	2	arg0	recv	taint	-
summary	org.apache.poi.ss.usermodel	RangeCopier	1	RangeCopier	1	arg0	recv	taint	-
summary	org.apache.poi.ss.usermodel	RangeCopier	1	RangeCopier	2	arg0	recv	taint	-
summary	org.apache.poi.ss.usermodel	RangeCopier	1	RangeCopier	2	arg1	recv	taint	-
summary	org.apache.poi.ss.usermodel.helpers	ColumnShifter	1	ColumnShifter	1	arg0	recv	taint	-
summary	org.apache.poi.ss.util	SheetBuilder	1	SheetBuilder	2	arg0	recv	taint	-
summary	org.apache.poi.ss.util.cellwalk	CellWalk	1	CellWalk	2	arg0	recv	taint	-
summary	org.apache.poi.ss.util.cellwalk	CellWalk	1	CellWalk	2	arg1	recv	taint	-
summary	org.apache.shiro.codec	Base64	0	decode	1	arg0	ret	taint	-
summary	org.apache.tools.zip	ZipEntry	1	ZipEntry	1	arg0	recv	taint	-
summary	org.gradle.api.file	Directory	1	getAsFile	0	recv	ret	taint	-
summary	org.gradle.api.file	DirectoryProperty	1	dir	1	arg0	ret	taint	-
summary	org.gradle.api.file	DirectoryProperty	1	file	1	recv	ret	taint	-
summary	org.json	Builder	0	append	-	recv	ret	value	-
summary	org.json	Builder	0	append	-	arg0	recv	taint	-
summary	org.json	Builder	0	build	-	recv	ret	taint	-
summary	org.json	CDL	0	rowToJSONArray	-	arg0	ret	taint	-
summary	org.json	CDL	0	rowToJSONObject	-	arg0	ret	taint	-
summary	org.json	CDL	0	rowToJSONObject	-	arg1	ret	taint	-
summary	org.json	CDL	0	rowToString	-	arg0	ret	taint	-
summary	org.json	CDL	0	toJSONArray	-	arg0	ret	taint	-
summary	org.json	CDL	0	toJSONArray	-	arg1	ret	taint	-
summary	org.json	CDL	0	toString	-	arg0	ret	taint	-
summary	org.json	CDL	0	toString	-	arg1	ret	taint	-
summary	org.json	Cookie	0	escape	-	arg0	ret	taint	-
summary	org.json	Cookie	0	toJSONObject	-	arg0	ret	taint	-
summary	org.json	Cookie	0	toString	-	arg0	ret	taint	-
summary	org.json	Cookie	0	unescape	-	arg0	ret	taint	-
summary	org.json	CookieList	0	toJSONObject	-	arg0	ret	taint	-
summary	org.json	CookieList	0	toString	-	arg0	ret	taint	-
summary	org.json	HTTP	0	toJSONObject	-	arg0	ret	taint	-
summary	org.json	HTTP	0	toString	-	arg0	ret	taint	-
summary	org.json	HTTPTokener	0	HTTPTokener	-	arg0	recv	taint	-
summary	org.json	HTTPTokener	0	nextToken	-	recv	ret	taint	-
summary	org.json	JSONArray	0	JSONArray	1	arg0	recv	taint	-
summary	org.json	JSONArray	0	JSONArray	1	arg0	recv	taint	a
summary	org.json	JSONArray	0	get	-	recv	ret	taint	-
summary	org.json	JSONArray	0	getBigDecimal	-	recv	ret	taint	-
summary	org.json	JSONArray	0	getBigInteger	-	recv	ret	taint	-
summary	org.json	JSONArray	0	getBoolean	-	recv	ret	taint	-
summary	org.json	JSONArray	0	getDouble	-	recv	ret	taint	-
summary	org.json	JSONArray	0	getEnum	-	recv	ret	taint	-
summary	org.json	JSONArray	0	getFloat	-	recv	ret	taint	-
summary	org.json	JSONArray	0	getInt	-	recv	ret	taint	-
summary	org.json	JSONArray	0	getJSONArray	-	recv	ret	taint	-
summary	org.json	JSONArray	0	getJSONObject	-	recv	ret	taint	-
summary	org.json	JSONArray	0	getLong	-	recv	ret	taint	-
summary	org.json	JSONArray	0	getNumber	-	recv	ret	taint	-
summary	org.json	JSONArray	0	getString	-	recv	ret	taint	-
summary	org.json	JSONArray	0	iterator	-	recv	ret	taint	a
summary	org.json	JSONArray	0	join	-	recv	ret	taint	-
summary	org.json	JSONArray	0	join	-	arg0	ret	taint	-
summary	org.json	JSONArray	0	opt	-	recv	ret	taint	-
summary	org.json	JSONArray	0	optBigDecimal	-	recv	ret	taint	-
summary	org.json	JSONArray	0	optBigDecimal	-	arg1	ret	value	-
summary	org.json	JSONArray	0	optBigInteger	-	recv	ret	taint	-
summary	org.json	JSONArray	0	optBigInteger	-	arg1	ret	value	-
summary	org.json	JSONArray	0	optBoolean	-	recv	ret	taint	-
summary	org.json	JSONArray	0	optBoolean	-	arg1	ret	value	-
summary	org.json	JSONArray	0	optDouble	-	recv	ret	taint	-
summary	org.json	JSONArray	0	optDouble	-	arg1	ret	value	-
summary	org.json	JSONArray	0	optEnum	-	recv	ret	taint	-
summary	org.json	JSONArray	0	optEnum	-	arg2	ret	value	-
summary	org.json	JSONArray	0	optFloat	-	recv	ret	taint	-
summary	org.json	JSONArray	0	optFloat	-	arg1	ret	value	-
summary	org.json	JSONArray	0	optInt	-	recv	ret	taint	-
summary	org.json	JSONArray	0	optInt	-	arg1	ret	value	-
summary	org.json	JSONArray	0	optJSONArray	-	recv	ret	taint	-
summary	org.json	JSONArray	0	optJSONObject	-	recv	ret	taint	-
summary	org.json	JSONArray	0	optLong	-	recv	ret	taint	-
summary	org.json	JSONArray	0	optLong	-	arg1	ret	value	-
summary	org.json	JSONArray	0	optNumber	-	recv	ret	taint	-
summary	org.json	JSONArray	0	optNumber	-	arg1	ret	value	-
summary	org.json	JSONArray	0	optQuery	-	recv	ret	taint	-
summary	org.json	JSONArray	0	optString	-	recv	ret	taint	-
summary	org.json	JSONArray	0	optString	-	arg1	ret	value	-
summary	org.json	JSONArray	0	put	-	recv	ret	value	-
summary	org.json	JSONArray	0	put	1	arg0	recv	taint	-
summary	org.json	JSONArray	0	put	1	arg0	recv	taint	a
summary	org.json	JSONArray	0	put	2	arg1	recv	taint	-
summary	org.json	JSONArray	0	put	2	arg1	recv	taint	a
summary	org.json	JSONArray	0	putAll	-	recv	ret	value	-
summary	org.json	JSONArray	0	putAll	1	arg0	recv	taint	-
summary	org.json	JSONArray	0	putAll	1	arg0	recv	taint	a
summary	org.json	JSONArray	0	query	-	recv	ret	taint	-
summary	org.json	JSONArray	0	remove	-	recv	ret	taint	-
summary	org.json	JSONArray	0	toJSONObject	-	recv	ret	taint	-
summary	org.json	JSONArray	0	toJSONObject	-	arg0	ret	taint	-
summary	org.json	JSONArray	0	toList	-	arg0	ret	taint	a
summary	org.json	JSONArray	0	toString	-	arg0	ret	taint	-
summary	org.json	JSONArray	0	write	-	recv	arg0	taint	-
summary	org.json	JSONArray	0	write	-	arg0	ret	value	-
summary	org.json	JSONML	0	toJSONArray	-	arg0	ret	taint	-
summary	org.json	JSONML	0	toJSONObject	-	arg0	ret	taint	-
summary	org.json	JSONML	0	toString	-	arg0	ret	taint	-
summary	org.json	JSONObject	0	JSONObject	1	arg0	recv	taint	-
summary	org.json	JSONObject	0	JSONObject	1	arg0	recv	taint	a
summary	org.json	JSONObject	0	JSONObject	2	arg0	recv	taint	-
summary	org.json	JSONObject	0	JSONObject	2	arg1	recv	taint	a
summary	org.json	JSONObject	0	accumulate	-	recv	ret	value	-
summary	org.json	JSONObject	0	accumulate	-	arg0	recv	taint	-
summary	org.json	JSONObject	0	accumulate	-	arg1	recv	taint	-
summary	org.json	JSONObject	0	append	-	recv	ret	value	-
summary	org.json	JSONObject	0	append	-	arg0	recv	taint	-
summary	org.json	JSONObject	0	append	-	arg1	recv	taint	-
summary	org.json	JSONObject	0	doubleToString	-	arg0	ret	taint	-
summary	org.json	JSONObject	0	get	-	recv	ret	taint	-
summary	org.json	JSONObject	0	getBigDecimal	-	recv	ret	taint	-
summary	org.json	JSONObject	0	getBigInteger	-	recv	ret	taint	-
summary	org.json	JSONObject	0	getBoolean	-	recv	ret	taint	-
summary	org.json	JSONObject	0	getDouble	-	recv	ret	taint	-
summary	org.json	JSONObject	0	getEnum	-	recv	ret	taint	-
summary	org.json	JSONObject	0	getFloat	-	recv	ret	taint	-
summary	org.json	JSONObject	0	getInt	-	recv	ret	taint	-
summary	org.json	JSONObject	0	getJSONArray	-	recv	ret	taint	-
summary	org.json	JSONObject	0	getJSONObject	-	recv	ret	taint	-
summary	org.json	JSONObject	0	getLong	-	recv	ret	taint	-
summary	org.json	JSONObject	0	getNames	-	arg0	ret	taint	a
summary	org.json	JSONObject	0	getNumber	-	recv	ret	taint	-
summary	org.json	JSONObject	0	getString	-	recv	ret	taint	-
summary	org.json	JSONObject	0	increment	-	recv	ret	value	-
summary	org.json	JSONObject	0	increment	-	arg0	recv	taint	-
summary	org.json	JSONObject	0	keySet	-	recv	ret	taint	a
summary	org.json	JSONObject	0	keys	-	recv	ret	taint	a
summary	org.json	JSONObject	0	names	-	recv	ret	taint	-
summary	org.json	JSONObject	0	numberToString	-	arg0	ret	taint	-
summary	org.json	JSONObject	0	opt	-	recv	ret	taint	-
summary	org.json	JSONObject	0	optBigDecimal	-	recv	ret	taint	-
summary	org.json	JSONObject	0	optBigDecimal	-	arg1	ret	value	-
summary	org.json	JSONObject	0	optBigInteger	-	recv	ret	taint	-
summary	org.json	JSONObject	0	optBigInteger	-	arg1	ret	value	-
summary	org.json	JSONObject	0	optBoolean	-	recv	ret	taint	-
summary	org.json	JSONObject	0	optBoolean	-	arg1	ret	value	-
summary	org.json	JSONObject	0	optDouble	-	recv	ret	taint	-
summary	org.json	JSONObject	0	optDouble	-	arg1	ret	value	-
summary	org.json	JSONObject	0	optEnum	-	recv	ret	taint	-
summary	org.json	JSONObject	0	optEnum	-	arg2	ret	value	-
summary	org.json	JSONObject	0	optFloat	-	recv	ret	taint	-
summary	org.json	JSONObject	0	optFloat	-	arg1	ret	value	-
summary	org.json	JSONObject	0	optInt	-	recv	ret	taint	-
summary	org.json	JSONObject	0	optInt	-	arg1	ret	value	-
summary	org.json	JSONObject	0	optJSONArray	-	recv	ret	taint	-
summary	org.json	JSONObject	0	optJSONObject	-	recv	ret	taint	-
summary	org.json	JSONObject	0	optLong	-	recv	ret	taint	-
summary	org.json	JSONObject	0	optLong	-	arg1	ret	value	-
summary	org.json	JSONObject	0	optNumber	-	recv	ret	taint	-
summary	org.json	JSONObject	0	optNumber	-	arg1	ret	value	-
summary	org.json	JSONObject	0	optQuery	-	recv	ret	taint	-
summary	org.json	JSONObject	0	optString	-	recv	ret	taint	-
summary	org.json	JSONObject	0	optString	-	arg1	ret	value	-
summary	org.json	JSONObject	0	put	-	recv	ret	value	-
summary	org.json	JSONObject	0	put	2	arg0	recv	taint	-
summary	org.json	JSONObject	0	put	2	arg1	recv	taint	-
summary	org.json	JSONObject	0	put	2	arg1	recv	taint	a
summary	org.json	JSONObject	0	putOnce	-	recv	ret	value	-
summary	org.json	JSONObject	0	putOnce	-	arg0	recv	taint	-
summary	org.json	JSONObject	0	putOnce	-	arg1	recv	taint	-
summary	org.json	JSONObject	0	putOpt	-	recv	ret	value	-
summary	org.json	JSONObject	0	putOpt	-	arg0	recv	taint	-
summary	org.json	JSONObject	0	putOpt	-	arg1	recv	taint	-
summary	org.json	JSONObject	0	query	-	recv	ret	taint	-
summary	org.json	JSONObject	0	quote	1	arg0	ret	taint	-
summary	org.json	JSONObject	0	quote	2	arg0	arg1	taint	-
summary	org.json	JSONObject	0	quote	2	arg1	ret	value	-
summary	org.json	JSONObject	0	remove	-	recv	ret	taint	-
summary	org.json	JSONObject	0	stringToValue	-	arg0	ret	taint	-
summary	org.json	JSONObject	0	toJSONArray	-	recv	ret	taint	-
summary	org.json	JSONObject	0	toMap	-	recv	ret	taint	a
summary	org.json	JSONObject	0	toString	-	recv	ret	taint	-
summary	org.json	JSONObject	0	valueToString	-	arg0	ret	taint	-
summary	org.json	JSONObject	0	wrap	-	arg0	ret	taint	-
summary	org.json	JSONObject	0	write	-	recv	arg0	taint	-
summary	org.json	JSONObject	0	write	-	arg0	ret	value	-
summary	org.json	JSONObject	1	entrySet	-	recv	ret	taint	a
summary	org.json	JSONPointer	0	JSONPointer	1	arg0	recv	taint	-
summary	org.json	JSONPointer	0	JSONPointer	1	arg0	recv	taint	a
summary	org.json	JSONPointer	0	queryFrom	-	arg0	ret	taint	-
summary	org.json	JSONPointer	0	toString	-	recv	ret	taint	-
summary	org.json	JSONPointer	0	toURIFragment	-	recv	ret	taint	-
summary	org.json	JSONString	1	toJSONString	-	recv	ret	taint	-
summary	org.json	JSONStringer	0	toString	-	recv	ret	taint	-
summary	org.json	JSONTokener	1	JSONTokener	-	arg0	recv	taint	-
summary	org.json	JSONTokener	1	next	-	recv	ret	taint	-
summary	org.json	JSONTokener	1	nextClean	-	recv	ret	taint	-
summary	org.json	JSONTokener	1	nextString	-	recv	ret	taint	-
summary	org.json	JSONTokener	1	nextTo	-	recv	ret	taint	-
summary	org.json	JSONTokener	1	nextValue	-	recv	ret	taint	-
summary	org.json	JSONTokener	1	syntaxError	-	arg0	ret	taint	-
summary	org.json	JSONTokener	1	syntaxError	-	arg1	ret	taint	-
summary	org.json	JSONTokener	1	toString	-	recv	ret	taint	-
summary	org.json	JSONWriter	1	JSONWriter	-	recv	arg0	taint	-
summary	org.json	JSONWriter	1	array	-	recv	ret	value	-
summary	org.json	JSONWriter	1	endArray	-	recv	ret	value	-
summary	org.json	JSONWriter	1	endObject	-	recv	ret	value	-
summary	org.json	JSONWriter	1	key	-	recv	ret	value	-
summary	org.json	JSONWriter	1	key	-	arg0	recv	taint	-
summary	org.json	JSONWriter	1	object	-	recv	ret	value	-
summary	org.json	JSONWriter	1	value	-	recv	ret	value	-
summary	org.json	JSONWriter	1	value	-	arg0	recv	taint	-
summary	org.json	JSONWriter	1	valueToString	-	arg0	ret	taint	-
summary	org.json	Property	0	toJSONObject	-	arg0	ret	taint	a
summary	org.json	Property	0	toProperties	-	arg0	ret	taint	a
summary	org.json	XML	0	escape	-	arg0	ret	taint	-
summary	org.json	XML	0	stringToValue	-	arg0	ret	taint	-
summary	org.json	XML	0	toJSONObject	-	arg0	ret	taint	-
summary	org.json	XML	0	toString	-	arg0	ret	taint	-
summary	org.json	XML	0	toString	-	arg1	ret	taint	-
summary	org.json	XML	0	unescape	-	arg0	ret	taint	-
summary	org.json	XMLTokener	0	XMLTokener	-	arg0	recv	taint	-
summary	org.json	XMLTokener	0	nextCDATA	-	recv	ret	taint	-
summary	org.json	XMLTokener	0	nextContent	-	recv	ret	taint	-
summary	org.json	XMLTokener	0	nextEntity	-	recv	ret	taint	-
summary	org.json	XMLTokener	0	nextMeta	-	recv	ret	taint	-
summary	org.json	XMLTokener	0	nextToken	-	recv	ret	taint	-
summary	org.json	XMLXsiTypeConverter	1	convert	-	arg0	ret	taint	-
summary	org.kohsuke.stapler.framework.adjunct	AdjunctManager	1	AdjunctManager	4	arg2	recv	taint	a
summary	org.lastaflute.web.ruts.multipart	MultipartFormFile	1	getContentType	0	recv	ret	taint	-
summary	org.lastaflute.web.ruts.multipart	MultipartFormFile	1	getFileData	0	recv	ret	taint	-
summary	org.lastaflute.web.ruts.multipart	MultipartFormFile	1	getFileName	0	recv	ret	taint	-
summary	org.lastaflute.web.ruts.multipart	MultipartFormFile	1	getInputStream	0	recv	ret	taint	-
summary	org.owasp.esapi	Encoder	1	encodeForHTML	1	arg0	ret	taint	-
summary	org.slf4j.spi	LoggingEventBuilder	1	addArgument	-	recv	ret	value	-
summary	org.slf4j.spi	LoggingEventBuilder	1	addArgument	-	arg1	recv	taint	-
summary	org.slf4j.spi	LoggingEventBuilder	1	addKeyValue	-	recv	ret	value	-
summary	org.slf4j.spi	LoggingEventBuilder	1	addKeyValue	-	arg1	recv	taint	-
summary	org.slf4j.spi	LoggingEventBuilder	1	addMarker	-	recv	ret	value	-
summary	org.slf4j.spi	LoggingEventBuilder	1	setCause	-	recv	ret	value	-
summary	org.springframework.beans	MutablePropertyValues	1	MutablePropertyValues	1	arg0	recv	value	a
summary	org.springframework.beans	MutablePropertyValues	1	add	2	recv	ret	value	-
summary	org.springframework.beans	MutablePropertyValues	1	add	2	arg0	recv	value	a
summary	org.springframework.beans	MutablePropertyValues	1	add	2	arg1	recv	value	a
summary	org.springframework.beans	MutablePropertyValues	1	addPropertyValue	1	recv	ret	value	-
summary	org.springframework.beans	MutablePropertyValues	1	addPropertyValue	1	arg0	recv	value	a
summary	org.springframework.beans	MutablePropertyValues	1	addPropertyValue	2	arg0	recv	value	a
summary	org.springframework.beans	MutablePropertyValues	1	addPropertyValue	2	arg1	recv	value	a
summary	org.springframework.beans	MutablePropertyValues	1	addPropertyValues	1	recv	ret	value	-
summary	org.springframework.beans	MutablePropertyValues	1	addPropertyValues	1	arg0	recv	value	a
summary	org.springframework.beans	MutablePropertyValues	1	get	-	recv	ret	value	a
summary	org.springframework.beans	MutablePropertyValues	1	getPropertyValue	-	recv	ret	value	a
summary	org.springframework.beans	MutablePropertyValues	1	getPropertyValueList	-	recv	ret	value	a
summary	org.springframework.beans	MutablePropertyValues	1	getPropertyValues	-	recv	ret	value	a
summary	org.springframework.beans	MutablePropertyValues	1	setPropertyValueAt	-	arg0	recv	value	a
summary	org.springframework.beans	PropertyValue	0	PropertyValue	1	arg0	recv	value	-
summary	org.springframework.beans	PropertyValue	0	PropertyValue	2	arg0	recv	value	a
summary	org.springframework.beans	PropertyValue	0	PropertyValue	2	arg1	recv	value	a
summary	org.springframework.beans	PropertyValue	0	getName	-	recv	ret	value	a
summary	org.springframework.beans	PropertyValue	0	getValue	-	recv	ret	value	a
summary	org.springframework.beans	PropertyValues	1	getPropertyValue	-	recv	ret	value	a
summary	org.springframework.beans	PropertyValues	1	getPropertyValues	-	recv	ret	value	a
summary	org.springframework.cache	Cache	1	get	1	recv	ret	value	a
summary	org.springframework.cache	Cache	1	get	2	recv	ret	value	a
summary	org.springframework.cache	Cache	1	getNativeCache	-	recv	ret	value	a
summary	org.springframework.cache	Cache	1	put	-	arg0	recv	value	a
summary	org.springframework.cache	Cache	1	put	-	arg1	recv	value	a
summary	org.springframework.cache	Cache	1	putIfAbsent	-	recv	ret	value	a
summary	org.springframework.cache	Cache	1	putIfAbsent	-	arg0	recv	value	a
summary	org.springframework.cache	Cache	1	putIfAbsent	-	arg1	recv	value	a
summary	org.springframework.cache	ValueRetrievalException	0	ValueRetrievalException	-	arg0	recv	value	a
summary	org.springframework.cache	ValueRetrievalException	0	getKey	-	recv	ret	value	a
summary	org.springframework.cache	ValueWrapper	1	get	-	recv	ret	value	a
summary	org.springframework.context	MessageSource	1	getMessage	3	arg1	ret	taint	a
summary	org.springframework.context	MessageSource	1	getMessage	4	arg1	ret	taint	a
summary	org.springframework.context	MessageSource	1	getMessage	4	arg2	ret	taint	-
summary	org.springframework.core.io	ClassPathResource	0	ClassPathResource	-	arg0	recv	taint	-
summary	org.springframework.core.io	ClassPathResource	1	getFilename	-	recv	ret	taint	-
summary	org.springframework.core.io	ClassPathResource	1	getPath	-	recv	ret	taint	-
summary	org.springframework.core.io	ClassPathResource	1	getURL	-	recv	ret	taint	-
summary	org.springframework.core.io	ClassPathResource	1	resolveURL	-	recv	ret	taint	-
summary	org.springframework.core.io	InputStreamSource	1	getInputStream	-	recv	ret	taint	-
summary	org.springframework.data.repository	CrudRepository	1	save	-	arg0	ret	value	-
summary	org.springframework.http	BodyBuilder	1	body	1	recv	ret	taint	-
summary	org.springframework.http	BodyBuilder	1	body	1	arg0	ret	taint	-
summary	org.springframework.http	BodyBuilder	1	contentLength	1	recv	ret	value	-
summary	org.springframework.http	BodyBuilder	1	contentType	1	recv	ret	value	-
summary	org.springframework.http	HeadersBuilder	1	allow	1	recv	ret	value	-
summary	org.springframework.http	HeadersBuilder	1	build	0	recv	ret	taint	-
summary	org.springframework.http	HeadersBuilder	1	eTag	1	recv	ret	value	-
summary	org.springframework.http	HeadersBuilder	1	eTag	1	arg0	recv	taint	-
summary	org.springframework.http	HeadersBuilder	1	header	2	recv	ret	value	-
summary	org.springframework.http	HeadersBuilder	1	header	2	arg0	recv	taint	-
summary	org.springframework.http	HeadersBuilder	1	header	2	arg1	recv	taint	a
summary	org.springframework.http	HeadersBuilder	1	headers	1	recv	ret	value	-
summary	org.springframework.http	HeadersBuilder	1	headers	1	arg0	recv	taint	-
summary	org.springframework.http	HeadersBuilder	1	lastModified	-	recv	ret	value	-
summary	org.springframework.http	HeadersBuilder	1	location	1	recv	ret	value	-
summary	org.springframework.http	HeadersBuilder	1	location	1	arg0	recv	taint	-
summary	org.springframework.http	HeadersBuilder	1	varyBy	1	recv	ret	value	-
summary	org.springframework.http	HttpEntity	1	HttpEntity	1	arg0	recv	taint	-
summary	org.springframework.http	HttpEntity	1	HttpEntity	1	arg0	recv	taint	a
summary	org.springframework.http	HttpEntity	1	HttpEntity	2	arg0	recv	taint	-
summary	org.springframework.http	HttpEntity	1	HttpEntity	2	arg1	recv	taint	a
summary	org.springframework.http	HttpEntity	1	getBody	-	recv	ret	taint	-
summary	org.springframework.http	HttpEntity	1	getHeaders	-	recv	ret	taint	-
summary	org.springframework.http	HttpHeaders	1	HttpHeaders	1	arg0	recv	taint	a
summary	org.springframework.http	HttpHeaders	1	add	2	arg0	recv	taint	-
summary	org.springframework.http	HttpHeaders	1	add	2	arg1	recv	taint	-
summary	org.springframework.http	HttpHeaders	1	addAll	1	arg0	recv	taint	a
summary	org.springframework.http	HttpHeaders	1	addAll	2	arg0	recv	taint	-
summary	org.springframework.http	HttpHeaders	1	addAll	2	arg1	recv	taint	a
summary	org.springframework.http	HttpHeaders	1	encodeBasicAuth	3	arg0	ret	taint	-
summary	org.springframework.http	HttpHeaders	1	encodeBasicAuth	3	arg1	ret	taint	-
summary	org.springframework.http	HttpHeaders	1	formatHeaders	1	arg0	ret	taint	a
summary	org.springframework.http	HttpHeaders	1	get	1	recv	ret	taint	a
summary	org.springframework.http	HttpHeaders	1	getAccessControlAllowHeaders	0	recv	ret	taint	a
summary	org.springframework.http	HttpHeaders	1	getAccessControlAllowOrigin	0	recv	ret	taint	-
summary	org.springframework.http	HttpHeaders	1	getAccessControlExposeHeaders	0	recv	ret	taint	a
summary	org.springframework.http	HttpHeaders	1	getAccessControlRequestHeaders	0	recv	ret	taint	a
summary	org.springframework.http	HttpHeaders	1	getCacheControl	0	recv	ret	taint	-
summary	org.springframework.http	HttpHeaders	1	getConnection	0	recv	ret	taint	a
summary	org.springframework.http	HttpHeaders	1	getETag	0	recv	ret	taint	-
summary	org.springframework.http	HttpHeaders	1	getETagValuesAsList	1	recv	ret	taint	a
summary	org.springframework.http	HttpHeaders	1	getFieldValues	1	recv	ret	taint	-
summary	org.springframework.http	HttpHeaders	1	getFirst	1	recv	ret	taint	-
summary	org.springframework.http	HttpHeaders	1	getHost	0	recv	ret	taint	-
summary	org.springframework.http	HttpHeaders	1	getIfMatch	0	recv	ret	taint	a
summary	org.springframework.http	HttpHeaders	1	getIfNoneMatch	0	recv	ret	taint	a
summary	org.springframework.http	HttpHeaders	1	getLocation	0	recv	ret	taint	-
summary	org.springframework.http	HttpHeaders	1	getOrEmpty	1	recv	ret	taint	a
summary	org.springframework.http	HttpHeaders	1	getOrigin	0	recv	ret	taint	-
summary	org.springframework.http	HttpHeaders	1	getPragma	0	recv	ret	taint	-
summary	org.springframework.http	HttpHeaders	1	getUpgrade	0	recv	ret	taint	-
summary	org.springframework.http	HttpHeaders	1	getValuesAsList	1	recv	ret	taint	a
summary	org.springframework.http	HttpHeaders	1	getVary	0	recv	ret	taint	a
summary	org.springframework.http	HttpHeaders	1	set	2	arg0	recv	taint	-
summary	org.springframework.http	HttpHeaders	1	set	2	arg1	recv	taint	-
summary	org.springframework.http	RequestEntity	1	getUrl	0	recv	ret	taint	-
summary	org.springframework.http	ResponseEntity	1	ResponseEntity	2	arg0	recv	taint	-
summary	org.springframework.http	ResponseEntity	1	ResponseEntity	2	arg0	recv	taint	a
summary	org.springframework.http	ResponseEntity	1	ResponseEntity	3	arg0	recv	taint	-
summary	org.springframework.http	ResponseEntity	1	ResponseEntity	3	arg1	recv	taint	a
summary	org.springframework.http	ResponseEntity	1	created	1	arg0	ret	taint	-
summary	org.springframework.http	ResponseEntity	1	of	1	arg0	ret	taint	a
summary	org.springframework.http	ResponseEntity	1	ok	1	arg0	ret	taint	-
summary	org.springframework.r2dbc.core	GenericExecuteSpec	1	bind	2	recv	ret	taint	-
summary	org.springframework.r2dbc.core	GenericExecuteSpec	1	bindNull	2	recv	ret	taint	-
summary	org.springframework.r2dbc.core	GenericExecuteSpec	1	bindProperties	1	recv	ret	taint	-
summary	org.springframework.r2dbc.core	GenericExecuteSpec	1	bindValues	1	recv	ret	taint	-
summary	org.springframework.r2dbc.core	GenericExecuteSpec	1	filter	1	recv	ret	taint	-
summary	org.springframework.ui	ConcurrentModel	0	ConcurrentModel	1	arg0	recv	value	a
summary	org.springframework.ui	ConcurrentModel	0	ConcurrentModel	2	arg0	recv	value	a
summary	org.springframework.ui	ConcurrentModel	0	ConcurrentModel	2	arg1	recv	value	a
summary	org.springframework.ui	Model	1	addAllAttributes	-	recv	ret	value	-
summary	org.springframework.ui	Model	1	addAllAttributes	1	arg0	recv	value	a
summary	org.springframework.ui	Model	1	addAttribute	-	recv	ret	value	-
summary	org.springframework.ui	Model	1	addAttribute	1	arg0	recv	value	a
summary	org.springframework.ui	Model	1	addAttribute	2	arg0	recv	value	a
summary	org.springframework.ui	Model	1	addAttribute	2	arg1	recv	value	a
summary	org.springframework.ui	Model	1	asMap	-	recv	ret	value	a
summary	org.springframework.ui	Model	1	getAttribute	-	recv	ret	value	a
summary	org.springframework.ui	Model	1	mergeAttributes	-	recv	ret	value	-
summary	org.springframework.ui	Model	1	mergeAttributes	-	arg0	recv	value	a
summary	org.springframework.ui	ModelMap	0	ModelMap	1	arg0	recv	value	a
summary	org.springframework.ui	ModelMap	0	ModelMap	2	arg0	recv	value	a
summary	org.springframework.ui	ModelMap	0	ModelMap	2	arg1	recv	value	a
summary	org.springframework.ui	ModelMap	0	addAllAttributes	-	recv	ret	value	-
summary	org.springframework.ui	ModelMap	0	addAllAttributes	1	arg0	recv	value	a
summary	org.springframework.ui	ModelMap	0	addAttribute	-	recv	ret	value	-
summary	org.springframework.ui	ModelMap	0	addAttribute	1	arg0	recv	value	a
summary	org.springframework.ui	ModelMap	0	addAttribute	2	arg0	recv	value	a
summary	org.springframework.ui	ModelMap	0	addAttribute	2	arg1	recv	value	a
summary	org.springframework.ui	ModelMap	0	getAttribute	-	recv	ret	value	a
summary	org.springframework.ui	ModelMap	0	mergeAttributes	-	recv	ret	value	-
summary	org.springframework.ui	ModelMap	0	mergeAttributes	-	arg0	recv	value	a
summary	org.springframework.util	AntPathMatcher	0	combine	-	arg0	ret	taint	-
summary	org.springframework.util	AntPathMatcher	0	combine	-	arg1	ret	taint	-
summary	org.springframework.util	AntPathMatcher	0	doMatch	-	arg1	arg3	taint	a
summary	org.springframework.util	AntPathMatcher	0	extractPathWithinPattern	-	arg1	ret	taint	-
summary	org.springframework.util	AntPathMatcher	0	extractUriTemplateVariables	-	arg1	ret	taint	a
summary	org.springframework.util	AntPathMatcher	0	tokenizePath	-	arg0	ret	taint	a
summary	org.springframework.util	AntPathMatcher	0	tokenizePattern	-	arg0	ret	taint	a
summary	org.springframework.util	AutoPopulatingList	0	AutoPopulatingList	2	arg0	recv	value	a
summary	org.springframework.util	Base64Utils	0	decode	-	arg0	ret	taint	-
summary	org.springframework.util	Base64Utils	0	decodeFromString	-	arg0	ret	taint	-
summary	org.springframework.util	Base64Utils	0	decodeFromUrlSafeString	-	arg0	ret	taint	-
summary	org.springframework.util	Base64Utils	0	decodeUrlSafe	-	arg0	ret	taint	-
summary	org.springframework.util	Base64Utils	0	encode	-	arg0	ret	taint	-
summary	org.springframework.util	Base64Utils	0	encodeToString	-	arg0	ret	taint	-
summary	org.springframework.util	Base64Utils	0	encodeToUrlSafeString	-	arg0	ret	taint	-
summary	org.springframework.util	Base64Utils	0	encodeUrlSafe	-	arg0	ret	taint	-
summary	org.springframework.util	CollectionUtils	0	arrayToList	-	arg0	ret	value	a
summary	org.springframework.util	CollectionUtils	0	findFirstMatch	-	arg0	ret	value	a
summary	org.springframework.util	CollectionUtils	0	findValueOfType	-	arg0	ret	value	a
summary	org.springframework.util	CollectionUtils	0	firstElement	-	arg0	ret	value	a
summary	org.springframework.util	CollectionUtils	0	lastElement	-	arg0	ret	value	a
summary	org.springframework.util	CollectionUtils	0	mergeArrayIntoCollection	-	arg0	arg1	value	a
summary	org.springframework.util	CollectionUtils	0	mergePropertiesIntoMap	-	arg0	arg1	value	a
summary	org.springframework.util	CollectionUtils	0	toArray	-	arg0	ret	value	a
summary	org.springframework.util	CollectionUtils	0	toIterator	-	arg0	ret	value	a
summary	org.springframework.util	CollectionUtils	0	toMultiValueMap	-	arg0	ret	value	a
summary	org.springframework.util	CollectionUtils	0	unmodifiableMultiValueMap	-	arg0	ret	value	a
summary	org.springframework.util	CompositeIterator	0	add	-	arg0	recv	value	a
summary	org.springframework.util	ConcurrentReferenceHashMap	0	getReference	-	recv	ret	value	a
summary	org.springframework.util	ConcurrentReferenceHashMap	0	getSegment	-	recv	ret	value	a
summary	org.springframework.util	FastByteArrayOutputStream	0	getInputStream	-	recv	ret	taint	-
summary	org.springframework.util	FastByteArrayOutputStream	0	toByteArray	-	recv	ret	taint	-
summary	org.springframework.util	FastByteArrayOutputStream	0	write	-	arg0	recv	taint	-
summary	org.springframework.util	FastByteArrayOutputStream	0	writeTo	-	recv	arg0	taint	-
summary	org.springframework.util	FileCopyUtils	0	copy	2	arg0	arg1	taint	-
summary	org.springframework.util	FileCopyUtils	0	copyToByteArray	-	arg0	ret	taint	-
summary	org.springframework.util	FileCopyUtils	0	copyToString	-	arg0	ret	taint	-
summary	org.springframework.util	FileSystemUtils	0	copyRecursively	2	arg0	arg1	taint	-
summary	org.springframework.util	LinkedMultiValueMap	0	LinkedMultiValueMap	1	arg0	recv	value	a
summary	org.springframework.util	LinkedMultiValueMap	0	deepCopy	-	recv	ret	value	a
summary	org.springframework.util	MultiValueMap	1	add	-	arg0	recv	value	a
summary	org.springframework.util	MultiValueMap	1	add	-	arg1	recv	value	a
summary	org.springframework.util	MultiValueMap	1	addAll	1	arg0	recv	value	a
summary	org.springframework.util	MultiValueMap	1	addAll	2	arg0	recv	value	a
summary	org.springframework.util	MultiValueMap	1	addAll	2	arg1	recv	value	a
summary	org.springframework.util	MultiValueMap	1	addIfAbsent	-	arg0	recv	value	a
summary	org.springframework.util	MultiValueMap	1	addIfAbsent	-	arg1	recv	value	a
summary	org.springframework.util	MultiValueMap	1	getFirst	-	recv	ret	value	a
summary	org.springframework.util	MultiValueMap	1	set	-	arg0	recv	value	a
summary	org.springframework.util	MultiValueMap	1	set	-	arg1	recv	value	a
summary	org.springframework.util	MultiValueMap	1	setAll	-	arg0	recv	value	a
summary	org.springframework.util	MultiValueMap	1	toSingleValueMap	-	recv	ret	value	a
summary	org.springframework.util	MultiValueMapAdapter	0	MultiValueMapAdapter	-	arg0	recv	value	a
summary	org.springframework.util	ObjectUtils	0	addObjectToArray	-	arg0	ret	value	a
summary	org.springframework.util	ObjectUtils	0	addObjectToArray	-	arg1	ret	value	a
summary	org.springframework.util	ObjectUtils	0	toObjectArray	-	arg0	ret	value	a
summary	org.springframework.util	ObjectUtils	0	unwrapOptional	-	arg0	ret	value	a
summary	org.springframework.util	PropertiesPersister	1	load	-	arg1	arg0	taint	-
summary	org.springframework.util	PropertiesPersister	1	loadFromXml	-	arg1	arg0	taint	-
summary	org.springframework.util	PropertiesPersister	1	store	-	arg0	arg1	taint	-
summary	org.springframework.util	PropertiesPersister	1	store	-	arg2	arg1	taint	-
summary	org.springframework.util	PropertiesPersister	1	storeToXml	-	arg0	arg1	taint	-
summary	org.springframework.util	PropertiesPersister	1	storeToXml	-	arg2	arg1	taint	-
summary	org.springframework.util	PropertyPlaceholderHelper	0	PropertyPlaceholderHelper	-	arg0	recv	taint	-
summary	org.springframework.util	PropertyPlaceholderHelper	0	PropertyPlaceholderHelper	-	arg1	recv	taint	-
summary	org.springframework.util	PropertyPlaceholderHelper	0	parseStringValue	-	arg0	ret	taint	-
summary	org.springframework.util	PropertyPlaceholderHelper	0	replacePlaceholders	-	arg0	ret	taint	-
summary	org.springframework.util	PropertyPlaceholderHelper	0	replacePlaceholders	2	arg1	ret	taint	a
summary	org.springframework.util	ResourceUtils	0	extractArchiveURL	-	arg0	ret	taint	-
summary	org.springframework.util	ResourceUtils	0	extractJarFileURL	-	arg0	ret	taint	-
summary	org.springframework.util	ResourceUtils	0	getFile	-	arg0	ret	taint	-
summary	org.springframework.util	ResourceUtils	0	getURL	-	arg0	ret	taint	-
summary	org.springframework.util	ResourceUtils	0	toURI	-	arg0	ret	taint	-
summary	org.springframework.util	RouteMatcher	1	combine	-	arg0	ret	taint	-
summary	org.springframework.util	RouteMatcher	1	combine	-	arg1	ret	taint	-
summary	org.springframework.util	RouteMatcher	1	matchAndExtract	-	arg0	ret	taint	a
summary	org.springframework.util	RouteMatcher	1	matchAndExtract	-	arg1	ret	taint	a
summary	org.springframework.util	RouteMatcher	1	parseRoute	-	arg0	ret	taint	-
summary	org.springframework.util	SerializationUtils	0	deserialize	-	arg0	ret	taint	-
summary	org.springframework.util	SerializationUtils	0	serialize	-	arg0	ret	taint	-
summary	org.springframework.util	StreamUtils	0	copy	2	arg0	arg1	taint	-
summary	org.springframework.util	StreamUtils	0	copy	3	arg0	arg2	taint	-
summary	org.springframework.util	StreamUtils	0	copyRange	-	arg0	arg1	taint	-
summary	org.springframework.util	StreamUtils	0	copyToByteArray	-	arg0	ret	taint	-
summary	org.springframework.util	StreamUtils	0	copyToString	-	arg0	ret	taint	-
summary	org.springframework.util	StringUtils	0	addStringToArray	-	arg0	ret	value	a
summary	org.springframework.util	StringUtils	0	addStringToArray	-	arg1	ret	value	a
summary	org.springframework.util	StringUtils	0	applyRelativePath	-	arg0	ret	taint	-
summary	org.springframework.util	StringUtils	0	applyRelativePath	-	arg1	ret	taint	-
summary	org.springframework.util	StringUtils	0	arrayToCommaDelimitedString	-	arg0	ret	taint	a
summary	org.springframework.util	StringUtils	0	arrayToDelimitedString	-	arg0	ret	taint	a
summary	org.springframework.util	StringUtils	0	arrayToDelimitedString	-	arg1	ret	taint	-
summary	org.springframework.util	StringUtils	0	capitalize	-	arg0	ret	taint	-
summary	org.springframework.util	StringUtils	0	cleanPath	-	arg0	ret	taint	-
summary	org.springframework.util	StringUtils	0	collectionToCommaDelimitedString	-	arg0	ret	taint	a
summary	org.springframework.util	StringUtils	0	collectionToDelimitedString	-	arg0	ret	taint	a
summary	org.springframework.util	StringUtils	0	collectionToDelimitedString	-	arg1	ret	taint	-
summary	org.springframework.util	StringUtils	0	collectionToDelimitedString	-	arg2	ret	taint	-
summary	org.springframework.util	StringUtils	0	collectionToDelimitedString	-	arg3	ret	taint	-
summary	org.springframework.util	StringUtils	0	commaDelimitedListToSet	-	arg0	ret	taint	a
summary	org.springframework.util	StringUtils	0	commaDelimitedListToStringArray	-	arg0	ret	taint	a
summary	org.springframework.util	StringUtils	0	concatenateStringArrays	-	arg0	ret	taint	a
summary	org.springframework.util	StringUtils	0	concatenateStringArrays	-	arg1	ret	taint	a
summary	org.springframework.util	StringUtils	0	delete	-	arg0	ret	taint	-
summary	org.springframework.util	StringUtils	0	deleteAny	-	arg0	ret	taint	-
summary	org.springframework.util	StringUtils	0	delimitedListToStringArray	-	arg0	ret	taint	a
summary	org.springframework.util	StringUtils	0	getFilename	-	arg0	ret	taint	-
summary	org.springframework.util	StringUtils	0	getFilenameExtension	-	arg0	ret	taint	-
summary	org.springframework.util	StringUtils	0	mergeStringArrays	-	arg0	ret	value	a
summary	org.springframework.util	StringUtils	0	mergeStringArrays	-	arg1	ret	value	a
summary	org.springframework.util	StringUtils	0	quote	-	arg0	ret	taint	-
summary	org.springframework.util	StringUtils	0	quoteIfString	-	arg0	ret	taint	-
summary	org.springframework.util	StringUtils	0	removeDuplicateStrings	-	arg0	ret	value	a
summary	org.springframework.util	StringUtils	0	replace	-	arg0	ret	taint	-
summary	org.springframework.util	StringUtils	0	replace	-	arg2	ret	taint	-
summary	org.springframework.util	StringUtils	0	sortStringArray	-	arg0	ret	value	a
summary	org.springframework.util	StringUtils	0	split	-	arg0	ret	taint	a
summary	org.springframework.util	StringUtils	0	splitArrayElementsIntoProperties	-	arg0	ret	taint	a
summary	org.springframework.util	StringUtils	0	stripFilenameExtension	-	arg0	ret	taint	-
summary	org.springframework.util	StringUtils	0	toStringArray	-	arg0	ret	value	a
summary	org.springframework.util	StringUtils	0	tokenizeToStringArray	-	arg0	ret	taint	a
summary	org.springframework.util	StringUtils	0	trimAllWhitespace	-	arg0	ret	taint	-
summary	org.springframework.util	StringUtils	0	trimArrayElements	-	arg0	ret	taint	a
summary	org.springframework.util	StringUtils	0	trimLeadingCharacter	-	arg0	ret	taint	-
summary	org.springframework.util	StringUtils	0	trimLeadingWhitespace	-	arg0	ret	taint	-
summary	org.springframework.util	StringUtils	0	trimTrailingCharacter	-	arg0	ret	taint	-
summary	org.springframework.util	StringUtils	0	trimTrailingWhitespace	-	arg0	ret	taint	-
summary	org.springframework.util	StringUtils	0	trimWhitespace	-	arg0	ret	taint	-
summary	org.springframework.util	StringUtils	0	uncapitalize	-	arg0	ret	taint	-
summary	org.springframework.util	StringUtils	0	unqualify	-	arg0	ret	taint	-
summary	org.springframework.util	StringUtils	0	uriDecode	-	arg0	ret	taint	-
summary	org.springframework.util	StringValueResolver	0	resolveStringValue	-	arg0	ret	taint	-
summary	org.springframework.util	SystemPropertyUtils	0	resolvePlaceholders	-	arg0	ret	taint	-
summary	org.springframework.validation	Errors	1	addAllErrors	-	arg0	recv	taint	-
summary	org.springframework.validation	Errors	1	getAllErrors	-	recv	ret	taint	-
summary	org.springframework.validation	Errors	1	getFieldError	-	recv	ret	taint	-
summary	org.springframework.validation	Errors	1	getFieldErrors	-	recv	ret	taint	-
summary	org.springframework.validation	Errors	1	getGlobalError	-	recv	ret	taint	-
summary	org.springframework.validation	Errors	1	getGlobalErrors	-	recv	ret	taint	-
summary	org.springframework.validation	Errors	1	reject	-	arg0	recv	taint	-
summary	org.springframework.validation	Errors	1	reject	-	arg1	recv	taint	a
summary	org.springframework.validation	Errors	1	reject	-	arg2	recv	taint	-
summary	org.springframework.validation	Errors	1	rejectValue	-	arg1	recv	taint	-
summary	org.springframework.validation	Errors	1	rejectValue	-	arg3	recv	taint	-
summary	org.springframework.validation	Errors	1	rejectValue	3	arg2	recv	taint	-
summary	org.springframework.validation	Errors	1	rejectValue	4	arg2	recv	taint	a
summary	org.springframework.web.multipart	MultipartFile	1	getBytes	-	recv	ret	taint	-
summary	org.springframework.web.multipart	MultipartFile	1	getName	-	recv	ret	taint	-
summary	org.springframework.web.multipart	MultipartFile	1	getOriginalFilename	-	recv	ret	taint	-
summary	org.springframework.web.multipart	MultipartFile	1	getResource	-	recv	ret	taint	-
summary	org.springframework.web.multipart	MultipartHttpServletRequest	1	getMultipartHeaders	-	recv	ret	taint	-
summary	org.springframework.web.multipart	MultipartHttpServletRequest	1	getRequestHeaders	-	recv	ret	taint	-
summary	org.springframework.web.multipart	MultipartRequest	1	getFile	-	recv	ret	taint	-
summary	org.springframework.web.multipart	MultipartRequest	1	getFileMap	-	recv	ret	taint	a
summary	org.springframework.web.multipart	MultipartRequest	1	getFileNames	-	recv	ret	taint	a
summary	org.springframework.web.multipart	MultipartRequest	1	getFiles	-	recv	ret	taint	a
summary	org.springframework.web.multipart	MultipartRequest	1	getMultiFileMap	-	recv	ret	taint	a
summary	org.springframework.web.multipart	MultipartResolver	1	resolveMultipart	-	arg0	ret	taint	-
summary	org.springframework.web.socket	TextMessage	1	asBytes	-	recv	ret	taint	-
summary	org.springframework.web.socket	WebSocketMessage	1	getPayload	-	recv	ret	taint	-
summary	org.springframework.web.socket	WebSocketSession	1	getAcceptedProtocol	-	recv	ret	taint	-
summary	org.springframework.web.socket	WebSocketSession	1	getHandshakeHeaders	-	recv	ret	taint	-
summary	org.springframework.web.socket	WebSocketSession	1	getPrincipal	-	recv	ret	taint	-
summary	org.springframework.web.socket	WebSocketSession	1	getUri	-	recv	ret	taint	-
summary	org.springframework.web.util	AbstractUriTemplateHandler	1	getBaseUrl	-	recv	ret	taint	-
summary	org.springframework.web.util	AbstractUriTemplateHandler	1	setBaseUrl	-	arg0	recv	taint	-
summary	org.springframework.web.util	AbstractUriTemplateHandler	1	setDefaultUriVariables	-	arg0	recv	taint	-
summary	org.springframework.web.util	ContentCachingRequestWrapper	0	ContentCachingRequestWrapper	-	arg0	recv	taint	-
summary	org.springframework.web.util	ContentCachingRequestWrapper	0	getContentAsByteArray	-	recv	ret	taint	-
summary	org.springframework.web.util	ContentCachingResponseWrapper	0	ContentCachingResponseWrapper	-	arg0	recv	taint	-
summary	org.springframework.web.util	ContentCachingResponseWrapper	0	getContentAsByteArray	-	recv	ret	taint	-
summary	org.springframework.web.util	ContentCachingResponseWrapper	0	getContentInputStream	-	recv	ret	taint	-
summary	org.springframework.web.util	DefaultUriBuilderFactory	0	DefaultUriBuilderFactory	-	arg0	recv	taint	-
summary	org.springframework.web.util	DefaultUriBuilderFactory	0	builder	-	recv	ret	taint	-
summary	org.springframework.web.util	DefaultUriBuilderFactory	0	getDefaultUriVariables	-	recv	ret	taint	a
summary	org.springframework.web.util	DefaultUriBuilderFactory	0	setDefaultUriVariables	-	arg0	recv	taint	a
summary	org.springframework.web.util	DefaultUriBuilderFactory	0	uriString	-	recv	ret	taint	-
summary	org.springframework.web.util	DefaultUriBuilderFactory	0	uriString	-	arg0	ret	taint	-
summary	org.springframework.web.util	HtmlUtils	0	htmlEscape	-	arg0	ret	taint	-
summary	org.springframework.web.util	HtmlUtils	0	htmlEscapeDecimal	-	arg0	ret	taint	-
summary	org.springframework.web.util	HtmlUtils	0	htmlEscapeHex	-	arg0	ret	taint	-
summary	org.springframework.web.util	HtmlUtils	0	htmlUnescape	-	arg0	ret	taint	-
summary	org.springframework.web.util	ServletContextPropertyUtils	0	resolvePlaceholders	-	arg0	ret	taint	-
summary	org.springframework.web.util	ServletContextPropertyUtils	0	resolvePlaceholders	-	arg1	ret	taint	-
summary	org.springframework.web.util	ServletRequestPathUtils	0	getCachedPath	-	arg0	ret	taint	-
summary	org.springframework.web.util	ServletRequestPathUtils	0	getCachedPathValue	-	arg0	ret	taint	-
summary	org.springframework.web.util	ServletRequestPathUtils	0	getParsedRequestPath	-	arg0	ret	taint	-
summary	org.springframework.web.util	ServletRequestPathUtils	0	parseAndCache	-	arg0	ret	taint	-
summary	org.springframework.web.util	ServletRequestPathUtils	0	setParsedRequestPath	-	arg0	arg1	taint	-
summary	org.springframework.web.util	UriBuilder	1	build	-	recv	ret	taint	-
summary	org.springframework.web.util	UriBuilder	1	build	1	arg0	ret	taint	a
summary	org.springframework.web.util	UriBuilder	1	build	1	arg0	recv	taint	a
summary	org.springframework.web.util	UriBuilder	1	fragment	-	recv	ret	value	-
summary	org.springframework.web.util	UriBuilder	1	fragment	-	arg0	recv	taint	-
summary	org.springframework.web.util	UriBuilder	1	host	-	recv	ret	value	-
summary	org.springframework.web.util	UriBuilder	1	host	-	arg0	recv	taint	-
summary	org.springframework.web.util	UriBuilder	1	path	-	recv	ret	value	-
summary	org.springframework.web.util	UriBuilder	1	path	-	arg0	recv	taint	-
summary	org.springframework.web.util	UriBuilder	1	pathSegment	-	recv	ret	value	-
summary	org.springframework.web.util	UriBuilder	1	pathSegment	-	arg0	recv	taint	a
summary	org.springframework.web.util	UriBuilder	1	port	-	recv	ret	value	-
summary	org.springframework.web.util	UriBuilder	1	port	1	arg0	recv	taint	-
summary	org.springframework.web.util	UriBuilder	1	query	-	recv	ret	value	-
summary	org.springframework.web.util	UriBuilder	1	query	-	arg0	recv	taint	-
summary	org.springframework.web.util	UriBuilder	1	queryParam	-	recv	ret	value	-
summary	org.springframework.web.util	UriBuilder	1	queryParam	-	arg0	recv	taint	-
summary	org.springframework.web.util	UriBuilder	1	queryParam	2	arg1	recv	taint	a
summary	org.springframework.web.util	UriBuilder	1	queryParamIfPresent	-	recv	ret	value	-
summary	org.springframework.web.util	UriBuilder	1	queryParamIfPresent	-	arg0	recv	taint	-
summary	org.springframework.web.util	UriBuilder	1	queryParamIfPresent	-	arg1	recv	taint	a
summary	org.springframework.web.util	UriBuilder	1	queryParams	-	recv	ret	value	-
summary	org.springframework.web.util	UriBuilder	1	queryParams	-	arg0	recv	taint	a
summary	org.springframework.web.util	UriBuilder	1	replacePath	-	recv	ret	value	-
summary	org.springframework.web.util	UriBuilder	1	replacePath	-	arg0	recv	taint	-
summary	org.springframework.web.util	UriBuilder	1	replaceQuery	-	recv	ret	value	-
summary	org.springframework.web.util	UriBuilder	1	replaceQuery	-	arg0	recv	taint	-
summary	org.springframework.web.util	UriBuilder	1	replaceQueryParam	-	recv	ret	value	-
summary	org.springframework.web.util	UriBuilder	1	replaceQueryParam	-	arg0	recv	taint	-
summary	org.springframework.web.util	UriBuilder	1	replaceQueryParam	2	arg1	recv	taint	a
summary	org.springframework.web.util	UriBuilder	1	replaceQueryParams	-	recv	ret	value	-
summary	org.springframework.web.util	UriBuilder	1	replaceQueryParams	-	arg0	recv	taint	a
summary	org.springframework.web.util	UriBuilder	1	scheme	-	recv	ret	value	-
summary	org.springframework.web.util	UriBuilder	1	scheme	-	arg0	recv	taint	-
summary	org.springframework.web.util	UriBuilder	1	userInfo	-	recv	ret	value	-
summary	org.springframework.web.util	UriBuilder	1	userInfo	-	arg0	recv	taint	-
summary	org.springframework.web.util	UriBuilderFactory	1	builder	-	recv	ret	taint	-
summary	org.springframework.web.util	UriBuilderFactory	1	uriString	-	recv	ret	taint	-
summary	org.springframework.web.util	UriBuilderFactory	1	uriString	-	arg0	ret	taint	-
summary	org.springframework.web.util	UriComponents	0	UriComponents	-	arg0	recv	taint	-
summary	org.springframework.web.util	UriComponents	0	UriComponents	-	arg1	recv	taint	-
summary	org.springframework.web.util	UriComponents	0	copyToUriComponentsBuilder	-	recv	arg0	taint	-
summary	org.springframework.web.util	UriComponents	0	encode	-	recv	ret	taint	-
summary	org.springframework.web.util	UriComponents	0	expand	1	arg0	ret	taint	a
summary	org.springframework.web.util	UriComponents	0	getFragment	-	recv	ret	taint	-
summary	org.springframework.web.util	UriComponents	0	getHost	-	recv	ret	taint	-
summary	org.springframework.web.util	UriComponents	0	getPath	-	recv	ret	taint	-
summary	org.springframework.web.util	UriComponents	0	getPathSegments	-	recv	ret	taint	-
summary	org.springframework.web.util	UriComponents	0	getQuery	-	recv	ret	taint	-
summary	org.springframework.web.util	UriComponents	0	getQueryParams	-	recv	ret	taint	a
summary	org.springframework.web.util	UriComponents	0	getScheme	-	recv	ret	taint	-
summary	org.springframework.web.util	UriComponents	0	getSchemeSpecificPart	-	recv	ret	taint	-
summary	org.springframework.web.util	UriComponents	0	getUserInfo	-	recv	ret	taint	-
summary	org.springframework.web.util	UriComponents	0	normalize	-	recv	ret	taint	-
summary	org.springframework.web.util	UriComponents	0	toString	-	recv	ret	taint	-
summary	org.springframework.web.util	UriComponents	0	toUri	-	recv	ret	taint	-
summary	org.springframework.web.util	UriComponents	0	toUriString	-	recv	ret	taint	-
summary	org.springframework.web.util	UriComponentsBuilder	0	build	-	recv	ret	taint	-
summary	org.springframework.web.util	UriComponentsBuilder	0	build	1	arg0	ret	taint	a
summary	org.springframework.web.util	UriComponentsBuilder	0	build	1	arg0	recv	taint	a
summary	org.springframework.web.util	UriComponentsBuilder	0	buildAndExpand	1	arg0	ret	taint	a
summary	org.springframework.web.util	UriComponentsBuilder	0	cloneBuilder	-	recv	ret	value	-
summary	org.springframework.web.util	UriComponentsBuilder	0	encode	-	recv	ret	value	-
summary	org.springframework.web.util	UriComponentsBuilder	0	fromHttpRequest	-	arg0	ret	taint	-
summary	org.springframework.web.util	UriComponentsBuilder	0	fromHttpUrl	-	arg0	ret	taint	-
summary	org.springframework.web.util	UriComponentsBuilder	0	fromOriginHeader	-	arg0	ret	taint	-
summary	org.springframework.web.util	UriComponentsBuilder	0	fromPath	-	arg0	ret	taint	-
summary	org.springframework.web.util	UriComponentsBuilder	0	fromUri	-	arg0	ret	taint	-
summary	org.springframework.web.util	UriComponentsBuilder	0	fromUriString	-	arg0	ret	taint	-
summary	org.springframework.web.util	UriComponentsBuilder	0	parseForwardedFor	-	arg0	ret	taint	-
summary	org.springframework.web.util	UriComponentsBuilder	0	parseForwardedFor	-	arg1	ret	taint	-
summary	org.springframework.web.util	UriComponentsBuilder	0	schemeSpecificPart	-	recv	ret	value	-
summary	org.springframework.web.util	UriComponentsBuilder	0	schemeSpecificPart	-	arg0	recv	taint	-
summary	org.springframework.web.util	UriComponentsBuilder	0	toUriString	-	recv	ret	taint	-
summary	org.springframework.web.util	UriComponentsBuilder	0	uri	-	recv	ret	value	-
summary	org.springframework.web.util	UriComponentsBuilder	0	uri	-	arg0	recv	taint	-
summary	org.springframework.web.util	UriComponentsBuilder	0	uriComponents	-	recv	ret	value	-
summary	org.springframework.web.util	UriComponentsBuilder	0	uriComponents	-	arg0	recv	taint	-
summary	org.springframework.web.util	UriComponentsBuilder	0	uriVariables	-	recv	ret	value	-
summary	org.springframework.web.util	UriComponentsBuilder	0	uriVariables	-	arg0	recv	taint	a
summary	org.springframework.web.util	UriTemplate	0	expand	1	arg0	ret	taint	a
summary	org.springframework.web.util	UriTemplate	0	getVariableNames	-	recv	ret	taint	a
summary	org.springframework.web.util	UriTemplate	0	match	-	arg0	ret	taint	a
summary	org.springframework.web.util	UriTemplate	0	toString	-	recv	ret	taint	-
summary	org.springframework.web.util	UriTemplateHandler	1	expand	-	recv	ret	taint	-
summary	org.springframework.web.util	UriTemplateHandler	1	expand	-	arg0	ret	taint	-
summary	org.springframework.web.util	UriTemplateHandler	1	expand	2	arg1	ret	taint	a
summary	org.springframework.web.util	UriTemplateVariables	1	getValue	-	recv	ret	value	a
summary	org.springframework.web.util	UriUtils	0	decode	-	arg0	ret	taint	-
summary	org.springframework.web.util	UriUtils	0	encode	-	arg0	ret	taint	-
summary	org.springframework.web.util	UriUtils	0	encodeAuthority	-	arg0	ret	taint	-
summary	org.springframework.web.util	UriUtils	0	encodeFragment	-	arg0	ret	taint	-
summary	org.springframework.web.util	UriUtils	0	encodeHost	-	arg0	ret	taint	-
summary	org.springframework.web.util	UriUtils	0	encodePath	-	arg0	ret	taint	-
summary	org.springframework.web.util	UriUtils	0	encodePathSegment	-	arg0	ret	taint	-
summary	org.springframework.web.util	UriUtils	0	encodePort	-	arg0	ret	taint	-
summary	org.springframework.web.util	UriUtils	0	encodeQuery	-	arg0	ret	taint	-
summary	org.springframework.web.util	UriUtils	0	encodeQueryParam	-	arg0	ret	taint	-
summary	org.springframework.web.util	UriUtils	0	encodeQueryParams	-	arg0	ret	taint	a
summary	org.springframework.web.util	UriUtils	0	encodeScheme	-	arg0	ret	taint	-
summary	org.springframework.web.util	UriUtils	0	encodeUriVariables	1	arg0	ret	taint	a
summary	org.springframework.web.util	UriUtils	0	encodeUserInfo	-	arg0	ret	taint	-
summary	org.springframework.web.util	UriUtils	0	extractFileExtension	-	arg0	ret	taint	-
summary	org.springframework.web.util	UrlPathHelper	0	decodeMatrixVariables	-	arg1	ret	taint	a
summary	org.springframework.web.util	UrlPathHelper	0	decodeMatrixVariables	-	arg1	ret	value	a
summary	org.springframework.web.util	UrlPathHelper	0	decodePathVariables	-	arg1	ret	taint	a
summary	org.springframework.web.util	UrlPathHelper	0	decodePathVariables	-	arg1	ret	value	a
summary	org.springframework.web.util	UrlPathHelper	0	decodeRequestString	-	arg1	ret	taint	-
summary	org.springframework.web.util	UrlPathHelper	0	getContextPath	-	arg0	ret	taint	-
summary	org.springframework.web.util	UrlPathHelper	0	getOriginatingContextPath	-	arg0	ret	taint	-
summary	org.springframework.web.util	UrlPathHelper	0	removeSemicolonContent	-	arg0	ret	taint	-
summary	org.springframework.web.util	WebUtils	0	findParameterValue	2	arg0	ret	taint	-
summary	org.springframework.web.util	WebUtils	0	findParameterValue	2	arg0	ret	value	a
summary	org.springframework.web.util	WebUtils	0	getCookie	-	arg0	ret	taint	-
summary	org.springframework.web.util	WebUtils	0	getNativeRequest	-	arg0	ret	taint	-
summary	org.springframework.web.util	WebUtils	0	getNativeResponse	-	arg0	ret	taint	-
summary	org.springframework.web.util	WebUtils	0	getParametersStartingWith	-	arg0	ret	taint	a
summary	org.springframework.web.util	WebUtils	0	getRealPath	-	arg0	ret	taint	-
summary	org.springframework.web.util	WebUtils	0	getRealPath	-	arg1	ret	taint	-
summary	org.springframework.web.util	WebUtils	0	getRequiredSessionAttribute	-	arg0	ret	taint	-
summary	org.springframework.web.util	WebUtils	0	getSessionAttribute	-	arg0	ret	taint	-
summary	org.springframework.web.util	WebUtils	0	parseMatrixVariables	-	arg0	ret	taint	a
summary	org.springframework.web.util	WebUtils	0	setSessionAttribute	-	arg2	arg0	taint	-
summary	org.thymeleaf	TemplateSpec	0	TemplateSpec	-	arg0	recv	taint	-
summary	org.thymeleaf	TemplateSpec	0	getTemplate	-	recv	ret	taint	-
summary	org.xml.sax	InputSource	0	InputSource	-	arg0	recv	taint	-
summary	org.yaml.snakeyaml	Yaml	1	load	1	arg0	ret	taint	-
summary	play.mvc	Cookie	1	name	-	recv	ret	taint	-
summary	play.mvc	Cookie	1	value	-	recv	ret	taint	-
summary	play.mvc	Cookies	1	get	-	recv	ret	taint	-
summary	play.mvc	Cookies	1	getCookie	-	recv	ret	taint	-
summary	play.mvc	FilePart	1	getContentType	-	recv	ret	taint	-
summary	play.mvc	FilePart	1	getDispositionType	-	recv	ret	taint	-
summary	play.mvc	FilePart	1	getFile	-	recv	ret	taint	-
summary	play.mvc	FilePart	1	getFilename	-	recv	ret	taint	-
summary	play.mvc	FilePart	1	getKey	-	recv	ret	taint	-
summary	play.mvc	FilePart	1	getRef	-	recv	ret	taint	-
summary	play.mvc	MultipartFormData	1	asFormUrlEncoded	-	recv	ret	taint	-
summary	play.mvc	MultipartFormData	1	getFile	-	recv	ret	taint	-
summary	play.mvc	MultipartFormData	1	getFiles	-	recv	ret	taint	-
summary	play.mvc	RawBuffer	1	asBytes	-	recv	ret	taint	-
summary	play.mvc	RawBuffer	1	asFile	-	recv	ret	taint	-
summary	play.mvc	RequestBody	1	as	-	recv	ret	taint	-
summary	play.mvc	RequestBody	1	asBytes	-	recv	ret	taint	-
summary	play.mvc	RequestBody	1	asFormUrlEncoded	-	recv	ret	taint	-
summary	play.mvc	RequestBody	1	asJson	-	recv	ret	taint	-
summary	play.mvc	RequestBody	1	asMultipartFormData	-	recv	ret	taint	-
summary	play.mvc	RequestBody	1	asRaw	-	recv	ret	taint	-
summary	play.mvc	RequestBody	1	asText	-	recv	ret	taint	-
summary	play.mvc	RequestBody	1	asXml	-	recv	ret	taint	-
summary	play.mvc	RequestBody	1	parseJson	-	recv	ret	taint	-
summary	ratpack.core.form	Form	1	file	-	recv	ret	taint	-
summary	ratpack.core.form	Form	1	files	-	recv	ret	taint	-
summary	ratpack.core.form	UploadedFile	1	getFileName	-	recv	ret	taint	-
summary	ratpack.core.handling	Context	1	parse	2	arg0	ret	taint	-
summary	ratpack.core.handling	Context	1	parse	2	arg0	ret	taint	a
summary	ratpack.core.http	Headers	1	asMultiValueMap	-	recv	ret	taint	-
summary	ratpack.core.http	Headers	1	get	-	recv	ret	taint	-
summary	ratpack.core.http	Headers	1	getAll	-	recv	ret	taint	-
summary	ratpack.core.http	Headers	1	getNames	-	recv	ret	taint	-
summary	ratpack.core.http	TypedData	1	getBuffer	-	recv	ret	taint	-
summary	ratpack.core.http	TypedData	1	getBytes	-	recv	ret	taint	-
summary	ratpack.core.http	TypedData	1	getContentType	-	recv	ret	taint	-
summary	ratpack.core.http	TypedData	1	getInputStream	-	recv	ret	taint	-
summary	ratpack.core.http	TypedData	1	getText	-	recv	ret	taint	-
summary	ratpack.core.http	TypedData	1	writeTo	-	recv	arg0	taint	-
summary	ratpack.exec	Promise	1	flatLeft	-	recv	ret	value	a
summary	ratpack.exec	Promise	1	flatRight	-	recv	ret	value	a
summary	ratpack.exec	Promise	1	left	-	recv	ret	value	a
summary	ratpack.exec	Promise	1	left	1	arg0	ret	value	a
summary	ratpack.exec	Promise	1	replace	-	arg0	ret	value	a
summary	ratpack.exec	Promise	1	right	-	recv	ret	value	a
summary	ratpack.exec	Promise	1	right	1	arg0	ret	value	a
summary	ratpack.exec	Promise	1	route	-	recv	ret	value	-
summary	ratpack.exec	Promise	1	value	-	arg0	ret	value	a
summary	ratpack.exec	Result	1	getValue	-	recv	ret	value	a
summary	ratpack.exec	Result	1	getValueOrThrow	-	recv	ret	value	a
summary	ratpack.exec	Result	1	success	-	arg0	ret	value	a
summary	ratpack.form	Form	1	file	-	recv	ret	taint	-
summary	ratpack.form	Form	1	files	-	recv	ret	taint	-
summary	ratpack.form	UploadedFile	1	getFileName	-	recv	ret	taint	-
summary	ratpack.func	MultiValueMap	1	asMultimap	-	recv	ret	value	a
summary	ratpack.func	MultiValueMap	1	getAll	-	recv	ret	value	a
summary	ratpack.func	MultiValueMap	1	getAll	0	recv	ret	value	a
summary	ratpack.func	MultiValueMap	1	getAll	1	recv	ret	value	a
summary	ratpack.func	Pair	1	getLeft	-	recv	ret	value	a
summary	ratpack.func	Pair	1	getRight	-	recv	ret	value	a
summary	ratpack.func	Pair	1	left	0	recv	ret	value	a
summary	ratpack.func	Pair	1	left	1	recv	ret	value	a
summary	ratpack.func	Pair	1	left	1	arg0	ret	value	a
summary	ratpack.func	Pair	1	mapLeft	-	recv	ret	value	a
summary	ratpack.func	Pair	1	mapRight	-	recv	ret	value	a
summary	ratpack.func	Pair	1	nestLeft	1	recv	ret	value	a
summary	ratpack.func	Pair	1	nestLeft	1	arg0	ret	value	a
summary	ratpack.func	Pair	1	nestRight	1	recv	ret	value	a
summary	ratpack.func	Pair	1	nestRight	1	arg0	ret	value	a
summary	ratpack.func	Pair	1	of	-	arg0	ret	value	a
summary	ratpack.func	Pair	1	of	-	arg1	ret	value	a
summary	ratpack.func	Pair	1	pair	-	arg0	ret	value	a
summary	ratpack.func	Pair	1	pair	-	arg1	ret	value	a
summary	ratpack.func	Pair	1	pushLeft	1	recv	ret	value	a
summary	ratpack.func	Pair	1	pushLeft	1	arg0	ret	value	a
summary	ratpack.func	Pair	1	pushRight	1	recv	ret	value	a
summary	ratpack.func	Pair	1	pushRight	1	arg0	ret	value	a
summary	ratpack.func	Pair	1	right	0	recv	ret	value	a
summary	ratpack.func	Pair	1	right	1	recv	ret	value	a
summary	ratpack.func	Pair	1	right	1	arg0	ret	value	a
summary	ratpack.handling	Context	1	parse	2	arg0	ret	taint	-
summary	ratpack.handling	Context	1	parse	2	arg0	ret	taint	a
summary	ratpack.http	Headers	1	asMultiValueMap	-	recv	ret	taint	-
summary	ratpack.http	Headers	1	get	-	recv	ret	taint	-
summary	ratpack.http	Headers	1	getAll	-	recv	ret	taint	-
summary	ratpack.http	Headers	1	getNames	-	recv	ret	taint	-
summary	ratpack.http	TypedData	1	getBuffer	-	recv	ret	taint	-
summary	ratpack.http	TypedData	1	getBytes	-	recv	ret	taint	-
summary	ratpack.http	TypedData	1	getContentType	-	recv	ret	taint	-
summary	ratpack.http	TypedData	1	getInputStream	-	recv	ret	taint	-
summary	ratpack.http	TypedData	1	getText	-	recv	ret	taint	-
summary	ratpack.http	TypedData	1	writeTo	-	recv	arg0	taint	-
summary	ratpack.util	MultiValueMap	1	asMultimap	-	recv	ret	value	a
summary	ratpack.util	MultiValueMap	1	getAll	-	recv	ret	value	a
summary	ratpack.util	MultiValueMap	1	getAll	0	recv	ret	value	a
summary	ratpack.util	MultiValueMap	1	getAll	1	recv	ret	value	a
summary	ratpack.util	Pair	1	getLeft	-	recv	ret	value	a
summary	ratpack.util	Pair	1	getRight	-	recv	ret	value	a
summary	ratpack.util	Pair	1	left	0	recv	ret	value	a
summary	ratpack.util	Pair	1	left	1	recv	ret	value	a
summary	ratpack.util	Pair	1	left	1	arg0	ret	value	a
summary	ratpack.util	Pair	1	mapLeft	-	recv	ret	value	a
summary	ratpack.util	Pair	1	mapRight	-	recv	ret	value	a
summary	ratpack.util	Pair	1	nestLeft	1	recv	ret	value	a
summary	ratpack.util	Pair	1	nestLeft	1	arg0	ret	value	a
summary	ratpack.util	Pair	1	nestRight	1	recv	ret	value	a
summary	ratpack.util	Pair	1	nestRight	1	arg0	ret	value	a
summary	ratpack.util	Pair	1	of	-	arg0	ret	value	a
summary	ratpack.util	Pair	1	of	-	arg1	ret	value	a
summary	ratpack.util	Pair	1	pair	-	arg0	ret	value	a
summary	ratpack.util	Pair	1	pair	-	arg1	ret	value	a
summary	ratpack.util	Pair	1	pushLeft	1	recv	ret	value	a
summary	ratpack.util	Pair	1	pushLeft	1	arg0	ret	value	a
summary	ratpack.util	Pair	1	pushRight	1	recv	ret	value	a
summary	ratpack.util	Pair	1	pushRight	1	arg0	ret	value	a
summary	ratpack.util	Pair	1	right	0	recv	ret	value	a
summary	ratpack.util	Pair	1	right	1	recv	ret	value	a
summary	ratpack.util	Pair	1	right	1	arg0	ret	value	a
summary	retrofit2	Builder	0	baseUrl	1	recv	ret	taint	-
neutral	java.awt	Insets	0	Insets	4	-	-	summary	-
neutral	java.beans	PropertyEditor	0	getAsText	0	-	-	summary	-
neutral	java.beans	PropertyEditor	0	getValue	0	-	-	summary	-
neutral	java.beans	PropertyEditor	0	setAsText	0	-	-	summary	-
neutral	java.beans	PropertyEditor	0	setValue	0	-	-	summary	-
neutral	java.io	Closeable	0	close	0	-	-	summary	-
neutral	java.io	DataInput	0	readInt	0	-	-	summary	-
neutral	java.io	DataInput	0	readLong	0	-	-	summary	-
neutral	java.io	DataOutput	0	writeBoolean	1	-	-	summary	-
neutral	java.io	DataOutput	0	writeInt	1	-	-	summary	-
neutral	java.io	DataOutput	0	writeLong	1	-	-	summary	-
neutral	java.io	File	0	delete	0	-	-	summary	-
neutral	java.io	File	0	exists	0	-	-	summary	-
neutral	java.io	File	0	isDirectory	0	-	-	summary	-
neutral	java.io	File	0	isFile	0	-	-	summary	-
neutral	java.io	File	0	length	0	-	-	summary	-
neutral	java.io	File	0	listFiles	-	-	-	summary	-
neutral	java.io	File	0	mkdirs	0	-	-	summary	-
neutral	java.io	FileInputStream	0	FileInputStream	1	-	-	summary	-
neutral	java.io	InputStream	0	close	0	-	-	summary	-
neutral	java.io	ObjectInput	0	readObject	0	-	-	summary	-
neutral	java.io	OutputStream	0	flush	0	-	-	summary	-
neutral	java.lang	AbstractStringBuilder	0	indexOf	1	-	-	summary	-
neutral	java.lang	AbstractStringBuilder	0	indexOf	2	-	-	summary	-
neutral	java.lang	AbstractStringBuilder	0	lastIndexOf	1	-	-	summary	-
neutral	java.lang	AbstractStringBuilder	0	lastIndexOf	2	-	-	summary	-
neutral	java.lang	AbstractStringBuilder	0	length	0	-	-	summary	-
neutral	java.lang	AbstractStringBuilder	0	setCharAt	2	-	-	summary	-
neutral	java.lang	AbstractStringBuilder	0	setLength	1	-	-	summary	-
neutral	java.lang	Boolean	0	booleanValue	0	-	-	summary	-
neutral	java.lang	Boolean	0	equals	1	-	-	summary	-
neutral	java.lang	Boolean	0	parseBoolean	1	-	-	summary	-
neutral	java.lang	Boolean	0	valueOf	1	-	-	summary	-
neutral	java.lang	CharSequence	0	length	0	-	-	summary	-
neutral	java.lang	Class	0	forName	1	-	-	summary	-
neutral	java.lang	Class	0	getCanonicalName	0	-	-	summary	-
neutral	java.lang	Class	0	getClassLoader	0	-	-	summary	-
neutral	java.lang	Class	0	getDeclaredConstructor	1	-	-	summary	-
neutral	java.lang	Class	0	getDeclaredField	1	-	-	summary	-
neutral	java.lang	Class	0	getMethod	2	-	-	summary	-
neutral	java.lang	Class	0	getName	0	-	-	summary	-
neutral	java.lang	Class	0	getResource	1	-	-	summary	-
neutral	java.lang	Class	0	getResourceAsStream	1	-	-	summary	-
neutral	java.lang	Class	0	getSimpleName	0	-	-	summary	-
neutral	java.lang	Class	0	isAssignableFrom	1	-	-	summary	-
neutral	java.lang	Class	0	isInstance	1	-	-	summary	-
neutral	java.lang	Class	0	toString	0	-	-	summary	-
neutral	java.lang	ClassLoader	0	findResource	1	-	-	summary	-
neutral	java.lang	ClassLoader	0	getDefinedPackage	1	-	-	summary	-
neutral	java.lang	ClassLoader	0	getName	0	-	-	summary	-
neutral	java.lang	ClassLoader	0	getParent	0	-	-	summary	-
neutral	java.lang	ClassLoader	0	getResource	1	-	-	summary	-
neutral	java.lang	ClassLoader	0	getResourceAsStream	1	-	-	summary	-
neutral	java.lang	ClassLoader	0	getSystemResource	1	-	-	summary	-
neutral	java.lang	ClassLoader	0	getUnnamedModule	0	-	-	summary	-
neutral	java.lang	ClassLoader	0	loadClass	1	-	-	summary	-
neutral	java.lang	ClassLoader	0	loadClass	2	-	-	summary	-
neutral	java.lang	ClassLoader	0	setClassAssertionStatus	2	-	-	summary	-
neutral	java.lang	ClassLoader	0	setPackageAssertionStatus	2	-	-	summary	-
neutral	java.lang	Comparable	0	compareTo	-	-	-	summary	-
neutral	java.lang	Double	0	doubleToLongBits	1	-	-	summary	-
neutral	java.lang	Double	0	parseDouble	1	-	-	summary	-
neutral	java.lang	Double	0	valueOf	1	-	-	summary	-
neutral	java.lang	Enum	0	Enum	2	-	-	summary	-
neutral	java.lang	Enum	0	equals	1	-	-	summary	-
neutral	java.lang	Enum	0	hashCode	0	-	-	summary	-
neutral	java.lang	Enum	0	name	0	-	-	summary	-
neutral	java.lang	Enum	0	ordinal	0	-	-	summary	-
neutral	java.lang	Enum	0	toString	0	-	-	summary	-
neutral	java.lang	Integer	0	Integer	1	-	-	summary	-
neutral	java.lang	Integer	0	equals	1	-	-	summary	-
neutral	java.lang	Integer	0	intValue	0	-	-	summary	-
neutral	java.lang	Integer	0	parseInt	1	-	-	summary	-
neutral	java.lang	Integer	0	toHexString	1	-	-	summary	-
neutral	java.lang	Integer	0	toString	-	-	-	summary	-
neutral	java.lang	Integer	0	valueOf	-	-	-	summary	-
neutral	java.lang	Long	0	Long	1	-	-	summary	-
neutral	java.lang	Long	0	equals	1	-	-	summary	-
neutral	java.lang	Long	0	intValue	0	-	-	summary	-
neutral	java.lang	Long	0	longValue	0	-	-	summary	-
neutral	java.lang	Long	0	parseLong	1	-	-	summary	-
neutral	java.lang	Long	0	toString	-	-	-	summary	-
neutral	java.lang	Long	0	valueOf	-	-	-	summary	-
neutral	java.lang	Math	0	max	-	-	-	summary	-
neutral	java.lang	Math	0	min	-	-	-	summary	-
neutral	java.lang	Number	0	doubleValue	0	-	-	summary	-
neutral	java.lang	Number	0	intValue	0	-	-	summary	-
neutral	java.lang	Number	0	longValue	0	-	-	summary	-
neutral	java.lang	Object	0	equals	1	-	-	summary	-
neutral	java.lang	Object	0	getClass	0	-	-	summary	-
neutral	java.lang	Object	0	hashCode	0	-	-	summary	-
neutral	java.lang	Runtime	0	getRuntime	0	-	-	summary	-
neutral	java.lang	ScopedValue	0	isBound	0	-	-	summary	-
neutral	java.lang	ScopedValue	0	newInstance	0	-	-	summary	-
neutral	java.lang	String	0	compareTo	1	-	-	summary	-
neutral	java.lang	String	0	contains	1	-	-	summary	-
neutral	java.lang	String	0	endsWith	1	-	-	summary	-
neutral	java.lang	String	0	equals	1	-	-	summary	-
neutral	java.lang	String	0	equalsIgnoreCase	1	-	-	summary	-
neutral	java.lang	String	0	hashCode	0	-	-	summary	-
neutral	java.lang	String	0	indexOf	1	-	-	summary	-
neutral	java.lang	String	0	isEmpty	0	-	-	summary	-
neutral	java.lang	String	0	lastIndexOf	1	-	-	summary	-
neutral	java.lang	String	0	length	0	-	-	summary	-
neutral	java.lang	String	0	startsWith	1	-	-	summary	-
neutral	java.lang	String	0	valueOf	1	-	-	summary	-
neutral	java.lang	System	0	currentTimeMillis	0	-	-	summary	-
neutral	java.lang	System	0	exit	1	-	-	summary	-
neutral	java.lang	System	0	getProperty	-	-	-	summary	-
neutral	java.lang	System	0	getenv	1	-	-	summary	-
neutral	java.lang	System	0	identityHashCode	1	-	-	summary	-
neutral	java.lang	System	0	lineSeparator	0	-	-	summary	-
neutral	java.lang	System	0	nanoTime	0	-	-	summary	-
neutral	java.lang	System	0	setProperty	-	-	-	summary	-
neutral	java.lang	Thread	0	currentThread	0	-	-	summary	-
neutral	java.lang	Thread	0	getContextClassLoader	0	-	-	summary	-
neutral	java.lang	Thread	0	interrupt	0	-	-	summary	-
neutral	java.lang	Thread	0	sleep	1	-	-	summary	-
neutral	java.lang	Thread	0	start	0	-	-	summary	-
neutral	java.lang	Throwable	0	addSuppressed	1	-	-	summary	-
neutral	java.lang	Throwable	0	fillInStackTrace	0	-	-	summary	-
neutral	java.lang	Throwable	0	getStackTrace	0	-	-	summary	-
neutral	java.lang	Throwable	0	getSuppressed	0	-	-	summary	-
neutral	java.lang	Throwable	0	printStackTrace	0	-	-	summary	-
neutral	java.lang	Throwable	0	printStackTrace	1	-	-	summary	-
neutral	java.lang	Throwable	0	setStackTrace	1	-	-	summary	-
neutral	java.lang.invoke	MethodHandles	0	lookup	0	-	-	summary	-
neutral	java.lang.reflect	Constructor	0	newInstance	1	-	-	summary	-
neutral	java.lang.reflect	Field	0	get	1	-	-	summary	-
neutral	java.lang.reflect	Method	0	getName	0	-	-	summary	-
neutral	java.lang.reflect	Method	0	invoke	2	-	-	summary	-
neutral	java.math	BigDecimal	0	BigDecimal	-	-	-	summary	-
neutral	java.math	BigDecimal	0	add	1	-	-	summary	-
neutral	java.math	BigDecimal	0	compareTo	1	-	-	summary	-
neutral	java.math	BigDecimal	0	doubleValue	0	-	-	summary	-
neutral	java.math	BigDecimal	0	intValue	0	-	-	summary	-
neutral	java.math	BigDecimal	0	multiply	1	-	-	summary	-
neutral	java.math	BigDecimal	0	setScale	2	-	-	summary	-
neutral	java.math	BigDecimal	0	subtract	1	-	-	summary	-
neutral	java.math	BigDecimal	0	toBigInteger	0	-	-	summary	-
neutral	java.math	BigDecimal	0	toString	0	-	-	summary	-
neutral	java.math	BigDecimal	0	valueOf	-	-	-	summary	-
neutral	java.math	BigInteger	0	BigInteger	1	-	-	summary	-
neutral	java.math	BigInteger	0	or	1	-	-	summary	-
neutral	java.math	BigInteger	0	valueOf	1	-	-	summary	-
neutral	java.net	Socket	0	connect	1	-	-	summary	-
neutral	java.net	Socket	0	connect	2	-	-	summary	-
neutral	java.net	Socket	0	getOutputStream	0	-	-	summary	-
neutral	java.net	URL	0	getContent	0	-	-	summary	-
neutral	java.net	URL	0	getDefaultPort	0	-	-	summary	-
neutral	java.net	URL	0	getPort	0	-	-	summary	-
neutral	java.net	URL	0	getProtocol	0	-	-	summary	-
neutral	java.net	URL	0	openConnection	0	-	-	summary	-
neutral	java.net	URL	0	openStream	0	-	-	summary	-
neutral	java.nio	Buffer	0	position	0	-	-	summary	-
neutral	java.nio	Buffer	0	remaining	0	-	-	summary	-
neutral	java.nio	ByteBuffer	0	allocate	1	-	-	summary	-
neutral	java.nio.charset	Charset	0	name	0	-	-	summary	-
neutral	java.nio.file	Files	0	copy	-	-	-	summary	-
neutral	java.nio.file	Files	0	createDirectories	-	-	-	summary	-
neutral	java.nio.file	Files	0	createDirectory	-	-	-	summary	-
neutral	java.nio.file	Files	0	createFile	-	-	-	summary	-
neutral	java.nio.file	Files	0	createLink	-	-	-	summary	-
neutral	java.nio.file	Files	0	createSymbolicLink	-	-	-	summary	-
neutral	java.nio.file	Files	0	createTempDirectory	-	-	-	summary	-
neutral	java.nio.file	Files	0	createTempFile	-	-	-	summary	-
neutral	java.nio.file	Files	0	delete	-	-	-	summary	-
neutral	java.nio.file	Files	0	deleteIfExists	-	-	-	summary	-
neutral	java.nio.file	Files	0	exists	-	-	-	summary	-
neutral	java.nio.file	Files	0	getFileStore	-	-	-	summary	-
neutral	java.nio.file	Files	0	lines	-	-	-	summary	-
neutral	java.nio.file	Files	0	move	-	-	-	summary	-
neutral	java.nio.file	Files	0	newBufferedReader	-	-	-	summary	-
neutral	java.nio.file	Files	0	newBufferedWriter	-	-	-	summary	-
neutral	java.nio.file	Files	0	newInputStream	-	-	-	summary	-
neutral	java.nio.file	Files	0	newOutputStream	-	-	-	summary	-
neutral	java.nio.file	Files	0	notExists	-	-	-	summary	-
neutral	java.nio.file	Files	0	probeContentType	-	-	-	summary	-
neutral	java.nio.file	Files	0	readAllBytes	-	-	-	summary	-
neutral	java.nio.file	Files	0	readAllLines	-	-	-	summary	-
neutral	java.nio.file	Files	0	readString	-	-	-	summary	-
neutral	java.nio.file	Files	0	write	-	-	-	summary	-
neutral	java.nio.file	Files	0	writeString	-	-	-	summary	-
neutral	java.security	MessageDigest	0	digest	0	-	-	summary	-
neutral	java.security	MessageDigest	0	digest	1	-	-	summary	-
neutral	java.security	MessageDigest	0	digest	3	-	-	summary	-
neutral	java.security.cert	CertStore	0	CertStore	4	-	-	summary	-
neutral	java.security.cert	CertStore	0	getCRLs	1	-	-	summary	-
neutral	java.security.cert	CertStore	0	getCertStoreCertificates	0	-	-	summary	-
neutral	java.security.cert	CertStore	0	getCertificates	1	-	-	summary	-
neutral	java.security.cert	CertStore	0	getDefaultType	0	-	-	summary	-
neutral	java.security.cert	CertStore	0	getInstance	-	-	-	summary	-
neutral	java.security.cert	CertStore	0	getProvider	0	-	-	summary	-
neutral	java.security.cert	CertStore	0	getType	0	-	-	summary	-
neutral	java.security.cert	CertificateFactory	0	CertificateFactory	3	-	-	summary	-
neutral	java.security.cert	CertificateFactory	0	generateCRL	1	-	-	summary	-
neutral	java.security.cert	CertificateFactory	0	generateCRLs	1	-	-	summary	-
neutral	java.security.cert	CertificateFactory	0	generateCertPath	-	-	-	summary	-
neutral	java.security.cert	CertificateFactory	0	generateCertificate	1	-	-	summary	-
neutral	java.security.cert	CertificateFactory	0	generateCertificates	1	-	-	summary	-
neutral	java.security.cert	CertificateFactory	0	getCertPathEncodings	0	-	-	summary	-
neutral	java.security.cert	CertificateFactory	0	getInstance	-	-	-	summary	-
neutral	java.security.cert	CertificateFactory	0	getProvider	0	-	-	summary	-
neutral	java.security.cert	CertificateFactory	0	getType	0	-	-	summary	-
neutral	java.security.cert	PKIXParameters	0	PKIXParameters	-	-	-	summary	-
neutral	java.security.cert	PKIXParameters	0	addCertPathChecker	1	-	-	summary	-
neutral	java.security.cert	PKIXParameters	0	addCertStore	1	-	-	summary	-
neutral	java.security.cert	PKIXParameters	0	getCertPathCheckers	0	-	-	summary	-
neutral	java.security.cert	PKIXParameters	0	getCertStores	0	-	-	summary	-
neutral	java.security.cert	PKIXParameters	0	getDate	0	-	-	summary	-
neutral	java.security.cert	PKIXParameters	0	getInitialPolicies	0	-	-	summary	-
neutral	java.security.cert	PKIXParameters	0	getPolicyQualifiersRejected	0	-	-	summary	-
neutral	java.security.cert	PKIXParameters	0	getSigProvider	0	-	-	summary	-
neutral	java.security.cert	PKIXParameters	0	getTargetCertConstraints	0	-	-	summary	-
neutral	java.security.cert	PKIXParameters	0	getTrustAnchors	0	-	-	summary	-
neutral	java.security.cert	PKIXParameters	0	setAnyPolicyInhibited	1	-	-	summary	-
neutral	java.security.cert	PKIXParameters	0	setCertPathCheckers	1	-	-	summary	-
neutral	java.security.cert	PKIXParameters	0	setCertStores	1	-	-	summary	-
neutral	java.security.cert	PKIXParameters	0	setDate	1	-	-	summary	-
neutral	java.security.cert	PKIXParameters	0	setSigProvider	1	-	-	summary	-
neutral	java.security.cert	PKIXParameters	0	setTargetConstraints	1	-	-	summary	-
neutral	java.security.cert	PKIXParameters	0	setTrustAnchors	1	-	-	summary	-
neutral	java.sql	Connection	0	createStatement	0	-	-	summary	-
neutral	java.sql	PreparedStatement	0	executeQuery	0	-	-	summary	-
neutral	java.sql	PreparedStatement	0	executeUpdate	0	-	-	summary	-
neutral	java.sql	PreparedStatement	0	setInt	2	-	-	summary	-
neutral	java.sql	PreparedStatement	0	setLong	2	-	-	summary	-
neutral	java.sql	PreparedStatement	0	setString	2	-	-	summary	-
neutral	java.sql	ResultSet	0	getInt	1	-	-	summary	-
neutral	java.sql	ResultSet	0	getLong	1	-	-	summary	-
neutral	java.sql	ResultSet	0	getString	1	-	-	summary	-
neutral	java.sql	ResultSet	0	getTimestamp	1	-	-	summary	-
neutral	java.sql	ResultSet	0	next	0	-	-	summary	-
neutral	java.sql	Statement	0	close	0	-	-	summary	-
neutral	java.sql	Timestamp	0	Timestamp	1	-	-	summary	-
neutral	java.sql	Timestamp	0	getTime	0	-	-	summary	-
neutral	java.text	DateFormat	0	format	1	-	-	summary	-
neutral	java.text	DateFormat	0	parse	1	-	-	summary	-
neutral	java.text	Format	0	format	-	-	-	summary	-
neutral	java.text	MessageFormat	0	format	-	-	-	summary	-
neutral	java.text	SimpleDateFormat	0	SimpleDateFormat	1	-	-	summary	-
neutral	java.time	Clock	0	fixed	2	-	-	summary	-
neutral	java.time	Clock	0	getZone	0	-	-	summary	-
neutral	java.time	Clock	0	offset	2	-	-	summary	-
neutral	java.time	Clock	0	system	1	-	-	summary	-
neutral	java.time	Clock	0	tick	2	-	-	summary	-
neutral	java.time	Clock	0	tickMillis	1	-	-	summary	-
neutral	java.time	Clock	0	tickMinutes	1	-	-	summary	-
neutral	java.time	Clock	0	tickSeconds	1	-	-	summary	-
neutral	java.time	DayOfWeek	0	getDisplayName	2	-	-	summary	-
neutral	java.time	Duration	0	abs	0	-	-	summary	-
neutral	java.time	Duration	0	minus	1	-	-	summary	-
neutral	java.time	Duration	0	minus	2	-	-	summary	-
neutral	java.time	Duration	0	minusDays	1	-	-	summary	-
neutral	java.time	Duration	0	minusHours	1	-	-	summary	-
neutral	java.time	Duration	0	minusMillis	1	-	-	summary	-
neutral	java.time	Duration	0	minusMinutes	1	-	-	summary	-
neutral	java.time	Duration	0	minusNanos	1	-	-	summary	-
neutral	java.time	Duration	0	minusSeconds	1	-	-	summary	-
neutral	java.time	Duration	0	negated	0	-	-	summary	-
neutral	java.time	Duration	0	ofMillis	1	-	-	summary	-
neutral	java.time	Duration	0	ofMinutes	1	-	-	summary	-
neutral	java.time	Duration	0	ofSeconds	1	-	-	summary	-
neutral	java.time	Duration	0	plus	1	-	-	summary	-
neutral	java.time	Duration	0	plusDays	1	-	-	summary	-
neutral	java.time	Duration	0	plusHours	1	-	-	summary	-
neutral	java.time	Duration	0	plusMillis	1	-	-	summary	-
neutral	java.time	Duration	0	plusMinutes	1	-	-	summary	-
neutral	java.time	Duration	0	plusNanos	1	-	-	summary	-
neutral	java.time	Duration	0	plusSeconds	1	-	-	summary	-
neutral	java.time	Duration	0	toMillis	0	-	-	summary	-
neutral	java.time	Instant	0	atOffset	1	-	-	summary	-
neutral	java.time	Instant	0	atZone	1	-	-	summary	-
neutral	java.time	Instant	0	from	1	-	-	summary	-
neutral	java.time	Instant	0	minusMillis	1	-	-	summary	-
neutral	java.time	Instant	0	minusNanos	1	-	-	summary	-
neutral	java.time	Instant	0	minusSeconds	1	-	-	summary	-
neutral	java.time	Instant	0	now	0	-	-	summary	-
neutral	java.time	Instant	0	now	1	-	-	summary	-
neutral	java.time	Instant	0	ofEpochMilli	1	-	-	summary	-
neutral	java.time	Instant	0	parse	1	-	-	summary	-
neutral	java.time	Instant	0	plusMillis	1	-	-	summary	-
neutral	java.time	Instant	0	plusNanos	1	-	-	summary	-
neutral	java.time	Instant	0	plusSeconds	1	-	-	summary	-
neutral	java.time	Instant	0	toEpochMilli	0	-	-	summary	-
neutral	java.time	InstantSource	0	fixed	1	-	-	summary	-
neutral	java.time	InstantSource	0	instant	0	-	-	summary	-
neutral	java.time	InstantSource	0	offset	2	-	-	summary	-
neutral	java.time	InstantSource	0	tick	2	-	-	summary	-
neutral	java.time	InstantSource	0	withZone	1	-	-	summary	-
neutral	java.time	LocalDate	0	atStartOfDay	0	-	-	summary	-
neutral	java.time	LocalDate	0	atStartOfDay	1	-	-	summary	-
neutral	java.time	LocalDate	0	atTime	1	-	-	summary	-
neutral	java.time	LocalDate	0	atTime	2	-	-	summary	-
neutral	java.time	LocalDate	0	atTime	3	-	-	summary	-
neutral	java.time	LocalDate	0	atTime	4	-	-	summary	-
neutral	java.time	LocalDate	0	from	1	-	-	summary	-
neutral	java.time	LocalDate	0	minusDays	1	-	-	summary	-
neutral	java.time	LocalDate	0	minusMonths	1	-	-	summary	-
neutral	java.time	LocalDate	0	minusWeeks	1	-	-	summary	-
neutral	java.time	LocalDate	0	minusYears	1	-	-	summary	-
neutral	java.time	LocalDate	0	now	0	-	-	summary	-
neutral	java.time	LocalDate	0	of	3	-	-	summary	-
neutral	java.time	LocalDate	0	parse	1	-	-	summary	-
neutral	java.time	LocalDate	0	plusDays	1	-	-	summary	-
neutral	java.time	LocalDate	0	plusWeeks	1	-	-	summary	-
neutral	java.time	LocalDateTime	0	atOffset	1	-	-	summary	-
neutral	java.time	LocalDateTime	0	from	1	-	-	summary	-
neutral	java.time	LocalDateTime	0	minusDays	1	-	-	summary	-
neutral	java.time	LocalDateTime	0	minusHours	1	-	-	summary	-
neutral	java.time	LocalDateTime	0	minusMinutes	1	-	-	summary	-
neutral	java.time	LocalDateTime	0	minusMonths	1	-	-	summary	-
neutral	java.time	LocalDateTime	0	minusNanos	1	-	-	summary	-
neutral	java.time	LocalDateTime	0	minusSeconds	1	-	-	summary	-
neutral	java.time	LocalDateTime	0	minusWeeks	1	-	-	summary	-
neutral	java.time	LocalDateTime	0	minusYears	1	-	-	summary	-
neutral	java.time	LocalDateTime	0	now	0	-	-	summary	-
neutral	java.time	LocalDateTime	0	of	2	-	-	summary	-
neutral	java.time	LocalDateTime	0	of	6	-	-	summary	-
neutral	java.time	LocalDateTime	0	plusDays	1	-	-	summary	-
neutral	java.time	LocalDateTime	0	plusHours	1	-	-	summary	-
neutral	java.time	LocalDateTime	0	plusMinutes	1	-	-	summary	-
neutral	java.time	LocalDateTime	0	plusMonths	1	-	-	summary	-
neutral	java.time	LocalDateTime	0	plusNanos	1	-	-	summary	-
neutral	java.time	LocalDateTime	0	plusSeconds	1	-	-	summary	-
neutral	java.time	LocalDateTime	0	plusWeeks	1	-	-	summary	-
neutral	java.time	LocalDateTime	0	plusYears	1	-	-	summary	-
neutral	java.time	LocalDateTime	0	truncatedTo	1	-	-	summary	-
neutral	java.time	LocalDateTime	0	withDayOfMonth	1	-	-	summary	-
neutral	java.time	LocalDateTime	0	withDayOfYear	1	-	-	summary	-
neutral	java.time	LocalDateTime	0	withHour	1	-	-	summary	-
neutral	java.time	LocalDateTime	0	withMinute	1	-	-	summary	-
neutral	java.time	LocalDateTime	0	withMonth	1	-	-	summary	-
neutral	java.time	LocalDateTime	0	withNano	1	-	-	summary	-
neutral	java.time	LocalDateTime	0	withSecond	1	-	-	summary	-
neutral	java.time	LocalDateTime	0	withYear	1	-	-	summary	-
neutral	java.time	LocalTime	0	atDate	1	-	-	summary	-
neutral	java.time	LocalTime	0	atOffset	1	-	-	summary	-
neutral	java.time	LocalTime	0	format	1	-	-	summary	-
neutral	java.time	LocalTime	0	from	1	-	-	summary	-
neutral	java.time	LocalTime	0	minusHours	1	-	-	summary	-
neutral	java.time	LocalTime	0	minusMinutes	1	-	-	summary	-
neutral	java.time	LocalTime	0	minusNanos	1	-	-	summary	-
neutral	java.time	LocalTime	0	minusSeconds	1	-	-	summary	-
neutral	java.time	Month	0	getDisplayName	2	-	-	summary	-
neutral	java.time	MonthDay	0	format	1	-	-	summary	-
neutral	java.time	MonthDay	0	from	1	-	-	summary	-
neutral	java.time	MonthDay	0	withMonth	1	-	-	summary	-
neutral	java.time	OffsetDateTime	0	atZoneSameInstant	1	-	-	summary	-
neutral	java.time	OffsetDateTime	0	atZoneSimilarLocal	1	-	-	summary	-
neutral	java.time	OffsetDateTime	0	format	1	-	-	summary	-
neutral	java.time	OffsetDateTime	0	from	1	-	-	summary	-
neutral	java.time	OffsetDateTime	0	getOffset	0	-	-	summary	-
neutral	java.time	OffsetDateTime	0	minusDays	1	-	-	summary	-
neutral	java.time	OffsetDateTime	0	minusHours	1	-	-	summary	-
neutral	java.time	OffsetDateTime	0	minusMinutes	1	-	-	summary	-
neutral	java.time	OffsetDateTime	0	minusMonths	1	-	-	summary	-
neutral	java.time	OffsetDateTime	0	minusNanos	1	-	-	summary	-
neutral	java.time	OffsetDateTime	0	minusSeconds	1	-	-	summary	-
neutral	java.time	OffsetDateTime	0	minusWeeks	1	-	-	summary	-
neutral	java.time	OffsetDateTime	0	minusYears	1	-	-	summary	-
neutral	java.time	OffsetDateTime	0	now	1	-	-	summary	-
neutral	java.time	OffsetDateTime	0	of	2	-	-	summary	-
neutral	java.time	OffsetDateTime	0	of	3	-	-	summary	-
neutral	java.time	OffsetDateTime	0	of	8	-	-	summary	-
neutral	java.time	OffsetDateTime	0	ofInstant	2	-	-	summary	-
neutral	java.time	OffsetDateTime	0	plusDays	1	-	-	summary	-
neutral	java.time	OffsetDateTime	0	plusHours	1	-	-	summary	-
neutral	java.time	OffsetDateTime	0	plusMinutes	1	-	-	summary	-
neutral	java.time	OffsetDateTime	0	plusMonths	1	-	-	summary	-
neutral	java.time	OffsetDateTime	0	plusNanos	1	-	-	summary	-
neutral	java.time	OffsetDateTime	0	plusSeconds	1	-	-	summary	-
neutral	java.time	OffsetDateTime	0	plusWeeks	1	-	-	summary	-
neutral	java.time	OffsetDateTime	0	plusYears	1	-	-	summary	-
neutral	java.time	OffsetDateTime	0	toLocalDate	0	-	-	summary	-
neutral	java.time	OffsetDateTime	0	toLocalDateTime	0	-	-	summary	-
neutral	java.time	OffsetDateTime	0	toLocalTime	0	-	-	summary	-
neutral	java.time	OffsetDateTime	0	toOffsetTime	0	-	-	summary	-
neutral	java.time	OffsetDateTime	0	toZonedDateTime	0	-	-	summary	-
neutral	java.time	OffsetDateTime	0	truncatedTo	1	-	-	summary	-
neutral	java.time	OffsetDateTime	0	withDayOfMonth	1	-	-	summary	-
neutral	java.time	OffsetDateTime	0	withDayOfYear	1	-	-	summary	-
neutral	java.time	OffsetDateTime	0	withHour	1	-	-	summary	-
neutral	java.time	OffsetDateTime	0	withMinute	1	-	-	summary	-
neutral	java.time	OffsetDateTime	0	withMonth	1	-	-	summary	-
neutral	java.time	OffsetDateTime	0	withNano	1	-	-	summary	-
neutral	java.time	OffsetDateTime	0	withOffsetSameLocal	1	-	-	summary	-
neutral	java.time	OffsetDateTime	0	withSecond	1	-	-	summary	-
neutral	java.time	OffsetDateTime	0	withYear	1	-	-	summary	-
neutral	java.time	OffsetTime	0	atDate	1	-	-	summary	-
neutral	java.time	OffsetTime	0	format	1	-	-	summary	-
neutral	java.time	OffsetTime	0	from	1	-	-	summary	-
neutral	java.time	OffsetTime	0	getOffset	0	-	-	summary	-
neutral	java.time	OffsetTime	0	minusHours	1	-	-	summary	-
neutral	java.time	OffsetTime	0	minusMinutes	1	-	-	summary	-
neutral	java.time	OffsetTime	0	minusNanos	1	-	-	summary	-
neutral	java.time	OffsetTime	0	minusSeconds	1	-	-	summary	-
neutral	java.time	OffsetTime	0	now	1	-	-	summary	-
neutral	java.time	OffsetTime	0	of	2	-	-	summary	-
neutral	java.time	OffsetTime	0	of	5	-	-	summary	-
neutral	java.time	OffsetTime	0	ofInstant	2	-	-	summary	-
neutral	java.time	OffsetTime	0	plusHours	1	-	-	summary	-
neutral	java.time	OffsetTime	0	plusMinutes	1	-	-	summary	-
neutral	java.time	OffsetTime	0	plusNanos	1	-	-	summary	-
neutral	java.time	OffsetTime	0	plusSeconds	1	-	-	summary	-
neutral	java.time	OffsetTime	0	toLocalTime	0	-	-	summary	-
neutral	java.time	OffsetTime	0	truncatedTo	1	-	-	summary	-
neutral	java.time	OffsetTime	0	withHour	1	-	-	summary	-
neutral	java.time	OffsetTime	0	withMinute	1	-	-	summary	-
neutral	java.time	OffsetTime	0	withNano	1	-	-	summary	-
neutral	java.time	OffsetTime	0	withOffsetSameLocal	1	-	-	summary	-
neutral	java.time	OffsetTime	0	withSecond	1	-	-	summary	-
neutral	java.time	Period	0	from	1	-	-	summary	-
neutral	java.time	Period	0	minusDays	1	-	-	summary	-
neutral	java.time	Period	0	minusMonths	1	-	-	summary	-
neutral	java.time	Period	0	minusYears	1	-	-	summary	-
neutral	java.time	Year	0	format	1	-	-	summary	-
neutral	java.time	Year	0	from	1	-	-	summary	-
neutral	java.time	Year	0	minusYears	1	-	-	summary	-
neutral	java.time	YearMonth	0	format	1	-	-	summary	-
neutral	java.time	YearMonth	0	from	1	-	-	summary	-
neutral	java.time	YearMonth	0	minusMonths	1	-	-	summary	-
neutral	java.time	YearMonth	0	minusYears	1	-	-	summary	-
neutral	java.time	YearMonth	0	withMonth	1	-	-	summary	-
neutral	java.time	YearMonth	0	withYear	1	-	-	summary	-
neutral	java.time	ZoneId	0	from	1	-	-	summary	-
neutral	java.time	ZoneId	0	getDisplayName	2	-	-	summary	-
neutral	java.time	ZoneId	0	getId	0	-	-	summary	-
neutral	java.time	ZoneId	0	getRules	0	-	-	summary	-
neutral	java.time	ZoneId	0	of	1	-	-	summary	-
neutral	java.time	ZoneId	0	of	2	-	-	summary	-
neutral	java.time	ZoneId	0	ofOffset	2	-	-	summary	-
neutral	java.time	ZoneId	0	systemDefault	0	-	-	summary	-
neutral	java.time	ZoneOffset	0	from	1	-	-	summary	-
neutral	java.time	ZonedDateTime	0	from	1	-	-	summary	-
neutral	java.time	ZonedDateTime	0	minusDays	1	-	-	summary	-
neutral	java.time	ZonedDateTime	0	minusHours	1	-	-	summary	-
neutral	java.time	ZonedDateTime	0	minusMinutes	1	-	-	summary	-
neutral	java.time	ZonedDateTime	0	minusMonths	1	-	-	summary	-
neutral	java.time	ZonedDateTime	0	minusNanos	1	-	-	summary	-
neutral	java.time	ZonedDateTime	0	minusSeconds	1	-	-	summary	-
neutral	java.time	ZonedDateTime	0	minusWeeks	1	-	-	summary	-
neutral	java.time	ZonedDateTime	0	minusYears	1	-	-	summary	-
neutral	java.time	ZonedDateTime	0	now	0	-	-	summary	-
neutral	java.time	ZonedDateTime	0	now	1	-	-	summary	-
neutral	java.time	ZonedDateTime	0	of	2	-	-	summary	-
neutral	java.time	ZonedDateTime	0	of	3	-	-	summary	-
neutral	java.time	ZonedDateTime	0	of	8	-	-	summary	-
neutral	java.time	ZonedDateTime	0	ofInstant	2	-	-	summary	-
neutral	java.time	ZonedDateTime	0	ofInstant	3	-	-	summary	-
neutral	java.time	ZonedDateTime	0	ofLocal	3	-	-	summary	-
neutral	java.time	ZonedDateTime	0	ofStrict	3	-	-	summary	-
neutral	java.time	ZonedDateTime	0	plusDays	1	-	-	summary	-
neutral	java.time	ZonedDateTime	0	plusHours	1	-	-	summary	-
neutral	java.time	ZonedDateTime	0	plusMinutes	1	-	-	summary	-
neutral	java.time	ZonedDateTime	0	plusMonths	1	-	-	summary	-
neutral	java.time	ZonedDateTime	0	plusNanos	1	-	-	summary	-
neutral	java.time	ZonedDateTime	0	plusSeconds	1	-	-	summary	-
neutral	java.time	ZonedDateTime	0	plusWeeks	1	-	-	summary	-
neutral	java.time	ZonedDateTime	0	plusYears	1	-	-	summary	-
neutral	java.time	ZonedDateTime	0	toOffsetDateTime	0	-	-	summary	-
neutral	java.time	ZonedDateTime	0	truncatedTo	1	-	-	summary	-
neutral	java.time	ZonedDateTime	0	withDayOfMonth	1	-	-	summary	-
neutral	java.time	ZonedDateTime	0	withDayOfYear	1	-	-	summary	-
neutral	java.time	ZonedDateTime	0	withFixedOffsetZone	0	-	-	summary	-
neutral	java.time	ZonedDateTime	0	withHour	1	-	-	summary	-
neutral	java.time	ZonedDateTime	0	withMinute	1	-	-	summary	-
neutral	java.time	ZonedDateTime	0	withMonth	1	-	-	summary	-
neutral	java.time	ZonedDateTime	0	withNano	1	-	-	summary	-
neutral	java.time	ZonedDateTime	0	withSecond	1	-	-	summary	-
neutral	java.time	ZonedDateTime	0	withYear	1	-	-	summary	-
neutral	java.time.chrono	ChronoLocalDate	0	atTime	1	-	-	summary	-
neutral	java.time.chrono	ChronoLocalDate	0	format	1	-	-	summary	-
neutral	java.time.chrono	ChronoLocalDate	0	from	1	-	-	summary	-
neutral	java.time.chrono	ChronoLocalDate	0	getChronology	0	-	-	summary	-
neutral	java.time.chrono	ChronoLocalDate	0	getEra	0	-	-	summary	-
neutral	java.time.chrono	ChronoLocalDate	0	until	1	-	-	summary	-
neutral	java.time.chrono	ChronoLocalDateTime	0	format	1	-	-	summary	-
neutral	java.time.chrono	ChronoLocalDateTime	0	from	1	-	-	summary	-
neutral	java.time.chrono	ChronoLocalDateTime	0	getChronology	0	-	-	summary	-
neutral	java.time.chrono	ChronoPeriod	0	between	2	-	-	summary	-
neutral	java.time.chrono	ChronoPeriod	0	getChronology	0	-	-	summary	-
neutral	java.time.chrono	ChronoPeriod	0	minus	1	-	-	summary	-
neutral	java.time.chrono	ChronoPeriod	0	negated	0	-	-	summary	-
neutral	java.time.chrono	ChronoPeriod	0	plus	1	-	-	summary	-
neutral	java.time.chrono	ChronoZonedDateTime	0	format	1	-	-	summary	-
neutral	java.time.chrono	ChronoZonedDateTime	0	from	1	-	-	summary	-
neutral	java.time.chrono	ChronoZonedDateTime	0	toInstant	0	-	-	summary	-
neutral	java.time.chrono	ChronoZonedDateTime	0	toLocalDate	0	-	-	summary	-
neutral	java.time.chrono	ChronoZonedDateTime	0	toLocalTime	0	-	-	summary	-
neutral	java.time.chrono	Chronology	0	date	1	-	-	summary	-
neutral	java.time.chrono	Chronology	0	date	3	-	-	summary	-
neutral	java.time.chrono	Chronology	0	date	4	-	-	summary	-
neutral	java.time.chrono	Chronology	0	dateEpochDay	1	-	-	summary	-
neutral	java.time.chrono	Chronology	0	dateNow	0	-	-	summary	-
neutral	java.time.chrono	Chronology	0	dateNow	1	-	-	summary	-
neutral	java.time.chrono	Chronology	0	dateYearDay	2	-	-	summary	-
neutral	java.time.chrono	Chronology	0	dateYearDay	3	-	-	summary	-
neutral	java.time.chrono	Chronology	0	from	1	-	-	summary	-
neutral	java.time.chrono	Chronology	0	getCalendarType	0	-	-	summary	-
neutral	java.time.chrono	Chronology	0	getDisplayName	2	-	-	summary	-
neutral	java.time.chrono	Chronology	0	getId	0	-	-	summary	-
neutral	java.time.chrono	Chronology	0	localDateTime	1	-	-	summary	-
neutral	java.time.chrono	Chronology	0	period	3	-	-	summary	-
neutral	java.time.chrono	Chronology	0	resolveDate	2	-	-	summary	-
neutral	java.time.chrono	Chronology	0	zonedDateTime	1	-	-	summary	-
neutral	java.time.chrono	Chronology	0	zonedDateTime	2	-	-	summary	-
neutral	java.time.chrono	Era	0	getDisplayName	2	-	-	summary	-
neutral	java.time.chrono	HijrahDate	0	from	1	-	-	summary	-
neutral	java.time.chrono	JapaneseDate	0	from	1	-	-	summary	-
neutral	java.time.chrono	JapaneseDate	0	of	4	-	-	summary	-
neutral	java.time.chrono	MinguoDate	0	from	1	-	-	summary	-
neutral	java.time.chrono	ThaiBuddhistDate	0	from	1	-	-	summary	-
neutral	java.time.format	DateTimeFormatter	0	format	1	-	-	summary	-
neutral	java.time.format	DateTimeFormatter	0	ofPattern	1	-	-	summary	-
neutral	java.time.temporal	Temporal	0	minus	1	-	-	summary	-
neutral	java.time.temporal	Temporal	0	minus	2	-	-	summary	-
neutral	java.time.temporal	Temporal	0	plus	1	-	-	summary	-
neutral	java.time.temporal	Temporal	0	plus	2	-	-	summary	-
neutral	java.time.temporal	Temporal	0	with	1	-	-	summary	-
neutral	java.time.temporal	Temporal	0	with	2	-	-	summary	-
neutral	java.time.temporal	TemporalAccessor	0	query	1	-	-	summary	-
neutral	java.time.temporal	TemporalAccessor	0	range	1	-	-	summary	-
neutral	java.time.temporal	TemporalAdjuster	0	adjustInto	1	-	-	summary	-
neutral	java.time.temporal	TemporalAmount	0	addTo	1	-	-	summary	-
neutral	java.time.temporal	TemporalAmount	0	subtractFrom	1	-	-	summary	-
neutral	java.time.temporal	TemporalField	0	adjustInto	2	-	-	summary	-
neutral	java.time.temporal	TemporalField	0	getBaseUnit	0	-	-	summary	-
neutral	java.time.temporal	TemporalField	0	getDisplayName	1	-	-	summary	-
neutral	java.time.temporal	TemporalField	0	getRangeUnit	0	-	-	summary	-
neutral	java.time.temporal	TemporalField	0	range	0	-	-	summary	-
neutral	java.time.temporal	TemporalField	0	rangeRefinedBy	1	-	-	summary	-
neutral	java.time.temporal	TemporalField	0	resolve	3	-	-	summary	-
neutral	java.time.temporal	TemporalUnit	0	addTo	2	-	-	summary	-
neutral	java.time.temporal	WeekFields	0	dayOfWeek	0	-	-	summary	-
neutral	java.time.temporal	WeekFields	0	weekBasedYear	0	-	-	summary	-
neutral	java.time.temporal	WeekFields	0	weekOfMonth	0	-	-	summary	-
neutral	java.time.temporal	WeekFields	0	weekOfWeekBasedYear	0	-	-	summary	-
neutral	java.time.temporal	WeekFields	0	weekOfYear	0	-	-	summary	-
neutral	java.time.zone	TimeDefinition	0	createDateTime	3	-	-	summary	-
neutral	java.time.zone	ZoneOffsetTransition	0	getDateTimeAfter	0	-	-	summary	-
neutral	java.time.zone	ZoneOffsetTransition	0	getDateTimeBefore	0	-	-	summary	-
neutral	java.time.zone	ZoneOffsetTransition	0	getOffsetAfter	0	-	-	summary	-
neutral	java.time.zone	ZoneOffsetTransition	0	getOffsetBefore	0	-	-	summary	-
neutral	java.time.zone	ZoneOffsetTransition	0	of	3	-	-	summary	-
neutral	java.time.zone	ZoneOffsetTransitionRule	0	createTransition	1	-	-	summary	-
neutral	java.time.zone	ZoneOffsetTransitionRule	0	getLocalTime	0	-	-	summary	-
neutral	java.time.zone	ZoneOffsetTransitionRule	0	getOffsetAfter	0	-	-	summary	-
neutral	java.time.zone	ZoneOffsetTransitionRule	0	getOffsetBefore	0	-	-	summary	-
neutral	java.time.zone	ZoneOffsetTransitionRule	0	getStandardOffset	0	-	-	summary	-
neutral	java.time.zone	ZoneOffsetTransitionRule	0	of	9	-	-	summary	-
neutral	java.time.zone	ZoneRules	0	getOffset	1	-	-	summary	-
neutral	java.time.zone	ZoneRules	0	getStandardOffset	1	-	-	summary	-
neutral	java.time.zone	ZoneRules	0	getTransition	1	-	-	summary	-
neutral	java.time.zone	ZoneRules	0	getTransitionRules	0	-	-	summary	-
neutral	java.time.zone	ZoneRules	0	getTransitions	0	-	-	summary	-
neutral	java.time.zone	ZoneRules	0	getValidOffsets	1	-	-	summary	-
neutral	java.time.zone	ZoneRules	0	nextTransition	1	-	-	summary	-
neutral	java.time.zone	ZoneRules	0	of	1	-	-	summary	-
neutral	java.time.zone	ZoneRules	0	of	5	-	-	summary	-
neutral	java.time.zone	ZoneRules	0	previousTransition	1	-	-	summary	-
neutral	java.util	ArrayList	0	ArrayList	1	-	-	summary	-
neutral	java.util	ArrayList	0	isEmpty	0	-	-	summary	-
neutral	java.util	ArrayList	0	size	0	-	-	summary	-
neutral	java.util	Arrays	0	deepToString	1	-	-	summary	-
neutral	java.util	Arrays	0	toString	1	-	-	summary	-
neutral	java.util	Builder	0	addUnicodeLocaleAttribute	1	-	-	summary	-
neutral	java.util	Builder	0	build	0	-	-	summary	-
neutral	java.util	Builder	0	clear	0	-	-	summary	-
neutral	java.util	Builder	0	clearExtensions	0	-	-	summary	-
neutral	java.util	Builder	0	removeUnicodeLocaleAttribute	1	-	-	summary	-
neutral	java.util	Builder	0	setExtension	2	-	-	summary	-
neutral	java.util	Builder	0	setLanguage	1	-	-	summary	-
neutral	java.util	Builder	0	setLanguageTag	1	-	-	summary	-
neutral	java.util	Builder	0	setLocale	1	-	-	summary	-
neutral	java.util	Builder	0	setRegion	1	-	-	summary	-
neutral	java.util	Builder	0	setScript	1	-	-	summary	-
neutral	java.util	Builder	0	setUnicodeLocaleKeyword	2	-	-	summary	-
neutral	java.util	Builder	0	setVariant	1	-	-	summary	-
neutral	java.util	Calendar	0	add	2	-	-	summary	-
neutral	java.util	Calendar	0	get	1	-	-	summary	-
neutral	java.util	Calendar	0	getInstance	0	-	-	summary	-
neutral	java.util	Calendar	0	getTime	0	-	-	summary	-
neutral	java.util	Calendar	0	getTimeInMillis	0	-	-	summary	-
neutral	java.util	Calendar	0	set	2	-	-	summary	-
neutral	java.util	Calendar	0	setTime	1	-	-	summary	-
neutral	java.util	Collection	0	contains	1	-	-	summary	-
neutral	java.util	Collection	0	containsAll	1	-	-	summary	-
neutral	java.util	Collection	0	isEmpty	0	-	-	summary	-
neutral	java.util	Collection	0	remove	1	-	-	summary	-
neutral	java.util	Collection	0	removeIf	1	-	-	summary	-
neutral	java.util	Collection	0	size	0	-	-	summary	-
neutral	java.util	Collections	0	emptyList	0	-	-	summary	-
neutral	java.util	Collections	0	emptyMap	0	-	-	summary	-
neutral	java.util	Collections	0	emptySet	0	-	-	summary	-
neutral	java.util	Collections	0	newSetFromMap	-	-	-	summary	-
neutral	java.util	Collections	0	reverseOrder	-	-	-	summary	-
neutral	java.util	Collections	0	sort	-	-	-	summary	-
neutral	java.util	Date	0	Date	1	-	-	summary	-
neutral	java.util	Date	0	from	1	-	-	summary	-
neutral	java.util	Date	0	getTime	0	-	-	summary	-
neutral	java.util	Date	0	toInstant	0	-	-	summary	-
neutral	java.util	EnumSet	0	allOf	1	-	-	summary	-
neutral	java.util	EnumSet	0	clone	0	-	-	summary	-
neutral	java.util	EnumSet	0	complementOf	1	-	-	summary	-
neutral	java.util	EnumSet	0	copyOf	1	-	-	summary	-
neutral	java.util	EnumSet	0	noneOf	1	-	-	summary	-
neutral	java.util	EnumSet	0	of	-	-	-	summary	-
neutral	java.util	EnumSet	0	range	2	-	-	summary	-
neutral	java.util	Enumeration	0	hasMoreElements	0	-	-	summary	-
neutral	java.util	HashMap	0	HashMap	1	-	-	summary	-
neutral	java.util	HashMap	0	containsKey	1	-	-	summary	-
neutral	java.util	HashMap	0	size	0	-	-	summary	-
neutral	java.util	HashSet	0	HashSet	1	-	-	summary	-
neutral	java.util	Iterator	0	hasNext	0	-	-	summary	-
neutral	java.util	Iterator	0	remove	0	-	-	summary	-
neutral	java.util	LanguageRange	0	LanguageRange	1	-	-	summary	-
neutral	java.util	LanguageRange	0	LanguageRange	2	-	-	summary	-
neutral	java.util	LanguageRange	0	getRange	0	-	-	summary	-
neutral	java.util	LanguageRange	0	mapEquivalents	2	-	-	summary	-
neutral	java.util	LanguageRange	0	parse	1	-	-	summary	-
neutral	java.util	LanguageRange	0	parse	2	-	-	summary	-
neutral	java.util	List	0	contains	1	-	-	summary	-
neutral	java.util	List	0	equals	1	-	-	summary	-
neutral	java.util	List	0	hashCode	0	-	-	summary	-
neutral	java.util	List	0	indexOf	1	-	-	summary	-
neutral	java.util	List	0	isEmpty	0	-	-	summary	-
neutral	java.util	List	0	of	0	-	-	summary	-
neutral	java.util	List	0	remove	1	-	-	summary	-
neutral	java.util	List	0	size	0	-	-	summary	-
neutral	java.util	List	0	sort	1	-	-	summary	-
neutral	java.util	Locale	0	Locale	1	-	-	summary	-
neutral	java.util	Locale	0	Locale	2	-	-	summary	-
neutral	java.util	Locale	0	Locale	3	-	-	summary	-
neutral	java.util	Locale	0	filterTags	2	-	-	summary	-
neutral	java.util	Locale	0	filterTags	3	-	-	summary	-
neutral	java.util	Locale	0	forLanguageTag	1	-	-	summary	-
neutral	java.util	Locale	0	getCountry	0	-	-	summary	-
neutral	java.util	Locale	0	getDisplayCountry	0	-	-	summary	-
neutral	java.util	Locale	0	getDisplayCountry	1	-	-	summary	-
neutral	java.util	Locale	0	getDisplayLanguage	0	-	-	summary	-
neutral	java.util	Locale	0	getDisplayLanguage	1	-	-	summary	-
neutral	java.util	Locale	0	getDisplayName	0	-	-	summary	-
neutral	java.util	Locale	0	getDisplayName	1	-	-	summary	-
neutral	java.util	Locale	0	getDisplayScript	0	-	-	summary	-
neutral	java.util	Locale	0	getDisplayScript	1	-	-	summary	-
neutral	java.util	Locale	0	getDisplayVariant	0	-	-	summary	-
neutral	java.util	Locale	0	getDisplayVariant	1	-	-	summary	-
neutral	java.util	Locale	0	getExtensionKeys	0	-	-	summary	-
neutral	java.util	Locale	0	getISO3Language	0	-	-	summary	-
neutral	java.util	Locale	0	getLanguage	0	-	-	summary	-
neutral	java.util	Locale	0	getScript	0	-	-	summary	-
neutral	java.util	Locale	0	getVariant	0	-	-	summary	-
neutral	java.util	Locale	0	lookupTag	2	-	-	summary	-
neutral	java.util	Locale	0	stripExtensions	0	-	-	summary	-
neutral	java.util	Locale	0	toLanguageTag	0	-	-	summary	-
neutral	java.util	Map	0	clear	0	-	-	summary	-
neutral	java.util	Map	0	containsKey	1	-	-	summary	-
neutral	java.util	Map	0	isEmpty	0	-	-	summary	-
neutral	java.util	Map	0	size	0	-	-	summary	-
neutral	java.util	Objects	0	equals	2	-	-	summary	-
neutral	java.util	Objects	0	hash	1	-	-	summary	-
neutral	java.util	Objects	0	hashCode	1	-	-	summary	-
neutral	java.util	Objects	0	isNull	1	-	-	summary	-
neutral	java.util	Objects	0	nonNull	1	-	-	summary	-
neutral	java.util	Optional	0	empty	0	-	-	summary	-
neutral	java.util	Optional	0	isEmpty	0	-	-	summary	-
neutral	java.util	Optional	0	isPresent	0	-	-	summary	-
neutral	java.util	Random	0	nextInt	1	-	-	summary	-
neutral	java.util	ResourceBundle	0	getBundle	-	-	-	summary	-
neutral	java.util	Scanner	0	delimiter	0	-	-	summary	-
neutral	java.util	Scanner	0	hasNext	1	-	-	summary	-
neutral	java.util	Scanner	0	ioException	0	-	-	summary	-
neutral	java.util	Scanner	0	locale	0	-	-	summary	-
neutral	java.util	Set	0	contains	1	-	-	summary	-
neutral	java.util	Set	0	isEmpty	0	-	-	summary	-
neutral	java.util	Set	0	remove	1	-	-	summary	-
neutral	java.util	Set	0	removeAll	1	-	-	summary	-
neutral	java.util	Set	0	size	0	-	-	summary	-
neutral	java.util	TimeZone	0	getTimeZone	1	-	-	summary	-
neutral	java.util	TreeMap	0	TreeMap	1	-	-	summary	-
neutral	java.util	TreeSet	0	TreeSet	1	-	-	summary	-
neutral	java.util	UUID	0	equals	1	-	-	summary	-
neutral	java.util	UUID	0	fromString	1	-	-	summary	-
neutral	java.util	UUID	0	randomUUID	0	-	-	summary	-
neutral	java.util	UUID	0	toString	0	-	-	summary	-
neutral	java.util	Vector	0	size	0	-	-	summary	-
neutral	java.util.concurrent	CompletableFuture	0	completeExceptionally	1	-	-	summary	-
neutral	java.util.concurrent	CompletableFuture	0	isDone	0	-	-	summary	-
neutral	java.util.concurrent	CountDownLatch	0	CountDownLatch	1	-	-	summary	-
neutral	java.util.concurrent	CountDownLatch	0	await	-	-	-	summary	-
neutral	java.util.concurrent	CountDownLatch	0	countDown	0	-	-	summary	-
neutral	java.util.concurrent	CountDownLatch	0	getCount	0	-	-	summary	-
neutral	java.util.concurrent	Executor	0	execute	1	-	-	summary	-
neutral	java.util.concurrent	ExecutorService	0	shutdown	0	-	-	summary	-
neutral	java.util.concurrent	TimeUnit	0	toMillis	1	-	-	summary	-
neutral	java.util.concurrent.atomic	AtomicBoolean	0	AtomicBoolean	1	-	-	summary	-
neutral	java.util.concurrent.atomic	AtomicBoolean	0	compareAndSet	2	-	-	summary	-
neutral	java.util.concurrent.atomic	AtomicBoolean	0	get	0	-	-	summary	-
neutral	java.util.concurrent.atomic	AtomicBoolean	0	set	1	-	-	summary	-
neutral	java.util.concurrent.atomic	AtomicInteger	0	AtomicInteger	1	-	-	summary	-
neutral	java.util.concurrent.atomic	AtomicInteger	0	get	0	-	-	summary	-
neutral	java.util.concurrent.atomic	AtomicInteger	0	incrementAndGet	0	-	-	summary	-
neutral	java.util.concurrent.atomic	AtomicLong	0	AtomicLong	1	-	-	summary	-
neutral	java.util.concurrent.atomic	AtomicLong	0	addAndGet	1	-	-	summary	-
neutral	java.util.concurrent.atomic	AtomicLong	0	get	0	-	-	summary	-
neutral	java.util.concurrent.atomic	AtomicLong	0	incrementAndGet	0	-	-	summary	-
neutral	java.util.concurrent.locks	Lock	0	lock	0	-	-	summary	-
neutral	java.util.concurrent.locks	Lock	0	unlock	0	-	-	summary	-
neutral	java.util.function	Function	0	identity	0	-	-	summary	-
neutral	java.util.logging	Handler	0	getEncoding	0	-	-	summary	-
neutral	java.util.logging	LogRecord	0	getResourceBundle	0	-	-	summary	-
neutral	java.util.logging	Logger	0	isLoggable	1	-	-	summary	-
neutral	java.util.prefs	Preferences	0	get	2	-	-	summary	-
neutral	java.util.prefs	Preferences	0	getBoolean	2	-	-	summary	-
neutral	java.util.prefs	Preferences	0	getByteArray	2	-	-	summary	-
neutral	java.util.prefs	Preferences	0	getDouble	2	-	-	summary	-
neutral	java.util.prefs	Preferences	0	getFloat	2	-	-	summary	-
neutral	java.util.prefs	Preferences	0	getInt	2	-	-	summary	-
neutral	java.util.prefs	Preferences	0	getLong	2	-	-	summary	-
neutral	java.util.prefs	Preferences	0	put	2	-	-	summary	-
neutral	java.util.prefs	Preferences	0	putBoolean	2	-	-	summary	-
neutral	java.util.prefs	Preferences	0	putByteArray	2	-	-	summary	-
neutral	java.util.prefs	Preferences	0	putDouble	2	-	-	summary	-
neutral	java.util.prefs	Preferences	0	putFloat	2	-	-	summary	-
neutral	java.util.prefs	Preferences	0	putInt	2	-	-	summary	-
neutral	java.util.prefs	Preferences	0	putLong	2	-	-	summary	-
neutral	java.util.regex	Matcher	0	appendReplacement	2	-	-	summary	-
neutral	java.util.regex	Matcher	0	appendTail	1	-	-	summary	-
neutral	java.util.regex	Matcher	0	find	0	-	-	summary	-
neutral	java.util.regex	Matcher	0	pattern	0	-	-	summary	-
neutral	java.util.regex	Pattern	0	compile	2	-	-	summary	-
neutral	java.util.regex	Pattern	0	pattern	0	-	-	summary	-
neutral	java.util.stream	Collectors	0	joining	-	-	-	summary	-
neutral	java.util.stream	Collectors	0	toList	0	-	-	summary	-
neutral	java.util.stream	Collectors	0	toMap	-	-	-	summary	-
neutral	java.util.stream	Collectors	0	toSet	0	-	-	summary	-
neutral	java.util.stream	IntStream	0	range	2	-	-	summary	-
neutral	java.util.stream	Stream	0	collect	1	-	-	summary	-
neutral	java.util.stream	Stream	0	count	0	-	-	summary	-
neutral	javax.crypto	Cipher	0	doFinal	-	-	-	summary	-
neutral	javax.crypto	Cipher	0	getAlgorithm	-	-	-	summary	-
neutral	javax.crypto	Cipher	0	getExemptionMechanism	-	-	-	summary	-
neutral	javax.crypto	Cipher	0	getIV	-	-	-	summary	-
neutral	javax.crypto	Cipher	0	getInstance	-	-	-	summary	-
neutral	javax.crypto	Cipher	0	getParameters	-	-	-	summary	-
neutral	javax.crypto	Cipher	0	getProvider	-	-	-	summary	-
neutral	javax.crypto	Cipher	0	init	-	-	-	summary	-
neutral	javax.crypto	Cipher	0	toString	-	-	-	summary	-
neutral	javax.crypto	Cipher	0	unwrap	-	-	-	summary	-
neutral	javax.crypto	Cipher	0	update	-	-	-	summary	-
neutral	javax.crypto	Cipher	0	updateAAD	-	-	-	summary	-
neutral	javax.crypto	Cipher	0	wrap	-	-	-	summary	-
neutral	javax.crypto	Mac	0	doFinal	0	-	-	summary	-
neutral	javax.crypto	Mac	0	init	1	-	-	summary	-
neutral	javax.crypto.spec	SecretKeySpec	0	SecretKeySpec	2	-	-	summary	-
neutral	javax.crypto.spec	SecretKeySpec	0	SecretKeySpec	4	-	-	summary	-
barrier	hudson	Util	1	escape	1	-	ret	html-injection	-
barrier	java.util.regex	Pattern	0	quote	1	-	ret	regex-use	-
barrier	org.owasp.esapi	Validator	1	getValidCreditCard	-	-	ret	trust-boundary-violation	-
barrier	org.owasp.esapi	Validator	1	getValidDate	-	-	ret	trust-boundary-violation	-
barrier	org.owasp.esapi	Validator	1	getValidDirectoryPath	-	-	ret	trust-boundary-violation	-
barrier	org.owasp.esapi	Validator	1	getValidDouble	-	-	ret	trust-boundary-violation	-
barrier	org.owasp.esapi	Validator	1	getValidFileContent	-	-	ret	trust-boundary-violation	-
barrier	org.owasp.esapi	Validator	1	getValidFileName	-	-	ret	trust-boundary-violation	-
barrier	org.owasp.esapi	Validator	1	getValidInput	-	-	ret	trust-boundary-violation	-
barrier	org.owasp.esapi	Validator	1	getValidInteger	-	-	ret	trust-boundary-violation	-
barrier	org.owasp.esapi	Validator	1	getValidListItem	-	-	ret	trust-boundary-violation	-
barrier	org.owasp.esapi	Validator	1	getValidNumber	-	-	ret	trust-boundary-violation	-
barrier	org.owasp.esapi	Validator	1	getValidPrintable	-	-	ret	trust-boundary-violation	-
barrier	org.owasp.esapi	Validator	1	getValidRedirectLocation	-	-	ret	trust-boundary-violation	-
barrier	org.owasp.esapi	Validator	1	getValidSafeHTML	-	-	ret	trust-boundary-violation	-
barrier	org.owasp.esapi	Validator	1	getValidURI	-	-	ret	trust-boundary-violation	-
guard	java.net	URI	1	isAbsolute	0	recv	-	request-forgery	F
guard	org.owasp.esapi	Validator	1	isValidCreditCard	-	arg1	-	trust-boundary-violation	T
guard	org.owasp.esapi	Validator	1	isValidDate	-	arg1	-	trust-boundary-violation	T
guard	org.owasp.esapi	Validator	1	isValidDirectoryPath	-	arg1	-	trust-boundary-violation	T
guard	org.owasp.esapi	Validator	1	isValidDouble	-	arg1	-	trust-boundary-violation	T
guard	org.owasp.esapi	Validator	1	isValidFileContent	-	arg1	-	trust-boundary-violation	T
guard	org.owasp.esapi	Validator	1	isValidFileName	-	arg1	-	trust-boundary-violation	T
guard	org.owasp.esapi	Validator	1	isValidInput	-	arg1	-	trust-boundary-violation	T
guard	org.owasp.esapi	Validator	1	isValidInteger	-	arg1	-	trust-boundary-violation	T
guard	org.owasp.esapi	Validator	1	isValidListItem	-	arg1	-	trust-boundary-violation	T
guard	org.owasp.esapi	Validator	1	isValidNumber	-	arg1	-	trust-boundary-violation	T
guard	org.owasp.esapi	Validator	1	isValidPrintable	-	arg1	-	trust-boundary-violation	T
guard	org.owasp.esapi	Validator	1	isValidRedirectLocation	-	arg1	-	trust-boundary-violation	T
guard	org.owasp.esapi	Validator	1	isValidSafeHTML	-	arg1	-	trust-boundary-violation	T
guard	org.owasp.esapi	Validator	1	isValidURI	-	arg1	-	trust-boundary-violation	T
